757450  835.356000
892772  656.786000
1025986  112.000000
1026032  2321.170000
1026957  169.948000
1027438  985.489000
1161345  232.472000
1161949  1558.600000
1164301  3091.980000
1293031  1326.540000
1293046  3127.900000
1293379  2138.890000
1297263  1262.720000
1429589  nan
1430305  1013.960000
1431122  664.002000
1432214  1768.560000
1432789  1780.380000
1433531  612.356000
1433962  483.603000
1433980  3708.450000
1434395  2365.860000
1571511  774.169000
1572948  2176.400000
1575690  nan
1575873  447.261000
1717528  1000.700000
1717722  592.711000
1718189  613.129000
1718958  428.514000
1721157  607.424000
1722276  1063.810000
1723078  1196.740000
1724513  1566.170000
1724719  945.454000
1725016  1705.990000
1725193  2695.370000
1725415  1776.170000
1849702  423.348000
1865042  nan
1865864  617.626000
1868404  937.501000
1870398  2205.090000
1871056  942.173000
1871483  796.975000
1872821  871.810000
1873513  258.979000
1995519  1404.940000
1995712  991.392000
1995732  3475.360000
1996180  831.991000
1996399  209.229000
1996679  1529.860000
2010152  448.613000
2010191  1766.680000
2010607  622.303000
2012722  541.530000
2013883  601.790000
2014991  690.785000
2015013  772.539000
2019076  nan
2019199  1272.020000
2019477  1252.650000
2021440  781.246000
2140389  2826.960000
2141783  1212.510000
2142501  324.591000
2142522  559.598000
2157247  868.582000
2158460  1584.460000
2161536  395.196000
2161623  2001.290000
2161949  817.243000
2162635  1073.900000
2162994  1561.100000
2163226  2255.920000
2164169  1289.410000
2165002  754.747000
2165352  458.256000
2166200  5139.800000
2166206  862.438000
2167444  1288.390000
2167890  2151.440000
2283362  1056.340000
2284957  1274.940000
2299738  387.073000
2301068  820.817000
2302548  317.499000
2302758  1070.640000
2302997  244.493000
2303903  1109.450000
2304320  nan
2305255  2258.170000
2305311  nan
2305372  1334.370000
2305543  533.942000
2305819  240.172000
2305866  961.142000
2306740  1451.100000
2306756  nan
2307199  976.449000
2307206  1601.290000
2307415  707.559000
2308411  1423.320000
2308957  2644.090000
2309585  1636.860000
2309587  937.537000
2309719  1710.650000
2309910  1413.700000
2310993  2311.920000
2422820  1038.080000
2436378  nan
2437060  3652.310000
2437112  6384.480000
2437149  3634.530000
2437209  3867.190000
2437452  nan
2437488  5054.150000
2437505  3297.030000
2437653  4753.900000
2437783  3922.520000
2437804  4853.490000
2437897  4232.780000
2438061  2674.870000
2438062  nan
2438070  748.027000
2438264  443.483000
2438406  3615.180000
2438490  3914.770000
2438502  3706.430000
2438513  619.146000
2438517  3023.470000
2439243  1306.530000
2440757  1627.610000
2441151  808.039000
2441161  2308.420000
2441495  344.901000
2441728  550.235000
2442084  459.173000
2442359  1541.090000
2442448  1119.450000
2443393  747.216000
2444412  305.193000
2445129  1598.380000
2445134  928.420000
2445154  473.541000
2445975  902.536000
2446113  1205.990000
2446134  1310.000000
2446623  2593.910000
2449053  689.679000
2449074  703.775000
2449090  4975.720000
2449101  125.883000
2449245  1287.310000
2449431  664.535000
2450716  454.294000
2452289  623.638000
2452440  3379.990000
2452450  925.872000
2554853  1348.480000
2555080  6088.900000
2556650  289.899000
2557350  nan
2557430  335.595000
2557816  853.977000
2558163  1607.370000
2558363  1116.060000
2558370  nan
2568971  1671.940000
2569488  3738.210000
2569494  2499.620000
2569516  1252.510000
2569995  4700.380000
2570432  5485.130000
2570505  291.171000
2570767  1123.010000
2570773  890.761000
2571075  1315.520000
2571238  218.562000
2572029  682.547000
2573056  2067.630000
2573108  1070.390000
2574201  231.742000
2574338  2080.510000
2574543  3099.890000
2576107  1254.570000
2576197  1881.120000
2576224  1212.110000
2576692  782.746000
2576962  1039.890000
2577353  929.257000
2578017  2290.560000
2578811  4512.780000
2579043  1580.840000
2580872  2154.690000
2581191  879.586000
2581316  397.292000
2581554  206.983000
2582800  1401.860000
2583777  431.029000
2584163  1770.270000
2692377  350.315000
2693092  475.242000
2693736  654.549000
2694632  309.229000
2695110  1706.660000
2696205  649.687000
2696703  296.646000
2697169  2199.730000
2697935  307.964000
2707097  755.362000
2707916  802.420000
2707985  1673.010000
2708156  895.471000
2708172  188.039000
2708203  1070.630000
2708221  807.545000
2708270  4090.080000
2708278  628.263000
2708286  1142.560000
2708343  433.150000
2708420  734.761000
2708445  4240.920000
2708614  3286.660000
2708885  1350.860000
2710101  1517.090000
2710623  726.102000
2711114  823.368000
2711123  2438.600000
2711131  302.147000
2711597  nan
2712825  403.348000
2713018  743.309000
2713049  1023.070000
2715135  274.767000
2715695  711.509000
2716801  1498.580000
2716853  1232.290000
2716979  490.600000
2717158  1344.290000
2718778  1804.360000
2719873  726.727000
2720309  1223.160000
2720354  1232.300000
2720514  674.921000
2720828  2128.240000
2721030  2297.620000
2830919  978.503000
2831055  644.456000
2831251  885.547000
2832589  865.512000
2833632  476.060000
2834463  989.529000
2834805  386.882000
2836076  1070.300000
2837111  1393.850000
2849140  2008.310000
2849805  547.026000
2850321  585.494000
2851100  769.740000
2852528  2090.220000
2852560  2023.840000
2852810  1254.310000
2852941  903.968000
2853029  930.629000
2853093  2251.030000
2853446  921.156000
2853780  1263.080000
2853828  1957.070000
2853889  1957.170000
2854181  1009.870000
2854698  627.365000
2854839  nan
2854914  851.870000
2854948  2057.310000
2856960  783.034000
2857607  521.791000
2859299  1439.240000
2859893  3201.040000
2860114  844.145000
2860594  2644.640000
2860656  1653.080000
2860788  1408.790000
2860793  1289.770000
2860866  1931.050000
2861126  230.422000
2861298  556.821000
2969638  1119.830000
2970670  535.331000
2970804  nan
2972800  1124.850000
2973386  366.061000
2973509  1378.040000
2975770  382.509000
2976017  531.625000
2984990  769.392000
2985587  1050.360000
2985767  452.895000
2986833  298.655000
2987027  369.645000
2987433  1906.790000
2989404  454.883000
2989706  1278.370000
2990873  757.382000
2992634  1128.670000
2994092  2789.590000
2995392  2879.830000
2997178  1145.150000
2997455  1970.000000
2997459  1384.020000
2998124  804.013000
3001885  662.639000
3001955  593.510000
3002478  724.580000
3003019  1134.710000
3003673  800.996000
3003991  484.771000
3003992  116.969000
3097346  292.653000
3097352  2554.000000
3097926  806.558000
3098184  1502.360000
3098194  nan
3098197  1652.350000
3098605  674.369000
3098810  681.255000
3098843  1076.000000
3101178  995.527000
3101923  1582.640000
3102000  2740.010000
3102024  308.568000
3102309  875.427000
3102384  230.869000
3103212  1417.190000
3103227  1179.010000
3103473  928.585000
3109550  227.282000
3109930  1430.000000
3109937  1309.770000
3110177  797.812000
3110937  961.311000
3112129  842.074000
3113266  846.077000
3114167  1731.270000
3114661  nan
3114667  982.152000
3114811  917.804000
3115480  2936.890000
3115833  nan
3116302  915.477000
3116412  1130.210000
3117046  1860.360000
3117115  nan
3118797  1087.400000
3119256  550.915000
3120276  1487.070000
3120308  1235.310000
3120320  243.279000
3120355  1291.010000
3120397  1609.260000
3120431  952.397000
3120904  996.320000
3121340  4653.670000
3122872  582.658000
3122913  710.724000
3122985  1482.510000
3123418  1785.980000
3124412  1373.590000
3124420  3278.940000
3124598  588.246000
3127817  4899.740000
3127911  710.653000
3128552  809.897000
3128793  2552.200000
3129238  228.029000
3130300  1644.730000
3130548  772.821000
3217264  571.034000
3218844  1445.630000
3218908  930.457000
3219037  1762.260000
3219643  790.419000
3219995  1020.530000
3222680  3464.450000
3223433  1367.670000
3228740  1064.810000
3228804  812.640000
3228824  636.410000
3228825  567.485000
3228945  2399.340000
3228959  1106.190000
3228986  1054.750000
3228988  2288.550000
3229028  757.309000
3229150  1076.270000
3230095  887.209000
3230206  1680.660000
3230227  364.444000
3230491  674.370000
3230578  1294.010000
3230753  1638.420000
3230787  880.769000
3230805  490.497000
3231120  2789.930000
3231137  1002.000000
3231341  1156.810000
3232249  2404.490000
3232859  1412.400000
3233043  332.394000
3234598  nan
3234843  1065.080000
3235282  2437.260000
3235672  2976.230000
3236705  804.170000
3239171  1855.060000
3239636  1922.080000
3239671  847.339000
3239945  341.908000
3240049  2752.810000
3240158  1169.570000
3240159  688.894000
3240406  624.973000
3240706  1029.560000
3241248  1741.150000
3241344  903.450000
3241557  680.986000
3241604  2333.860000
3241619  348.368000
3241647  842.205000
3241662  1480.500000
3242039  1472.120000
3244792  1639.470000
3245000  1192.180000
3245638  653.404000
3245661  1006.620000
3245969  784.560000
3246867  450.798000
3246984  nan
3247268  1002.530000
3247294  1402.270000
3247396  929.786000
3247404  nan
3247503  2076.270000
3248019  2473.670000
3248033  475.513000
3248332  1433.920000
3248501  1495.620000
3248696  2594.460000
3249334  735.378000
3323289  1016.340000
3323887  628.257000
3324069  840.035000
3324644  828.275000
3324986  1067.820000
3326377  568.546000
3327980  1212.550000
3327992  452.529000
3327993  1659.040000
3328026  1782.640000
3328027  1715.480000
3328052  1675.580000
3328080  360.921000
3329204  1463.580000
3329643  913.586000
3329985  198.966000
3330684  nan
3335813  743.351000
3335816  609.634000
3336283  2872.210000
3336476  1411.150000
3336765  1200.990000
3336845  398.405000
3337061  nan
3337351  2088.360000
3337425  1422.200000
3337432  1888.450000
3337438  1474.660000
3337548  979.224000
3338660  3323.060000
3338674  1203.880000
3338885  426.088000
3339538  394.258000
3340070  810.131000
3340165  1160.540000
3340312  1129.020000
3340313  2425.820000
3341760  865.898000
3341934  2168.500000
3341982  1274.860000
3342463  674.509000
3342467  770.311000
3342592  2036.190000
3342794  923.067000
3342952  229.261000
3342970  1733.100000
3343281  2300.830000
3343866  1406.220000
3344419  nan
3344427  852.749000
3345675  468.661000
3345973  439.735000
3346154  854.623000
3346543  773.871000
3347485  2161.330000
3347807  545.894000
3348082  1333.620000
3348090  1206.780000
3348093  769.551000
3348216  1566.210000
3348285  657.120000
3351888  938.715000
3352751  2141.820000
3353050  1060.680000
3353454  4408.640000
3354846  968.722000
3355104  1339.680000
3356156  1179.860000
3356193  1327.150000
3425363  690.180000
3425851  291.766000
3426367  112.705000
3427776  1249.030000
3428127  936.341000
3428359  975.951000
3428468  nan
3433668  555.051000
3437739  2137.780000
3437776  762.859000
3438507  1775.800000
3438975  388.532000
3438976  1015.560000
3439031  480.107000
3439096  2345.010000
3439126  364.302000
3440118  326.362000
3440230  2284.880000
3440861  498.019000
3440978  822.355000
3441340  581.596000
3441784  305.490000
3441795  813.475000
3442054  767.548000
3442055  492.122000
3443582  8214.680000
3443790  771.419000
3444098  4674.010000
3444588  503.568000
3445812  1407.980000
3446451  672.539000
3446746  436.016000
3447722  2034.250000
3448130  863.909000
3448323  934.559000
3448456  1265.220000
3449540  1486.220000
3449870  1924.420000
3450040  831.026000
3453214  1225.530000
3458028  573.000000
3458687  1694.260000
3458919  576.510000
3459199  989.200000
3459529  6091.440000
3526061  401.229000
3526331  1808.230000
3529290  1304.240000
3530668  1039.560000
3531231  1264.310000
3531558  466.265000
3532510  1034.580000
3532985  944.317000
3533469  641.571000
3533483  556.017000
3534076  nan
3534118  1212.650000
3539231  1704.310000
3540873  1004.200000
3541800  1375.430000
3541946  495.358000
3542117  225.391000
3542222  1991.150000
3542542  904.573000
3542573  663.733000
3542574  nan
3542588  772.829000
3542928  598.268000
3543270  2795.180000
3544595  95.911500
3544640  1621.560000
3544678  2691.810000
3544689  874.369000
3544694  2736.310000
3545135  294.122000
3545478  567.237000
3545583  1316.400000
3545626  3874.200000
3545749  645.859000
3545840  628.252000
3546060  726.828000
3546821  383.295000
3547091  2169.640000
3547178  671.774000
3547315  2025.840000
3547760  719.499000
3548044  813.192000
3548622  2158.140000
3548639  660.051000
3548645  2174.110000
3550372  2680.440000
3550434  929.808000
3553900  964.919000
3554031  530.487000
3554600  1240.140000
3554819  630.651000
3555178  401.208000
3556220  652.266000
3556229  nan
3556742  410.679000
3557341  1426.270000
3557493  1324.290000
3557560  1871.160000
3558803  1976.110000
3558849  1215.700000
3558981  475.907000
3559860  1709.400000
3559935  617.550000
3560301  724.836000
3561464  1014.620000
3629119  592.045000
3629330  1355.540000
3629967  657.023000
3632089  1151.730000
3632330  2700.890000
3632418  108.522000
3634051  659.395000
3634169  784.150000
3640905  443.030000
3641216  630.397000
3641726  894.187000
3642289  621.855000
3642335  nan
3642741  1628.040000
3644071  1088.080000
3644174  509.244000
3644399  2100.620000
3644505  1030.370000
3644523  2254.090000
3644542  395.433000
3644601  1795.570000
3644602  1810.230000
3644631  1369.740000
3644649  660.247000
3644653  1731.880000
3644738  1704.360000
3645282  1596.980000
3645438  1030.810000
3646449  2269.550000
3646515  870.531000
3647097  753.281000
3648437  737.262000
3650049  2292.080000
3654095  1019.670000
3654719  1016.450000
3654950  2456.150000
3655326  1635.910000
3655332  956.707000
3656121  716.797000
3656322  1022.130000
3656700  1405.460000
3657176  1197.030000
3657758  1122.480000
3659940  1232.990000
3660581  560.693000
3660924  985.699000
3661886  823.804000
3662635  853.588000
3662838  687.094000
3663141  900.662000
3663173  3554.690000
3663494  1374.750000
3663850  2985.350000
3728432  555.574000
3728701  1206.370000
3730176  566.553000
3730335  2412.500000
3732035  897.733000
3732821  703.168000
3732894  608.412000
3732972  3275.850000
3733628  221.802000
3733638  961.683000
3734418  431.622000
3734501  2025.510000
3734868  5745.270000
3735629  1306.140000
3735634  nan
3742855  nan
3745559  885.913000
3745690  773.713000
3746248  667.826000
3747262  1022.530000
3747817  769.096000
3748239  3570.910000
3748855  797.321000
3749134  1425.470000
3749365  642.051000
3749508  1223.660000
3749978  1919.190000
3750350  nan
3751118  nan
3751231  1241.110000
3752110  2092.720000
3755522  337.186000
3756264  1360.630000
3756801  1568.300000
3757407  1376.290000
3757521  876.382000
3757588  4053.150000
3757590  1351.410000
3757778  1466.010000
3758499  1003.820000
3758922  1150.660000
3761319  1583.860000
3762468  1745.770000
3762553  633.478000
3762750  1782.540000
3763724  1579.870000
3764411  1680.980000
3764714  805.238000
3764879  1391.600000
3765692  1260.100000
3765771  1693.090000
3765917  1498.380000
3766353  1728.390000
3830820  nan
3831053  905.406000
3831523  645.533000
3831911  355.207000
3832474  914.221000
3832716  1994.280000
3833007  973.121000
3834317  728.557000
3834322  583.440000
3834360  1201.330000
3834364  1162.260000
3834728  nan
3835670  905.937000
3836375  1224.880000
3836399  2774.480000
3836413  1354.420000
3836439  nan
3836450  288.023000
3836453  139.982000
3836509  4139.800000
3836522  802.821000
3836558  2436.330000
3838004  nan
3838486  523.767000
3838496  nan
3839294  1743.820000
3839488  931.192000
3846515  501.257000
3847138  674.598000
3847708  nan
3847907  1291.980000
3848083  2528.230000
3848275  2163.900000
3848665  nan
3848919  836.144000
3848948  399.490000
3848966  1461.130000
3848972  889.053000
3849155  1068.820000
3849187  1031.120000
3851130  386.242000
3851134  1045.580000
3851193  1168.670000
3851194  742.841000
3851949  3117.310000
3852258  5644.940000
3852476  1898.360000
3852655  572.403000
3852865  448.234000
3852872  216.024000
3853673  1809.000000
3854101  1027.110000
3854496  1706.210000
3857860  1280.470000
3858704  591.804000
3858757  2597.090000
3858767  1158.140000
3858804  nan
3858824  1176.520000
3858851  2854.950000
3858879  1516.740000
3858884  544.357000
3858917  nan
3858919  2232.450000
3858926  1349.660000
3858943  nan
3858949  566.402000
3858988  1354.190000
3859042  1009.570000
3859079  485.318000
3859151  2628.380000
3859363  nan
3859628  1061.770000
3859890  1449.750000
3860441  2013.460000
3861595  788.238000
3861611  2460.800000
3862246  968.920000
3863877  1103.860000
3865298  1386.450000
3865567  1822.870000
3865595  6405.510000
3865815  264.303000
3866536  1020.160000
3867593  1848.560000
3867615  731.274000
3867794  1113.290000
3869014  1480.160000
3869326  1974.090000
3869825  1998.120000
3934657  552.335000
3935914  1490.940000
3936061  2371.690000
3936658  532.334000
3937519  658.924000
3937814  803.052000
3938073  669.929000
3939150  976.643000
3940418  651.783000
3941219  361.157000
3942446  2096.310000
3942670  1042.020000
3945802  1776.190000
3946023  454.627000
3952651  4418.310000
3953106  1733.440000
3953173  692.796000
3953212  767.046000
3954211  2583.170000
3954227  1103.200000
3955444  1030.650000
3955817  692.594000
3955866  1003.260000
3955867  2811.840000
3957082  429.547000
3958301  2369.260000
3962243  1144.860000
3962357  1266.340000
3962440  2050.110000
3962684  1679.990000
3962728  2577.430000
3962751  1624.910000
3962872  1853.460000
3964109  963.180000
3964545  1185.710000
3964562  968.285000
3965201  1605.780000
3965326  299.222000
3965879  2189.160000
3966262  1197.630000
3966801  524.247000
3966912  1468.900000
3967326  601.029000
3967501  408.037000
3967760  940.584000
3968809  1976.980000
3969687  738.261000
3970117  1984.630000
3970233  1336.470000
3970397  311.835000
3971315  914.201000
3972391  542.821000
3972432  1384.980000
3973002  nan
3973504  1983.790000
3973549  1475.540000
3974928  2545.300000
4035640  609.638000
4035667  368.397000
4035675  384.099000
4037163  2008.110000
4037164  311.045000
4037428  554.229000
4042026  2696.840000
4042088  897.213000
4043190  817.584000
4043443  486.713000
4044005  530.357000
4047631  332.748000
4048898  341.251000
4049108  708.158000
4049124  957.144000
4049131  633.660000
4049901  256.954000
4054784  585.138000
4055092  626.889000
4055304  428.798000
4055765  1219.980000
4055774  1607.430000
4056579  1504.790000
4056616  151.129000
4058169  1092.430000
4058881  1694.780000
4059887  1005.880000
4060229  1161.350000
4060815  785.496000
4061149  270.739000
4063943  662.063000
4067110  1070.970000
4067336  1859.580000
4067549  2081.740000
4067925  983.174000
4068391  1016.410000
4069063  669.998000
4069213  1024.450000
4070376  2664.790000
4071638  7906.160000
4072271  1923.510000
4072333  1583.870000
4072526  664.306000
4072955  832.476000
4073017  691.535000
4073089  2985.810000
4073707  2312.450000
4073730  747.718000
4074294  630.295000
4074736  nan
4075015  2087.110000
4075064  712.499000
4075067  1034.740000
4076061  1482.560000
4076098  1484.460000
4076952  2524.460000
4076976  1796.590000
4077252  2752.130000
4077526  969.252000
4077767  738.548000
4077901  387.737000
4078157  2227.460000
4078311  1076.480000
4078693  429.791000
4079530  1283.810000
4079535  1506.360000
4135665  1389.270000
4135912  1312.980000
4136466  779.596000
4136659  570.969000
4138008  365.965000
4138557  649.671000
4138951  1699.460000
4139254  418.895000
4139816  428.018000
4140813  nan
4141376  213.260000
4141587  2760.800000
4141593  1383.860000
4142768  1379.410000
4142847  555.189000
4143755  386.177000
4144231  1830.360000
4144236  466.652000
4144238  834.853000
4144576  495.156000
4144873  3477.780000
4147171  2241.280000
4147444  225.344000
4149060  1059.290000
4149450  871.564000
4149684  1899.360000
4150390  1480.790000
4150496  1508.550000
4150539  558.847000
4150611  114.295000
4150624  1017.610000
4150701  634.563000
4150703  778.327000
4150804  349.247000
4150972  356.859000
4155328  1387.200000
4157052  1186.160000
4157325  690.819000
4157488  2092.650000
4159347  1357.390000
4160006  2638.690000
4160669  4687.500000
4164393  3038.530000
4164511  688.976000
4164922  222.345000
4164994  983.697000
4165473  663.418000
4165960  1304.540000
4169315  1995.630000
4171955  996.192000
4172013  1113.600000
4172746  582.224000
4172805  276.226000
4173026  839.332000
4174507  2139.760000
4175105  1118.790000
4175630  1530.300000
4178389  1285.150000
4178606  698.326000
4179201  1075.100000
4180280  306.602000
4180396  997.516000
4180401  519.689000
4241238  1523.520000
4242147  369.874000
4242692  666.334000
4242806  231.899000
4243911  614.571000
4245861  2085.320000
4245897  1737.160000
4245933  nan
4246343  830.700000
4247023  1840.340000
4247092  1063.550000
4247791  1080.760000
4247807  1068.080000
4247811  685.672000
4247991  459.273000
4248120  1022.010000
4249611  993.916000
4249725  388.630000
4252226  1223.640000
4252322  464.945000
4252671  958.265000
4253860  nan
4254466  1073.880000
4255422  982.093000
4255944  1079.340000
4261960  832.323000
4262040  473.648000
4262581  685.087000
4263293  580.119000
4263529  511.975000
4269252  875.456000
4270253  1050.640000
4270565  1531.750000
4270799  965.123000
4271474  1159.300000
4274071  1056.330000
4274548  567.804000
4274816  1505.140000
4275117  1490.630000
4275191  1357.750000
4275328  909.727000
4275721  807.850000
4275739  1929.700000
4276114  1356.620000
4276445  1254.550000
4276716  119.061000
4277304  428.726000
4278221  290.843000
4281023  2747.010000
4281068  992.635000
4281700  1832.000000
4281895  415.660000
4282191  1514.020000
4282390  1595.720000
4282872  925.037000
4284147  3684.470000
4284980  2224.020000
4285087  607.188000
4285107  560.767000
4346178  2176.080000
4346339  1155.860000
4346875  1692.150000
4349442  242.796000
4349452  243.249000
4349935  417.431000
4352168  769.262000
4355503  214.115000
4356621  1369.350000
4356766  1565.660000
4357985  929.139000
4365442  1416.760000
4365461  1364.060000
4365645  357.059000
4366323  1380.500000
4366923  1346.080000
4367528  938.012000
4367544  854.260000
4367854  563.016000
4370527  1083.410000
4371172  523.157000
4372410  1094.810000
4372620  963.805000
4372765  4923.080000
4372768  nan
4372961  803.504000
4373195  499.824000
4374339  1002.890000
4374610  2153.590000
4375101  2454.530000
4376629  520.070000
4376644  1206.650000
4380283  1833.780000
4380560  1099.590000
4381282  2201.150000
4381429  nan
4384652  18401.300000
4384675  933.308000
4384793  1169.280000
4384909  939.273000
4385148  1059.510000
4386047  nan
4386059  834.569000
4386607  1691.080000
4390912  2063.710000
4391348  1373.230000
4445630  1723.900000
4446411  777.532000
4446859  851.445000
4449034  1155.610000
4449752  nan
4450844  224.118000
4454219  nan
4454752  541.432000
4454934  1128.720000
4455231  1194.150000
4455763  2426.660000
4456622  2725.380000
4458082  938.417000
4458109  341.217000
4459068  1161.570000
4459503  1067.620000
4459924  573.178000
4464394  1671.700000
4464689  805.954000
4466356  999.267000
4466677  860.391000
4469825  1095.380000
4470888  2556.480000
4471313  1520.220000
4471747  1137.310000
4472143  954.227000
4472818  381.773000
4473226  1159.850000
4473613  837.481000
4474462  913.083000
4474637  8551.900000
4474645  586.950000
4476123  1131.730000
4476423  3601.770000
4478142  592.719000
4478168  748.188000
4479633  1114.400000
4480676  2241.570000
4482738  1371.390000
4483138  nan
4483235  1679.130000
4484179  830.349000
4484312  816.110000
4484336  853.275000
4484356  686.618000
4489844  517.811000
4540508  273.874000
4540632  720.445000
4544571  2278.470000
4544572  2222.000000
4544620  1800.880000
4544623  351.229000
4544628  1256.170000
4544670  2242.240000
4544684  969.693000
4544907  946.565000
4545187  510.523000
4545570  1042.450000
4545926  634.765000
4547480  1862.320000
4547603  754.720000
4548011  493.175000
4548098  558.855000
4548162  630.777000
4551328  1069.890000
4551663  442.770000
4552729  458.368000
4556468  1826.040000
4557341  231.322000
4563268  760.708000
4565943  816.454000
4565985  1491.580000
4566848  2159.640000
4566999  1924.860000
4567118  1106.840000
4568117  869.893000
4568298  1319.170000
4569590  2719.420000
4569942  774.367000
4570555  705.746000
4570931  743.898000
4570949  822.960000
4571004  5688.730000
4571536  2615.670000
4571844  nan
4572728  616.073000
4574310  1055.310000
4574319  1336.800000
4575824  1394.330000
4577484  372.760000
4578594  nan
4579313  1301.090000
4579321  2148.080000
4579598  1489.170000
4584865  899.148000
4586482  1066.630000
4587135  1234.780000
4587448  1034.970000
4633434  789.926000
4633570  315.177000
4634135  1686.990000
4636565  397.475000
4636578  956.859000
4638237  863.473000
4639868  363.181000
4644604  635.643000
4644952  503.436000
4645174  1217.820000
4645492  600.733000
4645833  747.974000
4647662  1383.810000
4647949  2092.760000
4649305  1304.340000
4649440  1775.480000
4650674  1201.400000
4650733  1663.740000
4651399  8362.990000
4656049  984.307000
4659255  871.279000
4659405  482.985000
4661634  1424.450000
4662363  634.357000
4663185  1961.050000
4663658  716.668000
4664046  1276.280000
4664743  1767.680000
4664847  1665.310000
4665571  500.395000
4665989  1521.920000
4665991  922.511000
4666008  1569.640000
4669402  1621.570000
4670217  604.669000
4670267  3512.420000
4670361  1063.880000
4671584  847.860000
4673628  904.702000
4676964  1159.960000
4677282  788.940000
4678171  726.796000
4678873  953.671000
4678875  1124.370000
4678919  966.245000
4679314  613.590000
4679687  nan
4680745  1389.950000
4680772  452.730000
4681152  718.907000
4725292  352.577000
4725681  288.763000
4729553  755.969000
4730442  1717.480000
4732015  1411.240000
4732137  1103.720000
4735826  287.339000
4736208  2104.630000
4736439  3433.990000
4736569  nan
4736644  590.601000
4737267  2496.550000
4737302  948.934000
4737848  531.055000
4738095  634.535000
4739194  1460.680000
4739229  928.420000
4739565  1212.770000
4740375  1289.510000
4740676  1280.050000
4740688  nan
4741126  886.588000
4741777  677.419000
4742188  1906.890000
4742414  897.901000
4742420  1999.950000
4742452  1720.930000
4743508  nan
4743513  620.026000
4750341  961.114000
4750406  772.454000
4750669  1066.410000
4750962  1883.420000
4751083  3104.290000
4752451  548.064000
4753561  467.499000
4753988  1284.600000
4754831  1612.490000
4757331  1630.650000
4757437  1343.600000
4758350  1815.830000
4758368  1815.110000
4760478  2310.110000
4760746  2382.140000
4760959  1368.180000
4761060  865.396000
4761427  1301.410000
4762283  436.123000
4763020  415.350000
4764774  1055.230000
4764969  600.033000
4768756  252.045000
4768846  606.844000
4769799  552.599000
4769824  3439.640000
4769931  511.777000
4770174  772.369000
4770365  543.444000
4770617  1460.100000
4770798  303.303000
4772095  1511.860000
4773155  742.225000
4773392  1163.170000
4774646  871.299000
4813563  351.239000
4813750  1319.440000
4813793  505.157000
4814168  568.960000
4814502  328.007000
4815520  185.875000
4815612  1886.280000
4819158  1311.530000
4820550  586.350000
4824268  1204.640000
4825872  1080.550000
4826110  1976.580000
4826439  1821.390000
4827723  372.050000
4828341  2228.120000
4829935  1264.200000
4830605  2676.100000
4830859  nan
4831728  1720.480000
4832175  498.513000
4832197  456.798000
4832225  444.992000
4832273  1112.470000
4832837  nan
4833135  1199.650000
4833409  1467.460000
4833421  1027.450000
4839180  956.032000
4840156  784.574000
4840263  3519.990000
4840327  485.018000
4840513  1666.190000
4840672  629.080000
4840818  1484.960000
4841374  839.784000
4843592  1286.470000
4843751  1413.130000
4844004  1103.130000
4844367  882.260000
4844470  884.044000
4845862  552.828000
4846856  809.181000
4847534  530.765000
4847782  1564.210000
4847801  1032.940000
4847832  594.267000
4847843  344.760000
4848115  1628.050000
4848321  1045.690000
4848423  845.147000
4848424  1142.400000
4850961  1463.720000
4851145  1901.700000
4851195  1454.580000
4851217  1157.690000
4851239  196.867000
4851283  nan
4851338  1460.330000
4851356  823.452000
4851464  3208.370000
4851530  819.573000
4852297  1580.540000
4852528  369.451000
4856592  527.783000
4857058  424.428000
4857213  310.315000
4858610  731.479000
4860678  1588.410000
4860932  1591.280000
4861527  995.542000
4861736  1491.880000
4861784  1185.310000
4861791  1413.370000
4862332  4036.690000
4862625  1033.160000
4862924  1222.740000
4863260  1112.580000
4863369  1167.540000
4863753  637.693000
4863956  1650.990000
4864734  1198.190000
4902030  nan
4902202  1211.800000
4902673  nan
4908495  457.274000
4909707  809.808000
4912589  451.364000
4912650  821.493000
4912991  172.133000
4913000  393.372000
4913852  279.115000
4914221  991.538000
4914399  1318.100000
4914423  494.832000
4914566  777.025000
4914709  1033.240000
4914737  nan
4915582  877.182000
4915638  897.352000
4917014  1954.920000
4917357  836.791000
4917596  673.010000
4917658  1657.380000
4918303  1335.300000
4918309  1240.110000
4919550  661.192000
4927315  2013.840000
4927734  894.805000
4927738  609.801000
4928119  2173.610000
4929299  733.019000
4931073  1007.020000
4932348  1177.900000
4932442  1000.280000
4932689  1696.690000
4932691  1873.720000
4933476  2296.560000
4935172  5223.270000
4935914  3058.890000
4936180  2480.260000
4936990  2087.520000
4937140  1666.150000
4937143  6266.380000
4939265  226.723000
4939346  2213.190000
4939533  1433.970000
4940201  2677.230000
4940203  1303.920000
4940376  2741.210000
4940438  1970.470000
4945035  1421.470000
4945764  1464.430000
4945877  522.208000
4946049  1366.310000
4946581  757.644000
4946584  954.721000
4946680  nan
4947556  275.694000
4947726  1388.560000
4948730  1072.110000
4948863  1246.970000
4949027  1180.270000
4949214  1270.230000
4949524  1145.850000
4949751  1223.100000
4950232  1092.330000
4950341  nan
4950557  663.418000
4951249  1363.270000
4951877  1470.500000
4952341  1403.170000
4953173  3097.290000
4953262  nan
4989057  552.058000
4990977  904.173000
4991208  544.456000
4995716  994.438000
4996057  473.933000
4996558  1031.260000
5000179  4730.550000
5003117  977.646000
5003670  866.826000
5004909  1314.820000
5005121  1390.560000
5005618  616.691000
5006817  608.798000
5007345  1347.520000
5008245  1270.530000
5008501  1384.980000
5008775  2570.170000
5009189  870.614000
5009688  1117.670000
5009743  757.791000
5014753  1029.290000
5014903  1011.650000
5015027  233.011000
5015459  523.960000
5015913  1256.690000
5016163  3415.660000
5017058  1176.720000
5018787  961.624000
5019567  1440.300000
5020034  4986.370000
5020044  1405.120000
5020319  558.652000
5021174  nan
5021176  1132.240000
5021432  1098.190000
5021732  1128.180000
5021737  414.259000
5021899  991.336000
5022440  1649.530000
5022828  983.245000
5022900  1090.870000
5023948  2530.020000
5023956  1704.010000
5024126  660.920000
5024138  2573.340000
5024177  2461.640000
5024252  2695.770000
5024268  2319.700000
5024292  1836.130000
5024372  2681.700000
5024414  2644.450000
5024429  2806.970000
5024450  2381.370000
5024476  2747.650000
5024482  2867.150000
5025217  515.647000
5025234  945.461000
5025294  540.949000
5026023  1217.270000
5026187  1509.840000
5026326  1595.210000
5027859  1017.160000
5031804  1138.190000
5031857  982.383000
5031882  2084.840000
5032842  1349.050000
5033823  741.475000
5034333  989.296000
5035972  1200.180000
5036052  1581.000000
5036480  1068.850000
5036516  544.785000
5036530  1537.020000
5036537  690.974000
5036538  251.309000
5036705  1632.130000
5036966  1903.090000
5037742  794.761000
5038469  1207.550000
5039053  597.165000
5039129  1236.960000
5039228  747.493000
5039441  525.241000
5039687  681.670000
5040077  791.618000
5040223  1371.020000
5041569  2069.390000
5041847  1025.380000
5042210  451.242000
5042785  550.671000
5077629  1953.620000
5078025  1664.340000
5078879  677.471000
5078939  1174.620000
5080346  2046.220000
5080565  808.199000
5080636  134.311000
5080652  1556.570000
5083138  1674.720000
5083252  2308.910000
5084171  1206.110000
5084942  280.069000
5087223  530.852000
5088400  944.540000
5088536  316.663000
5088591  550.383000
5090690  1419.000000
5090803  936.015000
5090937  858.022000
5091016  1366.920000
5091075  1221.780000
5091479  1499.010000
5091614  1124.570000
5091808  1322.590000
5092266  1732.910000
5092655  763.122000
5092799  2688.800000
5094301  115.655000
5094412  1066.360000
5094751  474.861000
5095082  1277.320000
5095269  1188.540000
5095635  825.808000
5096053  1129.260000
5096590  661.421000
5097278  587.783000
5097454  6691.610000
5097470  942.469000
5097856  758.894000
5097868  1062.650000
5098334  757.670000
5098444  nan
5098757  901.531000
5103942  1288.110000
5103998  nan
5105886  2072.690000
5106313  513.329000
5108214  114.622000
5108946  2150.170000
5110423  1978.020000
5110453  1584.910000
5110683  2025.350000
5111801  362.053000
5112198  1094.350000
5112567  1381.970000
5113053  2696.410000
5113146  2561.830000
5113809  1776.320000
5113822  521.054000
5114623  1711.780000
5115178  1196.110000
5115379  1646.070000
5115688  1760.600000
5115978  2255.150000
5119143  1931.170000
5119619  1225.900000
5120087  761.966000
5120225  423.204000
5121173  1796.380000
5121511  nan
5122112  1369.160000
5124254  384.181000
5124667  391.181000
5125048  1015.140000
5125196  1308.350000
5125347  1409.190000
5126182  853.907000
5126627  655.880000
5126932  2389.100000
5128673  800.871000
5128966  1810.960000
5129453  586.380000
5130369  2626.280000
5130380  3102.490000
5130563  818.915000
5130740  1049.310000
5130890  2107.440000
5130983  1006.400000
5131180  175.605000
5131276  2934.700000
5164255  1151.510000
5164794  422.525000
5166811  918.919000
5168498  1063.980000
5171707  1356.330000
5172274  891.945000
5174492  1302.680000
5174677  2266.220000
5174858  772.481000
5174920  862.378000
5175024  1494.220000
5175986  647.424000
5177065  1041.500000
5177104  978.125000
5177859  460.910000
5179609  931.141000
5181086  nan
5181299  1537.990000
5181455  1593.790000
5181804  1912.950000
5181817  642.809000
5183357  1053.040000
5184144  1256.320000
5184584  2340.580000
5184709  1089.180000
5184911  481.667000
5185765  1035.330000
5185897  177.355000
5192660  596.691000
5193077  548.554000
5193384  nan
5193386  2420.420000
5193400  3150.000000
5193439  1708.160000
5193659  1597.240000
5193813  684.045000
5195172  756.486000
5195945  1653.410000
5196851  1171.840000
5196864  nan
5197233  1247.240000
5199426  2130.200000
5199978  1592.810000
5200084  267.738000
5201115  427.453000
5201593  983.356000
5202905  808.762000
5206233  973.072000
5208962  1258.900000
5209845  506.434000
5210475  1348.540000
5211199  350.455000
5211470  2232.400000
5211631  549.651000
5211922  921.225000
5212220  842.552000
5213005  1370.940000
5213230  990.838000
5213404  1260.280000
5213811  1156.290000
5213902  844.066000
5215251  1646.200000
5215508  408.436000
5215700  2778.340000
5215980  698.515000
5216727  1107.910000
5217574  1686.650000
5217586  1286.550000
5217733  1362.010000
5217891  1436.660000
5218014  1898.610000
5218441  1859.800000
5219234  868.477000
5252423  657.822000
5253802  812.773000
5254230  2405.660000
5255259  866.035000
5255552  1031.970000
5257082  1027.370000
5260419  984.132000
5262539  1015.610000
5263167  1519.480000
5263802  595.087000
5264304  1272.500000
5265982  854.970000
5266937  3360.650000
5268955  676.094000
5269407  990.514000
5269467  611.115000
5270698  nan
5271090  2580.410000
5271608  1709.620000
5271637  387.233000
5271803  1415.650000
5272233  845.970000
5272571  1008.370000
5272878  1023.060000
5273713  2755.600000
5276332  453.297000
5280587  1058.720000
5281113  629.804000
5281714  2051.570000
5282049  1298.110000
5282051  1343.490000
5282437  1394.910000
5282477  1231.540000
5282656  2043.670000
5283458  1308.060000
5283542  939.415000
5283728  2606.390000
5284133  1011.750000
5285607  781.979000
5286786  nan
5287983  1452.610000
5288543  1142.450000
5288570  3368.040000
5288577  1222.950000
5288744  1092.890000
5289854  1335.920000
5289857  272.308000
5294739  1737.260000
5294945  1184.770000
5295206  1069.950000
5297298  933.223000
5298620  821.963000
5299459  575.581000
5300878  655.765000
5301093  808.849000
5301750  1023.900000
5301955  163.730000
5302006  3250.550000
5302643  3251.200000
5303185  1594.850000
5303346  462.827000
5303551  777.534000
5303557  4444.380000
5305225  484.029000
5305240  266.748000
5305399  1666.330000
5305404  1339.320000
5305451  2431.500000
5305471  794.062000
5306383  733.440000
5306720  3347.530000
5306862  846.909000
5306984  485.259000
5307568  648.976000
5307574  2397.630000
5307858  3353.790000
5307990  1014.560000
5308296  1909.310000
5308387  2252.690000
5308419  1216.520000
5308537  449.351000
5308663  1670.220000
5308666  11316.600000
5308777  1948.120000
5308778  1758.590000
5309353  nan
5310435  1748.010000
5339567  862.186000
5340644  323.899000
5340878  466.586000
5342061  1272.740000
5342473  1034.590000
5343976  396.532000
5347537  1027.520000
5347784  906.871000
5350244  538.481000
5350447  902.399000
5351250  891.092000
5352640  1207.620000
5353137  nan
5353938  329.660000
5356593  690.999000
5357470  1028.350000
5357545  409.602000
5357901  646.647000
5358241  1366.070000
5358624  686.284000
5359678  1534.910000
5360082  2041.610000
5360920  1311.650000
5360974  2395.840000
5364071  311.222000
5364090  190.315000
5369827  407.216000
5370302  1059.690000
5370944  1243.860000
5371776  434.684000
5371777  1513.140000
5372966  737.488000
5374403  557.193000
5374838  1547.060000
5374854  933.377000
5375194  454.626000
5376067  1662.350000
5376836  1199.230000
5380812  425.205000
5383248  122.881000
5384079  570.783000
5384713  89.733500
5384802  1176.740000
5385139  1495.060000
5385150  nan
5385269  1325.600000
5385304  698.765000
5385410  1042.860000
5385439  1328.260000
5385469  1201.510000
5385471  1531.300000
5385491  602.020000
5385509  837.028000
5385548  851.213000
5385566  891.561000
5385575  nan
5385647  667.546000
5385667  441.670000
5385697  974.307000
5385773  1067.630000
5385778  1158.550000
5386163  616.596000
5386264  448.596000
5386904  1524.640000
5387843  1361.470000
5388229  nan
5389184  2115.020000
5389540  nan
5389632  nan
5389956  1521.910000
5390913  815.752000
5391407  2519.820000
5391911  1507.600000
5392702  1087.190000
5392871  1820.330000
5392897  3251.000000
5393558  848.677000
5394585  789.130000
5396122  1441.720000
5397106  1223.850000
5397166  1362.520000
5397905  nan
5398002  1912.270000
5425643  nan
5425908  725.020000
5428199  123.675000
5428471  1423.890000
5428657  536.988000
5428668  1547.420000
5431027  1418.240000
5435816  2246.690000
5436013  631.700000
5436161  841.099000
5436338  611.041000
5436415  1942.350000
5436455  727.540000
5436502  1798.750000
5437348  832.256000
5437762  825.880000
5437945  1274.010000
5438099  775.679000
5438757  1369.240000
5439000  1120.310000
5440317  1154.130000
5440435  1032.830000
5440472  1569.560000
5440651  1033.520000
5441980  704.606000
5443320  748.950000
5443604  460.221000
5443775  1029.570000
5443837  1616.930000
5444276  631.190000
5444334  1189.390000
5444384  1826.470000
5444392  491.468000
5444491  1987.560000
5444548  818.001000
5444549  1897.120000
5445681  991.845000
5446285  376.863000
5446961  195.435000
5449777  1132.580000
5450814  807.871000
5450893  529.596000
5456023  403.295000
5456319  824.603000
5456651  648.109000
5456979  1448.970000
5457326  nan
5460434  723.449000
5460835  1413.490000
5461440  703.758000
5462901  593.387000
5466109  1435.540000
5467102  1786.510000
5467113  5308.350000
5467124  678.236000
5467126  1991.480000
5468555  735.464000
5470739  1246.430000
5470851  1565.480000
5470960  1338.790000
5471010  1305.750000
5471059  1206.930000
5471068  1217.650000
5471108  nan
5471141  1582.290000
5471158  1277.280000
5471192  1428.320000
5471202  1440.850000
5471217  619.668000
5471271  843.797000
5471289  1457.120000
5471328  nan
5471415  1110.670000
5471480  1389.120000
5471489  1043.710000
5471496  598.406000
5471566  938.465000
5471574  1084.170000
5471606  1805.120000
5471617  nan
5471675  1687.070000
5471688  1366.940000
5471690  978.788000
5471769  1258.080000
5471770  665.065000
5471792  340.854000
5473535  1684.500000
5473556  1212.450000
5474613  1131.640000
5474733  1153.740000
5475042  1029.860000
5475431  nan
5475494  2091.210000
5475641  393.541000
5475712  1938.510000
5475735  556.957000
5475736  1157.000000
5476671  1341.700000
5477805  693.599000
5478055  nan
5478083  4481.880000
5479689  454.950000
5479717  1290.880000
5479802  2433.540000
5479973  2875.610000
5480640  740.537000
5480736  2984.730000
5480884  744.461000
5481148  1966.760000
5481416  688.018000
5481426  nan
5482603  nan
5511081  552.798000
5511659  999.235000
5512513  403.888000
5512580  1658.150000
5513012  569.185000
5513648  244.322000
5513822  511.469000
5513833  170.549881
5513857  987.637000
5513861  729.631000
5513866  1112.030000
5513893  464.375000
5513897  463.408000
5514383  228.439000
5520547  1425.430000
5521300  1752.940000
5524229  725.297000
5524881  1234.180000
5525484  1664.120000
5526527  331.545000
5526717  921.361000
5527172  385.253000
5529385  487.683000
5529501  635.271000
5529552  871.588000
5529560  1411.480000
5529643  1740.770000
5529738  1352.540000
5530112  905.069000
5530881  1065.100000
5530882  749.053000
5531576  746.927000
5531694  888.027000
5531953  nan
5534476  804.896000
5534702  1703.180000
5534814  2215.580000
5534941  686.461000
5534965  1089.130000
5535280  1473.100000
5535890  567.765000
5536715  1330.080000
5542466  nan
5542983  1067.640000
5544450  584.075000
5544903  2646.400000
5545815  895.105000
5546277  806.943000
5546691  2921.990000
5546761  2011.410000
5547424  552.875000
5547480  939.691000
5551228  1452.100000
5551240  1368.830000
5551504  675.786000
5551672  165.647000
5552562  1672.410000
5552808  722.270000
5553624  969.003000
5553652  1163.360000
5553959  nan
5556726  983.978000
5556804  5021.100000
5557821  1132.170000
5559651  1080.730000
5560830  1142.940000
5560831  2601.870000
5561278  556.168000
5562090  nan
5562784  nan
5563057  937.007000
5563080  717.081000
5563300  nan
5563937  2592.890000
5564082  171.925000
5564247  1578.320000
5565261  2761.170000
5565486  4236.340000
5565497  816.034000
5565707  1029.240000
5596440  1200.840000
5597361  1329.630000
5597970  227.902000
5598216  699.332000
5598595  669.776000
5598639  nan
5598645  697.305000
5599774  918.566000
5601258  221.639000
5602409  2598.380000
5602588  1826.530000
5603270  704.627000
5607631  1139.900000
5608566  1253.570000
5609593  731.298000
5610698  2530.280000
5612111  1047.880000
5612697  nan
5613330  1141.080000
5613821  486.184000
5616489  2846.850000
5616628  2310.980000
5617259  976.928000
5617510  834.418000
5617854  253.867000
5618071  2277.520000
5621125  807.729000
5621294  2238.970000
5621299  1361.000000
5621333  2050.010000
5621586  1472.620000
5622250  1313.010000
5623137  714.501000
5623839  941.395000
5629353  1859.780000
5629538  944.241000
5629985  1411.700000
5631630  829.343000
5632701  664.601000
5632781  1205.540000
5633259  1736.200000
5636642  1657.040000
5636648  1538.910000
5637036  2479.700000
5638699  873.125000
5640085  373.744000
5640511  552.118000
5641294  789.483000
5642620  505.944000
5642688  1110.490000
5643492  892.455000
5644412  629.930000
5645170  905.064000
5647008  4158.900000
5647638  2459.730000
5648449  2089.250000
5649206  4943.830000
5649215  1104.740000
5649325  1356.280000
5649833  998.148000
5649836  5969.150000
5649837  1842.680000
5649956  2113.760000
5650314  705.480000
5650420  2073.090000
5650930  901.116000
5651104  842.947000
5651829  715.760000
5651846  1017.820000
5652237  827.736000
5652260  3157.770000
5652893  nan
5652983  732.001000
5653072  5067.520000
5653126  1325.650000
5653152  nan
5653163  nan
5653795  1569.750000
5653849  889.730000
5683219  907.879000
5683743  1019.650000
5685113  1359.370000
5686174  284.761000
5686974  921.642000
5687700  1877.340000
5687986  1151.800000
5688683  189.833000
5688790  225.393000
5688910  1236.560000
5688997  1483.720000
5689351  406.529000
5695396  228.678000
5695524  816.592000
5695615  2315.180000
5695904  229.066000
5696518  346.422000
5696909  980.249000
5696918  218.511000
5697395  506.533000
5697628  591.553000
5698524  526.814000
5700330  1213.320000
5700900  2107.300000
5702637  872.752000
5702770  1668.590000
5702939  998.751000
5705819  1189.880000
5706592  1387.270000
5706595  1167.940000
5706966  324.413000
5709014  811.461000
5709103  519.225000
5709226  1232.000000
5709725  681.086000
5709889  269.504000
5709906  914.449000
5710069  1664.730000
5716244  nan
5716508  nan
5716763  435.255000
5716932  1056.880000
5717567  317.423000
5725087  1484.130000
5725851  1520.540000
5726910  608.685000
5728139  1878.310000
5728283  2979.250000
5730380  380.931000
5730389  1738.450000
5730394  3410.270000
5730445  556.639000
5731312  374.070000
5731623  1713.240000
5732636  398.219000
5734702  812.893000
5735762  306.738000
5735878  1085.490000
5736461  3435.870000
5736801  1618.460000
5737869  905.074000
5738346  372.789000
5738496  1042.950000
5738506  6015.880000
5738634  664.848000
5738698  945.003000
5768816  544.450000
5768927  688.638000
5769810  861.205000
5769943  470.161000
5770074  651.117000
5771589  379.268000
5771719  684.808000
5773121  713.733000
5774349  558.517000
5774375  1327.740000
5775090  633.877000
5775129  1267.670000
5779606  1865.740000
5779852  1242.100000
5780194  1034.490000
5780460  3347.160000
5780715  1046.140000
5780855  1154.350000
5780885  922.562000
5780930  331.553000
5781192  535.584000
5781991  731.558000
5783732  960.496000
5783938  1339.400000
5784777  661.014000
5784803  591.809000
5785279  761.393000
5786676  335.515000
5787131  2154.450000
5790807  405.092000
5791705  1009.600000
5791713  1296.580000
5791986  649.919000
5792202  1044.360000
5793275  1031.320000
5794240  381.949000
5794379  nan
5794570  299.104000
5794687  710.233000
5795648  401.784000
5796185  nan
5796186  767.527000
5796675  497.466000
5801571  1251.950000
5802205  270.462000
5802246  1417.670000
5802285  nan
5802292  2219.230000
5802470  698.153000
5802478  816.043000
5802486  1261.110000
5802637  979.199000
5806800  764.573000
5807579  835.701000
5807616  1231.020000
5807769  1053.570000
5809372  695.163000
5809890  399.034000
5809954  219.905000
5812648  1359.690000
5812701  399.398000
5812960  613.179000
5814013  2962.840000
5814635  635.943000
5816144  885.558000
5816165  958.445000
5816806  2376.650000
5816811  1536.360000
5817533  1725.640000
5817553  1225.740000
5817566  2282.060000
5817613  2852.720000
5817685  1421.140000
5817712  1326.970000
5817957  1265.290000
5817986  1747.990000
5818068  2264.220000
5819801  577.224000
5820218  325.229000
5823557  1099.360000
5856571  338.522000
5857540  687.615000
5857656  461.524000
5858519  1987.500000
5858919  8449.600000
5859725  638.301000
5860347  336.057000
5860968  1328.200000
5864975  2161.600000
5865654  nan
5866099  464.377000
5866104  3529.480000
5866724  303.728000
5868793  78.890600
5869272  2412.740000
5871116  645.491000
5871918  537.234000
5871985  475.248000
5872139  1613.490000
5872150  1068.620000
5876360  2148.030000
5876368  950.402000
5876805  3587.900000
5877292  1301.360000
5878506  396.418000
5879448  962.080000
5880320  1502.320000
5881120  1004.550000
5881307  1515.840000
5881688  1416.440000
5881813  932.446000
5887316  897.109000
5887393  1034.250000
5888187  379.971000
5893123  995.778000
5894073  705.593000
5894182  1157.310000
5894825  1551.950000
5894972  1426.180000
5895083  1371.410000
5895158  798.246000
5895588  1432.620000
5897826  926.290000
5898983  498.610000
5899544  2123.080000
5900235  1040.510000
5900390  1378.640000
5903301  2497.180000
5903312  334.823000
5903749  nan
5905728  204.091000
5905822  259.935000
5906426  681.613000
5906694  421.152000
5908086  757.759000
5938970  244.960000
5940165  397.455000
5941160  665.912000
5942093  1608.500000
5942112  2494.820000
5942808  726.346000
5942949  631.884000
5946568  308.483000
5949765  481.503000
5951140  199.648000
5951416  1278.880000
5951458  742.688000
5952309  1403.060000
5952366  nan
5952403  236.262000
5952448  921.657000
5952457  nan
5953297  nan
5954001  1043.580000
5954894  259.790000
5955197  nan
5955321  2635.290000
5955427  565.665000
5955621  451.542000
5956038  4670.010000
5956171  1721.940000
5956342  1280.250000
5956354  1506.540000
5956633  1142.030000
5956656  nan
5956776  4962.310000
5956787  2620.850000
5956977  1942.010000
5957181  nan
5959719  435.277000
5959753  605.274000
5961350  1164.720000
5962262  484.601000
5962509  1370.600000
5962514  3097.730000
5962716  1432.980000
5963222  1826.860000
5963582  784.625000
5963591  851.548000
5964985  2146.540000
5965629  1135.360000
5965819  1899.240000
5966154  636.445000
5966322  289.907000
5966660  891.111000
5966732  4054.730000
5966810  2340.580000
5967194  1072.600000
5972334  872.343000
5977470  900.630000
5977541  814.540000
5977804  1460.130000
5978170  nan
5978361  772.283000
5978559  1040.100000
5979863  1113.630000
5980061  790.098000
5980208  319.197000
5980354  225.532000
5980783  1395.130000
5980800  1566.950000
5981058  1213.500000
5982353  547.922000
5982368  1095.730000
5983348  1631.760000
5983532  426.641000
5985713  408.532000
5986209  1078.400000
5986270  2136.780000
5988031  824.486000
5989391  569.433000
5990753  963.826000
5991070  602.016000
5991765  909.354000
5991936  2796.070000
5992210  699.072000
5992270  336.582000
6019872  1456.830000
6019971  nan
6020753  285.111000
6021193  762.596000
6021275  277.129000
6021655  2963.690000
6021840  1530.080000
6022556  1277.330000
6023571  2152.160000
6023859  410.850000
6025124  1191.780000
6025174  1387.920000
6026438  554.064000
6026737  733.250000
6026924  1002.020000
6028860  1041.310000
6029130  1163.600000
6029239  337.901000
6032318  1276.940000
6032497  1995.570000
6032517  1240.040000
6032730  181.884000
6032920  512.986000
6032981  1720.320000
6033602  1562.640000
6034379  1723.150000
6034834  507.569000
6034945  831.685000
6035124  420.215000
6035335  571.108000
6036286  150.618000
6037187  1073.480000
6037581  768.860000
6038152  1452.440000
6041511  1885.840000
6041734  1183.880000
6042031  332.670000
6042116  1424.720000
6042214  1469.920000
6042663  1091.150000
6043490  1299.450000
6043538  2585.830000
6043562  751.437000
6043574  nan
6044064  3138.500000
6044553  818.443000
6045093  780.984000
6045250  1346.890000
6045404  2123.570000
6046311  888.112000
6046540  1177.550000
6047072  792.522000
6047498  1013.950000
6047853  nan
6048024  895.774000
6048106  1635.520000
6048255  1417.350000
6049190  1542.480000
6049470  30.316300
6056992  4036.620000
6057684  806.889000
6057750  1641.030000
6058614  1817.980000
6058816  1091.000000
6058875  2209.000000
6058896  1776.240000
6060203  1068.680000
6060580  862.189000
6061119  2089.700000
6061773  264.078000
6062088  703.302000
6062298  3263.740000
6062929  897.597000
6063220  208.369000
6063448  1379.120000
6065010  762.140000
6065351  1455.240000
6066107  1042.090000
6066379  nan
6066403  964.181000
6066416  651.103000
6067545  519.699000
6068947  686.210000
6069674  1634.340000
6070337  3076.680000
6071903  246.610000
6072593  1251.260000
6103049  2609.760000
6103377  1396.410000
6105359  621.432000
6105462  1072.880000
6106046  919.820000
6106282  301.030000
6109688  895.542000
6111011  1574.550000
6113752  573.625000
6114140  1664.750000
6115356  2668.320000
6115516  1758.820000
6116035  1023.900000
6116172  2969.870000
6116605  nan
6117415  323.897000
6118370  2366.020000
6118840  801.514000
6119141  nan
6119605  2004.060000
6119877  728.126000
6119921  2235.350000
6119923  548.933000
6124137  1424.190000
6124512  1551.540000
6124941  61.501000
6125481  786.091000
6126076  582.798000
6128027  1418.780000
6128141  1852.440000
6128245  908.204000
6129524  971.325000
6129632  1128.720000
6129694  1336.020000
6131130  835.130000
6131236  1482.830000
6131659  195.315000
6137681  2805.330000
6137704  551.845000
6137779  1197.990000
6139220  1948.370000
6140059  1386.810000
6142862  364.968000
6143819  411.519000
6144039  791.529000
6145201  940.713000
6145939  642.267000
6146418  483.057000
6146838  601.546000
6147122  663.457000
6147573  728.201000
6147851  778.377000
6148271  1009.320000
6149553  228.043000
6149910  513.107000
6149980  996.847000
6150977  nan
6152521  1012.530000
6152974  574.228000
6153201  3472.290000
6153407  269.912000
6153672  1479.930000
6182019  1716.520000
6182093  354.137000
6182508  339.706000
6182846  1414.730000
6182849  934.735000
6183511  nan
6184894  317.437000
6185331  2300.530000
6185476  nan
6185496  701.008000
6185711  677.405000
6185717  637.313000
6186182  1165.960000
6186964  465.826000
6187341  nan
6187508  845.479000
6187888  538.855000
6190535  1284.320000
6191521  1491.760000
6191945  548.805000
6195669  1383.170000
6195792  nan
6196457  477.992000
6197038  1479.010000
6197215  627.171000
6197344  1792.040000
6197658  1618.080000
6198182  298.894000
6198256  926.751000
6198670  1081.940000
6198999  508.809000
6199056  1031.520000
6199702  917.230000
6199716  3497.490000
6199864  454.834000
6200235  698.485000
6200529  nan
6200612  1038.020000
6200709  2354.500000
6200715  1506.240000
6200810  2601.730000
6201203  1554.340000
6203955  948.478000
6205228  1216.580000
6205384  723.768000
6205405  244.450000
6205460  796.896000
6205468  1531.020000
6205481  851.734000
6205566  1889.630000
6205897  366.656000
6206214  1484.250000
6206470  621.257000
6206559  755.445000
6206751  688.711000
6207053  627.177000
6209225  1854.080000
6209347  1381.560000
6209637  1602.560000
6209677  868.017000
6209798  468.187000
6211812  922.255000
6220312  2051.570000
6220470  2268.560000
6221385  860.370000
6222898  1407.090000
6223324  1707.920000
6226290  1201.820000
6226908  931.956000
6227560  837.911000
6228703  1127.550000
6230649  417.538000
6231401  2074.740000
6231721  1044.000000
6233466  1441.270000
6233483  715.838000
6233573  1404.660000
6233890  1083.750000
6233903  5178.000000
6263468  3980.320000
6263593  nan
6264750  1468.870000
6265665  309.869000
6265792  753.260000
6265961  614.633000
6266741  738.657000
6266866  178.903000
6267425  880.793000
6267535  991.214000
6268648  nan
6268722  496.118000
6269070  814.078000
6272413  727.904000
6276477  774.152000
6276791  1320.380000
6276994  1263.330000
6277410  1036.310000
6277594  1200.090000
6278670  1463.130000
6278762  36.439600
6279823  nan
6279974  829.703000
6281127  1474.060000
6283224  1339.280000
6285094  2012.120000
6285396  2363.060000
6285397  636.793000
6285906  1289.110000
6286155  2652.250000
6286161  3491.390000
6286633  1043.130000
6287131  1081.400000
6287313  1657.360000
6289257  623.901000
6289344  823.013000
6289459  1168.920000
6289650  936.692000
6289897  795.413000
6290382  1037.490000
6290467  1901.760000
6290935  978.703000
6291033  2097.120000
6291653  992.071000
6291837  522.605000
6292162  1318.330000
6292732  997.314000
6294819  1635.820000
6300348  1097.210000
6301030  3674.500000
6301035  1199.750000
6305192  750.177000
6307000  796.451000
6307062  816.055000
6307063  1024.020000
6307083  178.010000
6307243  781.122000
6307521  848.638000
6307537  885.111000
6309264  nan
6309307  1802.850000
6309763  1043.970000
6310636  1311.230000
6311520  1622.620000
6311637  1091.120000
6311681  1126.420000
6311891  859.068000
6312171  1074.520000
6312314  883.425000
6312521  nan
6312534  745.895000
6314173  5335.880000
6314185  1164.340000
6342333  611.461000
6342980  802.220000
6343170  1364.220000
6343576  1264.020000
6345732  1004.100000
6345758  1561.540000
6346809  731.545000
6346894  331.676000
6347299  686.723000
6347434  401.418000
6347890  1160.440000
6349881  946.847000
6350031  1308.020000
6350476  465.446000
6350522  592.231000
6350882  1518.920000
6351097  661.146000
6356207  713.167000
6356400  487.609000
6356506  1736.510000
6356692  402.947000
6356885  1287.500000
6357290  1231.350000
6358937  1328.280000
6359175  nan
6359320  2257.320000
6359798  626.028000
6359802  347.686000
6359820  1000.150000
6359881  1518.480000
6359926  1578.550000
6359929  826.642000
6362386  1023.890000
6362874  398.676000
6363494  4662.050000
6363560  1475.130000
6364064  1353.410000
6364067  1816.990000
6364126  1248.600000
6364143  925.227000
6364162  1451.390000
6364195  814.402000
6364200  2673.430000
6364215  1571.340000
6364247  1073.940000
6364276  347.734000
6364294  2099.600000
6364307  1603.140000
6364327  1816.300000
6364582  495.148000
6365156  850.242000
6365321  1248.090000
6366559  941.026000
6367439  1724.360000
6367628  1805.220000
6367663  1634.880000
6368175  887.064000
6368222  1255.820000
6368230  1845.580000
6368905  970.303000
6369131  1707.560000
6369548  1414.260000
6369845  3307.880000
6370120  453.417000
6372194  1260.900000
6372268  645.012000
6373680  2292.370000
6381846  863.855000
6382217  384.694000
6383595  1256.580000
6383785  1125.240000
6383821  1315.260000
6384840  1336.450000
6385302  1385.890000
6386784  556.772000
6387450  725.529000
6387542  2004.720000
6387557  1436.820000
6387887  2551.230000
6387969  467.930000
6388770  1620.270000
6390236  217.882000
6390824  2258.220000
6392727  1156.830000
6421137  942.986000
6421188  763.672000
6421483  767.577000
6421503  693.042000
6421937  2092.320000
6422070  1228.830000
6422155  828.592000
6422367  nan
6423922  85.563200
6424561  1864.890000
6425377  1848.880000
6425597  1407.420000
6425957  159.720000
6426592  1346.580000
6428602  1844.360000
6428700  600.241000
6428794  584.142000
6428942  1383.860000
6429812  623.706000
6431670  1730.730000
6432059  1194.040000
6432345  703.789000
6435936  276.881000
6436029  614.859000
6436505  987.018000
6437226  1398.370000
6437617  889.037000
6437993  228.632000
6438099  1165.420000
6438379  2082.900000
6441738  1116.700000
6442246  1037.030000
6442340  594.447000
6442377  860.355000
6442602  615.681000
6442735  795.126000
6443093  1115.000000
6443274  382.825000
6443392  1384.610000
6444896  92.191300
6445531  1898.090000
6447326  1333.330000
6447372  480.243000
6448768  1459.370000
6448890  912.994000
6449291  1900.190000
6449358  815.946000
6449552  967.854000
6451125  946.090000
6451368  726.131000
6451936  833.165000
6452742  nan
6461675  1752.780000
6461850  1139.150000
6462863  477.052000
6462874  488.504000
6463499  1858.530000
6464285  738.464000
6466939  712.229000
6467363  937.344000
6468138  582.828000
6468337  473.371000
6468904  831.134000
6468938  906.023000
6469946  917.543000
6470149  1314.960000
6470516  9571.630000
6470521  856.286000
6470917  2455.650000
6471021  307.318000
6471229  1088.770000
6471230  753.320000
6497146  nan
6500206  728.297000
6501635  619.723000
6504534  410.607000
6504954  1304.250000
6507334  2431.250000
6507427  1543.990000
6507433  1511.590000
6508221  441.090000
6508734  225.548000
6509282  4295.600000
6511182  1080.990000
6515335  1432.720000
6515722  1228.820000
6516185  1303.400000
6516529  969.897000
6516874  2276.800000
6517064  974.499000
6517200  1226.340000
6517255  2587.820000
6519865  1764.640000
6520519  1264.420000
6520753  1158.440000
6521045  304.645000
6521174  1890.940000
6521526  212.879000
6521542  1239.610000
6522124  772.404000
6522242  886.667000
6522353  916.784000
6522745  2209.690000
6522750  257.723000
6522824  745.496000
6523058  nan
6523216  1220.770000
6523351  396.703000
6525106  2146.410000
6525185  1252.820000
6525193  1457.660000
6525196  194.604000
6525209  1419.590000
6525249  1586.500000
6525280  613.525000
6525398  660.267000
6525946  1513.720000
6526377  1975.550000
6526710  2864.260000
6527016  2383.020000
6527050  2460.480000
6527078  368.074000
6527229  2407.440000
6528141  1197.280000
6528464  241.949000
6531143  3516.180000
6531485  1584.210000
6531491  1829.590000
6531496  2629.240000
6531617  nan
6531801  1259.830000
6541920  646.346000
6543192  673.318000
6543645  758.625000
6543674  1542.760000
6543682  4600.150000
6543683  1230.490000
6543893  991.618000
6545018  1472.570000
6545051  1022.230000
6545358  5195.360000
6546508  2082.580000
6546528  869.266000
6547322  1233.930000
6548429  1149.940000
6548447  1083.630000
6551106  1449.860000
6579806  1669.770000
6583107  822.733000
6584167  665.380000
6584273  889.885000
6584278  1382.110000
6586746  621.853000
6587002  451.312000
6587105  973.368000
6587280  693.860000
6587796  319.675000
6590307  885.735000
6590362  1383.700000
6590726  1051.080000
6591789  1830.130000
6592335  172.245000
6592832  2337.160000
6593150  1879.340000
6593363  554.271000
6593734  1519.890000
6593968  502.015000
6594945  829.521000
6594972  830.002000
6595662  1045.480000
6599305  745.182000
6599919  873.677000
6599949  1675.440000
6599975  749.060000
6600492  1318.870000
6600515  1739.490000
6603043  990.295000
6603756  1957.060000
6603765  770.305000
6604328  1651.250000
6605493  729.823000
6606282  351.866000
6606438  1377.610000
6606653  2769.950000
6606669  1994.750000
6606934  2397.070000
6607286  1003.010000
6607357  840.128000
6607447  910.542000
6607610  2252.910000
6607644  614.827000
6608090  463.957000
6609270  344.337000
6610064  1336.640000
6610219  1177.490000
6610433  407.079000
6611330  1231.400000
6611779  327.614000
6612284  2432.880000
6612327  nan
6612411  1378.820000
6612973  440.959000
6613006  832.799000
6614629  515.334000
6614748  2163.320000
6614926  1274.460000
6615511  1687.470000
6615600  1317.800000
6616218  268.881000
6619815  1506.360000
6620003  505.497000
6621116  1717.480000
6627507  1127.820000
6628237  1041.820000
6628740  2319.370000
6628926  1343.710000
6629156  2419.930000
6629332  870.815000
6629588  2016.570000
6629993  785.870000
6630943  nan
6631721  754.155000
6634112  653.804000
6634133  579.308000
6635813  1270.680000
6636020  2352.900000
6636320  851.595000
6664842  933.796000
6665064  1189.190000
6665223  1484.520000
6665512  556.006000
6665695  414.825000
6665860  1257.190000
6666233  258.511000
6670075  1076.180000
6670610  411.801000
6670742  325.787000
6672229  2297.430000
6674908  nan
6675056  792.984000
6675060  2977.110000
6675757  615.780000
6676725  1269.740000
6677256  1080.010000
6677267  1067.740000
6677415  936.127000
6677841  1037.400000
6678383  400.785000
6679295  nan
6679504  2335.160000
6680177  2095.320000
6680911  859.863000
6681233  634.977000
6681473  862.594000
6681546  3870.740000
6681618  1505.310000
6681687  1221.240000
6685403  1048.260000
6685526  591.776000
6685609  875.519000
6685646  5950.520000
6688318  998.393000
6690082  780.361000
6690171  1049.400000
6690523  2000.840000
6690836  728.303000
6691169  2396.780000
6692742  1517.810000
6692833  1759.350000
6693640  972.274000
6694186  333.916000
6695622  1211.210000
6695801  852.250000
6695889  1561.710000
6696462  947.552000
6696580  1443.210000
6697605  nan
6697716  844.447000
6697756  202.782000
6697817  812.238000
6697976  1646.950000
6698670  526.630000
6699368  1126.110000
6699562  2446.900000
6705026  1273.780000
6705137  1943.870000
6705142  1374.690000
6706287  489.642000
6707260  854.194000
6707833  1159.310000
6707835  557.787000
6707908  2159.490000
6707942  324.527000
6715997  1256.000000
6716021  774.430000
6716545  1027.210000
6717252  552.151000
6718474  744.528000
6719052  1986.700000
6719086  830.764000
6720773  1798.680000
6721123  655.303000
6721380  999.104000
6721603  698.950000
6750902  1211.420000
6751874  1408.750000
6752002  nan
6752502  1361.000000
6755944  674.695000
6756202  600.897000
6756369  1824.080000
6756669  1070.090000
6758917  846.175000
6761777  1393.830000
6762188  4223.490000
6762829  1174.590000
6763884  304.162000
6765135  1406.770000
6765563  1734.220000
6766583  1314.850000
6766634  979.541000
6766748  1359.710000
6767227  736.021000
6767337  413.170000
6767840  1054.870000
6768394  1025.100000
6768616  1080.900000
6773862  304.889000
6774408  390.628000
6774537  615.231000
6774826  1494.320000
6774880  1101.420000
6775985  1621.450000
6776401  568.751000
6776555  108.690000
6778008  1766.340000
6778019  1009.870000
6778289  1066.440000
6779260  174.234000
6779726  1030.110000
6780158  838.742000
6780367  1181.180000
6781047  973.178000
6781535  nan
6781548  1434.860000
6783732  780.566000
6784235  1394.220000
6784887  2191.190000
6786037  1539.630000
6786224  649.041000
6786348  1730.780000
6790592  1130.670000
6792124  1401.090000
6792908  1149.860000
6795089  2725.780000
6802536  429.589000
6803202  590.268000
6803855  848.396000
6804648  845.796000
6805146  1183.080000
6805414  2157.250000
6806632  12042.400000
6806695  nan
6837146  861.357000
6837283  783.970000
6838050  867.271000
6839010  658.907000
6841577  1236.830000
6842345  1508.120000
6842682  897.783000
6842807  908.711000
6846544  790.643000
6846911  923.551000
6847018  664.214000
6848529  246.449000
6849046  630.785000
6849310  1036.490000
6850504  282.563000
6850665  1505.480000
6851425  571.904000
6852354  1130.380000
6852488  2358.420000
6853172  1903.530000
6859546  590.463000
6859801  534.977000
6859813  674.606000
6862328  906.809000
6862332  1230.940000
6862603  1691.650000
6862721  962.630000
6863158  351.473000
6863161  4474.060000
6863187  1596.480000
6863839  1667.840000
6863840  974.978000
6863998  664.843000
6864569  705.498000
6864706  1660.090000
6864859  658.706000
6864885  1137.520000
6864891  401.452000
6864893  628.494000
6866228  2025.180000
6866251  1489.500000
6867155  403.174000
6867219  1120.520000
6867555  2140.600000
6867588  880.857000
6867766  1208.340000
6869184  1349.430000
6869373  1040.620000
6871071  1265.610000
6875342  1108.020000
6876575  327.357000
6877673  1390.110000
6877871  1602.970000
6878167  2250.430000
6878240  1013.490000
6878408  1459.010000
6879171  468.771000
6879183  2019.000000
6879865  1693.550000
6880123  2328.510000
6880517  1017.820000
6880531  1940.940000
6887030  686.909000
6887321  628.068000
6889235  701.241000
6890618  1388.720000
6891124  1264.660000
6891366  961.534000
6891512  462.046000
6891513  1459.130000
6891543  697.874000
6891637  588.499000
6921944  318.004000
6922203  1383.450000
6922244  1021.870000
6922710  280.629000
6924203  1073.760000
6925263  1077.580000
6927629  1875.780000
6928906  1098.430000
6929016  2086.240000
6929285  807.008000
6929841  570.835000
6932987  974.633000
6933567  854.280000
6933781  319.805000
6934045  1163.440000
6934291  575.322000
6934587  853.073000
6934986  1738.430000
6936909  1786.480000
6936966  273.156000
6936977  616.438000
6937402  2462.940000
6937529  1221.050000
6937692  1848.840000
6938264  252.254000
6939670  2429.680000
6939913  943.934000
6941084  1175.220000
6945786  763.662000
6946199  1091.630000
6946681  978.503000
6946708  1505.690000
6946985  741.746000
6947062  1042.780000
6947164  1975.960000
6947623  671.180000
6947668  1002.200000
6947837  945.651000
6948054  861.527000
6948480  1543.350000
6948815  2910.690000
6949061  927.193000
6949550  1326.590000
6949607  438.359000
6949898  944.655000
6950275  1248.950000
6952570  3189.490000
6952971  1588.650000
6953219  2014.910000
6953281  1798.340000
6955671  2490.880000
6956014  2311.800000
6956136  813.773000
6956176  3516.550000
6956216  2243.570000
6956233  967.892000
6960445  993.674000
6960446  nan
6960456  719.020000
6960487  2292.930000
6960913  335.079000
6962018  378.722000
6962109  944.445000
6962901  295.050000
6962977  1056.480000
6964043  2701.550000
6964159  858.939000
6964929  981.779000
6965293  1051.650000
6967278  5485.600000
6967430  894.113000
6973796  502.112000
6974658  401.972000
6974867  545.078000
6975129  797.720000
6975615  624.648000
7008149  800.389000
7008211  719.802000
7009548  442.098000
7009828  2700.640000
7011044  1079.530000
7013635  109.583000
7013923  848.580000
7017274  731.018000
7017372  989.963000
7017437  2616.370000
7018210  1543.210000
7019489  1175.400000
7019524  868.056000
7019580  865.687000
7020168  2204.600000
7021177  2062.830000
7021534  803.657000
7021681  283.410000
7022573  2075.450000
7022603  917.757000
7023960  1346.110000
7024045  423.126000
7024222  168.515000
7024511  nan
7024530  1294.330000
7025526  119.592000
7025540  859.445000
7025846  903.937000
7025851  1225.590000
7026477  2113.270000
7031066  560.545000
7031126  1537.030000
7031132  370.001000
7031208  1945.550000
7031340  2645.450000
7031430  194.231000
7031517  1694.740000
7031638  534.385000
7031726  nan
7031732  1345.520000
7031742  2188.740000
7031767  1249.940000
7031898  891.589000
7031942  501.341000
7031948  377.840000
7031992  3883.100000
7032001  896.511000
7032117  641.532000
7032174  277.552000
7032383  5764.120000
7032421  903.111000
7032568  809.793000
7032687  1939.450000
7032968  316.858000
7033233  486.940000
7033671  969.918000
7033713  970.125000
7033748  2260.880000
7035812  1128.610000
7037540  905.931000
7038096  1042.160000
7038988  1434.040000
7040629  775.328000
7041972  1482.560000
7045435  1162.320000
7045496  810.082000
7045605  1324.010000
7046035  2712.580000
7046804  587.910000
7047207  1734.430000
7047299  800.066000
7047363  999.640000
7047824  593.384000
7047922  1081.940000
7049486  597.611000
7049771  1550.880000
7050060  1469.200000
7050754  1478.500000
7050989  420.818000
7051180  903.653000
7051984  342.068000
7052511  734.869000
7053328  1448.700000
7090524  835.882000
7090801  nan
7090867  1974.530000
7091432  680.828000
7093401  1719.690000
7094486  355.019000
7094944  599.185000
7097534  771.599000
7097571  761.604000
7097965  602.218000
7098255  528.189000
7098355  661.876000
7100673  399.114000
7101726  924.564000
7101828  293.765000
7102227  694.627000
7102316  1083.910000
7103300  299.311000
7103919  697.253000
7105574  1391.260000
7106173  477.780000
7106437  887.366000
7106438  1779.550000
7107561  983.353000
7107567  1731.710000
7107802  987.237000
7108433  2973.080000
7109675  777.060000
7109680  634.265000
7109851  684.448000
7115200  599.368000
7115291  2339.910000
7115332  1520.980000
7115384  2292.550000
7115463  1673.120000
7115550  735.742000
7115597  1753.960000
7115661  nan
7115671  1463.430000
7115785  576.946000
7115878  923.946000
7115925  822.604000
7116024  322.269000
7116043  600.348000
7116117  406.179000
7116226  1586.850000
7116236  2207.630000
7116282  957.076000
7116519  3113.230000
7116859  927.522000
7117003  836.713000
7117050  1180.060000
7117126  541.281000
7117147  854.044000
7117355  913.213000
7117485  1328.990000
7117513  1956.300000
7117541  1400.540000
7117549  1669.650000
7117710  470.632000
7118364  1448.340000
7118545  1180.600000
7119080  754.015000
7119481  1026.490000
7120108  430.254000
7121885  2172.520000
7122259  3312.540000
7123580  1412.330000
7123614  810.833000
7124026  979.338000
7124613  781.582000
7125636  627.327000
7125794  678.973000
7128918  2192.040000
7129465  1131.620000
7130418  1406.780000
7130612  531.576000
7131760  862.920000
7132015  5576.720000
7132462  1556.010000
7132542  3356.110000
7132798  701.996000
7133286  1600.230000
7133294  1286.100000
7134626  753.043000
7134976  626.078000
7135549  941.256000
7135852  576.181000
7136729  540.587000
7136958  1815.770000
7137213  578.153000
7137725  832.284000
7137798  1493.230000
7138841  787.096000
7174349  1198.710000
7174351  1763.770000
7174617  406.202000
7174911  740.361000
7175184  384.917000
7176424  811.831000
7177553  195.108000
7177555  338.002000
7177766  645.515000
7177892  462.155000
7183745  849.312000
7184556  974.692000
7185487  245.782000
7185710  3247.620000
7186259  947.404000
7186436  748.307000
7186665  1170.620000
7189825  627.004000
7190639  1935.970000
7191523  593.834000
7191646  1618.910000
7192680  1071.380000
7198587  1286.210000
7198648  973.054000
7198881  970.969000
7199060  819.028000
7199397  423.909000
7199644  844.491000
7199724  1106.770000
7199756  323.328000
7199774  572.313000
7199883  882.552000
7199906  1603.940000
7199935  1028.260000
7200102  1186.530000
7200225  1316.260000
7200301  895.049000
7200485  nan
7202957  113.025000
7203179  1911.630000
7203194  983.808000
7203326  987.238000
7203858  1404.460000
7204073  111.099000
7204233  492.488000
7204981  842.459000
7205717  1274.950000
7206422  659.467000
7207061  973.989000
7207081  840.580000
7210749  1791.470000
7211141  2046.680000
7211221  593.540000
7211469  nan
7211879  1231.630000
7212066  1453.970000
7212184  1617.070000
7212722  1118.850000
7213311  2558.130000
7214090  1565.400000
7215603  400.289000
7215678  988.562000
7216284  1054.370000
7217088  1209.410000
7219761  181.114000
7219825  1021.660000
7219906  789.141000
7220320  nan
7220322  366.631000
7220429  nan
7222086  578.970000
7255336  402.669000
7255910  630.837000
7256460  796.912000
7256914  1253.690000
7257363  864.542000
7257373  954.054000
7257966  1002.120000
7258902  993.701000
7259249  1119.990000
7259298  889.426000
7265298  1432.170000
7266212  1177.270000
7269493  405.104000
7269881  466.934000
7269974  937.013000
7270230  1280.860000
7272132  1423.060000
7273277  562.116000
7277317  1063.580000
7280953  94.212700
7281217  1723.070000
7281229  1727.860000
7281356  1619.940000
7281399  673.726000
7281410  4086.210000
7281411  4361.480000
7281454  2208.680000
7281484  689.329000
7281616  837.741000
7281668  471.426000
7281694  297.041000
7281699  1563.890000
7282008  997.016000
7282042  902.182000
7282154  2250.330000
7282168  965.322000
7282470  1084.630000
7282872  773.665000
7283710  728.315000
7284688  nan
7285616  1295.510000
7285673  1521.650000
7285757  912.085000
7286173  548.364000
7286911  753.135000
7287028  535.533000
7287391  342.242000
7287415  996.105000
7287677  831.527000
7287683  856.388000
7287995  348.291000
7288306  1225.570000
7288444  1910.770000
7289139  1178.930000
7289157  742.712000
7289162  1206.050000
7289165  530.553000
7289317  758.170000
7289338  1886.250000
7289577  790.516000
7293937  2745.280000
7294743  874.531000
7295235  278.987000
7295570  1521.110000
7296086  1062.590000
7296094  nan
7296438  166.247000
7300182  1001.390000
7303253  624.575000
7303287  704.438000
7304449  134.397000
7335514  172.874000
7335713  1041.380000
7335972  974.782000
7336093  nan
7336754  1284.980000
7340624  2189.880000
7345136  1273.380000
7345248  1093.120000
7345335  785.706000
7347246  1660.480000
7350067  127.591000
7351237  1123.760000
7352727  918.240000
7353970  581.625000
7357531  1250.460000
7362450  343.971000
7362534  843.960000
7362632  2253.430000
7362696  2821.840000
7362852  2731.470000
7363829  2030.290000
7364176  375.522000
7365447  3366.530000
7366036  360.142000
7366065  1165.850000
7366258  904.326000
7366501  1050.130000
7366895  865.498000
7367164  2256.150000
7368103  2239.080000
7368137  728.119000
7368664  1222.540000
7369523  2538.780000
7369865  1717.250000
7373451  872.493000
7373877  614.802000
7374746  1375.300000
7375100  384.746000
7375348  324.618000
7375795  834.799000
7376490  367.385000
7376500  1610.510000
7376982  604.507000
7376983  595.683000
7377033  1384.210000
7377200  1636.900000
7377343  1481.820000
7379385  1575.390000
7380537  734.772000
7380829  1118.590000
7381580  978.159000
7381695  1265.410000
7382313  961.907000
7383840  936.114000
7385387  1258.970000
7385478  591.685000
7385509  4474.140000
7386200  1828.750000
7386391  1281.230000
7386827  764.456000
7416016  282.085000
7416306  1313.010000
7416646  309.021000
7418173  1323.580000
7419318  302.979000
7421876  708.885000
7422883  696.204000
7427764  845.022000
7428316  1377.710000
7428736  546.998000
7429240  831.287000
7429287  328.128000
7430034  682.522000
7430876  nan
7431665  845.746000
7431709  595.401000
7433585  1869.510000
7434875  663.711000
7435780  1797.310000
7436177  2014.070000
7436215  763.872000
7439316  646.667000
7440715  2878.990000
7440748  434.632000
7445445  610.326000
7446631  695.945000
7447200  232.750000
7447895  776.449000
7448023  482.522000
7449136  408.303000
7449541  2481.710000
7449554  1636.930000
7449844  1708.900000
7450747  2617.350000
7451315  1945.310000
7455287  271.701000
7455553  844.714000
7455981  863.873000
7456001  1082.160000
7456380  624.231000
7456521  1223.320000
7457278  343.593000
7457296  691.961000
7458309  680.794000
7458433  1020.460000
7458743  1694.500000
7458762  1089.870000
7461307  906.998000
7461314  1069.000000
7461521  2194.820000
7463685  1443.090000
7464205  1324.820000
7466270  nan
7466863  927.816000
7468295  1610.000000
7470491  9187.340000
7499398  1178.950000
7499571  931.881000
7501646  1116.200000
7503885  1285.480000
7504328  850.004000
7504778  1717.480000
7509886  309.353000
7510820  679.106000
7512982  839.903000
7515212  687.194000
7515336  706.415000
7515670  1399.130000
7515679  847.299000
7515762  1840.770000
7516073  591.285000
7516809  1838.400000
7517261  1475.600000
7522911  2065.980000
7523542  1666.920000
7529266  1418.770000
7531677  927.306000
7532973  1397.040000
7534267  1110.480000
7537660  1830.460000
7537945  1066.570000
7538434  nan
7538450  739.712000
7539174  1689.610000
7539277  894.823000
7541502  142.454000
7541746  851.368000
7542369  963.806000
7542813  1596.800000
7543649  2119.420000
7549209  1242.620000
7550875  746.976000
7552344  1028.920000
7552701  955.174000
7581535  1528.760000
7582689  486.546000
7582691  262.595000
7583650  956.910000
7584650  865.546000
7584778  637.454000
7585481  2083.370000
7588436  1029.790000
7592339  502.134000
7592529  273.795000
7592922  787.855000
7593110  1417.210000
7595157  556.580000
7596240  1416.310000
7597005  1430.650000
7597703  2537.130000
7598111  966.400000
7598128  1427.200000
7598326  848.635000
7599004  1859.990000
7601633  1200.020000
7601665  929.800000
7601918  590.050000
7602070  828.050000
7602351  1157.760000
7603200  66.862400
7604328  805.936000
7605093  845.228000
7605600  159.009000
7609553  455.358000
7609674  1131.350000
7610663  502.497000
7612691  4092.530000
7613246  1312.590000
7613620  1112.360000
7618231  958.284000
7618364  1249.090000
7619236  649.423000
7619667  627.006000
7620413  1049.190000
7620660  1252.010000
7620844  842.868000
7622059  1057.690000
7622072  657.723000
7622473  4948.270000
7622486  893.000000
7624297  817.658000
7625138  339.288000
7625143  954.630000
7626370  465.612000
7626506  513.206000
7629518  1499.660000
7630229  675.316000
7630658  2059.430000
7631138  435.048000
7631194  1444.440000
7658229  1616.810000
7659389  840.182000
7661065  658.616000
7661409  1263.470000
7661893  423.034000
7662209  nan
7662502  802.301000
7662744  1732.060000
7663405  820.913000
7663691  1327.440000
7663804  1645.830000
7664272  654.552000
7668416  760.770000
7668648  1739.050000
7668663  567.806000
7670485  834.660000
7670617  1177.810000
7670943  295.293000
7671594  213.931000
7671950  2444.250000
7672097  1077.630000
7672215  1203.610000
7672940  618.203000
7673192  625.339000
7673841  681.428000
7674050  1675.270000
7676423  875.523000
7677005  860.148000
7678434  635.009000
7679812  620.091000
7681230  1814.890000
7684873  537.121000
7685981  2805.480000
7686191  1677.630000
7687365  678.279000
7690521  1521.500000
7690782  1656.430000
7690844  1976.050000
7690855  219.325000
7691260  504.605000
7691527  1193.960000
7692093  1054.940000
7692248  1831.950000
7694615  433.254000
7695087  nan
7695093  939.212000
7695445  1244.900000
7697103  2073.490000
7697568  1686.670000
7698701  988.722000
7699298  587.985000
7700500  867.020000
7700561  2776.700000
7700578  2194.290000
7700590  nan
7700622  195.439000
7700871  326.679000
7701809  1302.130000
7703882  1373.830000
7703910  1304.380000
7703955  1160.630000
7707736  1372.740000
7707742  7007.170000
7708193  nan
7708215  1055.170000
7730747  1099.550000
7731281  nan
7732285  670.059000
7732791  720.998000
7733540  nan
7733731  1055.110000
7741048  692.740000
7741837  815.151000
7742408  247.771000
7743464  1573.850000
7746958  nan
7747091  768.031000
7747103  2742.520000
7747197  852.568000
7747425  1047.030000
7747457  1508.330000
7747835  1694.200000
7748487  1892.400000
7749002  1096.630000
7749318  937.255000
7749773  443.371000
7750342  3111.180000
7750419  1162.960000
7750740  1226.920000
7751133  907.534000
7751294  1085.020000
7751562  2168.190000
7751571  nan
7755636  739.357000
7755741  1482.430000
7757620  921.024000
7757698  1083.400000
7758018  1918.990000
7761545  983.502000
7761585  2655.160000
7761918  438.412000
7762153  1309.940000
7762717  418.203000
7762723  680.583000
7762886  570.932000
7763269  2859.840000
7764367  1318.050000
7765528  1198.030000
7767162  1430.840000
7767559  1569.320000
7767733  2349.240000
7767781  1054.740000
7768451  823.290000
7768952  970.702000
7769072  1483.010000
7769815  1850.300000
7769819  890.724000
7770450  1073.780000
7770471  1721.580000
7770901  1104.050000
7771181  nan
7772914  723.387000
7773179  1158.010000
7777365  1244.850000
7777372  1714.270000
7777397  784.285000
7777416  981.540000
7777471  1306.980000
7777522  1372.290000
7777818  748.245000
7778427  522.106000
7778437  1249.410000
7778621  249.102000
7778664  1550.520000
7778767  1379.430000
7779077  582.942000
7779942  369.671000
7798259  828.524000
7799701  1909.970000
7800285  1163.850000
7801070  1166.450000
7802136  927.448000
7802719  342.144000
7804128  753.974000
7808587  711.297000
7809049  543.238000
7810483  892.841000
7811057  294.664000
7811211  833.364000
7811397  1036.960000
7811537  1451.220000
7812167  1420.470000
7812175  2689.060000
7812179  869.604000
7812455  1425.720000
7812893  nan
7812990  777.712000
7813039  608.085000
7815744  1017.200000
7815931  1533.650000
7816665  2582.560000
7816680  2447.310000
7816935  1307.200000
7818447  nan
7819520  1492.610000
7820699  nan
7821010  356.837000
7825899  738.792000
7826620  nan
7826659  274.180000
7829836  902.028000
7830321  1311.770000
7830637  2313.080000
7830953  2008.750000
7831264  955.168000
7831363  1665.640000
7832356  1506.580000
7832787  1890.920000
7833305  nan
7834045  1889.430000
7834712  1677.260000
7835312  1685.090000
7836096  829.818000
7837302  1343.710000
7837526  667.672000
7837733  1651.750000
7838639  1116.310000
7838655  833.424000
7838675  839.076000
7838906  2367.400000
7840035  5907.320000
7840044  1591.010000
7841368  764.024000
7841925  586.137000
7841986  1658.810000
7842610  1589.700000
7846730  1057.930000
7847104  538.554000
7847927  1141.100000
7849854  1302.330000
7866914  950.876000
7866921  1986.240000
7868092  479.562000
7868967  335.785000
7869917  601.324000
7870032  574.314000
7870250  1444.510000
7870282  3143.470000
7870390  400.409000
7871395  508.509000
7871954  209.738000
7874976  404.777000
7877496  1086.240000
7877818  2920.370000
7877820  673.921000
7877824  2223.580000
7877978  408.007000
7879433  250.199000
7879648  906.071000
7881464  2755.780000
7882360  1234.380000
7884986  2652.780000
7885494  2222.540000
7885518  513.062000
7885558  749.977000
7885570  516.315000
7886329  624.332000
7887791  135.514000
7887890  1195.670000
7888863  1877.770000
7888957  2195.940000
7889486  1228.360000
7891264  3704.360000
7891294  585.722000
7897936  2991.330000
7898352  1402.580000
7898576  2161.120000
7899070  2385.060000
7900100  1995.470000
7900114  712.638000
7900450  1197.910000
7900695  429.877000
7900727  1231.420000
7901016  1152.020000
7901948  879.683000
7902003  546.973000
7902204  1714.930000
7902719  2652.020000
7903086  1366.130000
7905106  224.631000
7906671  1362.360000
7906739  599.363000
7906827  1666.690000
7906882  525.477000
7906892  1200.570000
7907423  190.401000
7907808  452.807000
7908367  413.873000
7910148  826.686000
7914906  995.655000
7916058  1372.790000
7917068  1301.620000
7917485  1382.890000
7918172  480.155000
7918217  3169.910000
7918478  nan
7918652  814.123000
7918992  914.299000
7919516  585.811000
7919653  1300.170000
7919867  706.485000
7935997  336.090000
7936194  711.117000
7938468  2201.740000
7938496  1427.080000
7938499  365.856000
7938883  nan
7939330  2334.930000
7939761  1416.040000
7940533  834.906000
7941200  273.946000
7941635  nan
7943535  833.757000
7947631  792.701000
7948619  892.574000
7948784  1276.290000
7949593  905.971000
7950158  1263.700000
7950644  1017.800000
7950775  982.626000
7951018  1712.120000
7954278  753.775000
7955301  1268.310000
7955580  608.738000
7959310  1341.370000
7960295  nan
7960547  886.400000
7960980  1050.450000
7967100  5081.450000
7967210  1965.910000
7967517  1053.890000
7967861  1137.140000
7968683  700.914000
7970194  803.825000
7970629  1916.670000
7970760  1102.030000
7971389  734.290000
7972785  2316.890000
7974634  1392.010000
7975727  1199.160000
7976136  1417.010000
7976435  983.275000
7976520  nan
7977197  855.641000
7978202  331.213000
7979297  1107.780000
7982917  367.527000
7983117  513.426000
7983756  983.177000
7984047  758.153000
7984574  1252.610000
7985167  971.408000
7985733  3100.540000
7987086  1743.860000
7987749  819.751000
7987866  486.174000
7989422  602.441000
8004903  1354.460000
8005002  379.981000
8007174  709.738000
8007262  986.152000
8007644  1304.190000
8007675  565.482000
8008067  391.038000
8008128  1014.830000
8008206  466.735000
8008913  489.867000
8009350  570.727000
8009496  674.655000
8009500  746.791000
8009811  776.519000
8012732  1002.940000
8013289  820.435000
8013419  526.581000
8013439  267.323000
8015907  585.187000
8016211  1451.200000
8016214  2250.510000
8016650  1917.110000
8016691  370.312000
8016692  744.862000
8017703  384.757000
8018547  568.340000
8019043  319.217000
8022244  1312.340000
8022489  866.331000
8022520  1159.860000
8023317  768.678000
8025596  1593.700000
8025718  1271.080000
8026752  1591.040000
8027902  847.898000
8028465  492.339000
8029197  579.108000
8029848  586.830000
8030148  841.496000
8030339  nan
8035322  816.501000
8036287  517.292000
8036863  791.459000
8037038  1305.990000
8037145  527.321000
8037926  1256.380000
8039892  2497.510000
8039925  1120.850000
8040308  790.627000
8040457  1723.110000
8041216  807.480000
8042453  1545.390000
8042644  2115.940000
8042747  1244.370000
8042789  1150.620000
8042835  1696.990000
8043052  nan
8043638  776.708000
8043714  1688.040000
8043721  nan
8043882  839.818000
8043968  1094.660000
8044083  2016.900000
8044600  1494.760000
8044608  868.683000
8046659  1593.240000
8046689  2646.780000
8047283  1857.820000
8047428  1631.660000
8051946  949.590000
8052474  622.519000
8053552  1851.250000
8054719  1157.940000
8056651  1120.460000
8056665  596.625000
8058507  1134.680000
8073705  506.357000
8073806  1404.380000
8074328  518.990000
8074805  1756.570000
8075618  1489.940000
8076215  1862.050000
8076630  1643.550000
8077137  396.379000
8078502  1177.530000
8081187  803.776000
8081239  1002.740000
8081389  nan
8081482  1296.950000
8081899  540.604000
8081905  1493.430000
8082001  1285.590000
8087812  852.062000
8088354  794.370000
8091197  753.030000
8094120  980.515000
8094140  409.825000
8094221  2011.190000
8094942  1247.780000
8095099  1765.850000
8095110  1245.250000
8095441  528.685000
8096395  222.504000
8097825  1124.680000
8098212  490.269000
8098300  947.044000
8098515  467.665000
8098728  476.043000
8098960  1002.670000
8099138  922.333000
8099517  1555.760000
8104030  1274.760000
8104207  1546.090000
8104436  1594.950000
8105398  716.760000
8105719  1654.730000
8106112  1661.120000
8106139  1066.350000
8106610  1201.040000
8106973  3334.670000
8107034  2597.640000
8107115  1096.380000
8107150  1591.720000
8107225  556.726000
8107380  813.535000
8107611  1370.630000
8108437  3097.120000
8108450  2628.930000
8109107  1278.570000
8109692  1120.910000
8110733  638.276000
8110757  1335.860000
8110758  1028.990000
8110767  1141.890000
8111381  1444.470000
8111622  1289.860000
8111919  1124.670000
8112013  674.653000
8112324  956.161000
8113154  1222.610000
8115647  1001.820000
8120608  177.594000
8120820  434.026000
8121067  1251.860000
8121310  830.638000
8121328  1263.640000
8121913  707.303000
8123170  1441.520000
8123937  967.778000
8125580  721.027000
8125917  510.538000
8126531  1477.120000
8126558  1006.630000
8127586  1228.600000
8127607  856.154000
8127639  1738.020000
8127648  1653.150000
8128067  1300.640000
8128247  5530.270000
8128965  981.849000
8129005  1373.140000
8129042  1567.550000
8129189  1134.370000
8129333  2345.390000
8129641  1671.010000
8142787  757.048000
8142942  305.792000
8143170  913.702000
8145789  2312.980000
8145958  566.349000
8149484  1235.350000
8150320  578.796000
8151055  553.218000
8153568  4589.370000
8155368  1109.160000
8155584  1373.820000
8155654  1438.920000
8156120  639.239000
8158127  1296.020000
8158324  1998.890000
8158429  1606.140000
8160953  679.361000
8161561  1173.570000
8161830  574.394000
8162376  nan
8162789  1252.130000
8162790  1603.870000
8163784  575.608000
8164012  1090.700000
8164257  688.573000
8164262  1455.680000
8165617  859.606000
8165946  693.618000
8167504  766.798000
8167938  1858.540000
8167959  459.067000
8167978  1419.460000
8167996  241.987000
8168187  1273.510000
8168509  1370.560000
8168581  859.067000
8174625  760.430000
8175131  640.594000
8176019  2045.150000
8176564  213.766000
8176650  1850.740000
8176653  735.477000
8177798  2347.170000
8178616  1037.150000
8179190  2579.080000
8179286  980.128000
8179325  871.098000
8179747  2171.260000
8179973  300.200000
8180020  1702.990000
8180063  1428.670000
8180290  1060.130000
8181016  857.714000
8182107  690.321000
8183288  nan
8183389  1255.340000
8183911  993.927000
8189801  428.501000
8190354  577.800000
8191672  899.777000
8192427  1078.340000
8192861  740.867000
8192911  nan
8193178  1143.000000
8193315  1543.520000
8195877  884.578000
8196180  662.922000
8196226  773.630000
8197176  1614.070000
8197343  1137.290000
8197406  636.669000
8197560  1481.580000
8197761  411.538000
8197767  349.504000
8197793  1377.390000
8210018  476.957000
8210370  1115.220000
8210721  1016.380000
8211521  801.493000
8211605  3878.750000
8211824  1337.690000
8212002  422.269000
8216763  400.517000
8218274  1008.880000
8218379  624.800000
8219268  1294.690000
8219673  1069.890000
8222395  541.792000
8222627  nan
8222813  792.336000
8223328  375.221000
8223445  1728.880000
8223568  643.234000
8223655  1204.780000
8226050  579.273000
8226720  1536.330000
8226994  760.585000
8227086  1927.360000
8227464  626.801000
8227661  nan
8229048  1005.340000
8229361  807.200000
8229458  215.233000
8229696  830.707000
8230616  384.938000
8230809  2420.450000
8231299  387.533000
8231667  667.405000
8231877  758.403000
8233326  787.903000
8233702  1008.570000
8233802  2027.960000
8234477  2121.820000
8234889  962.580000
8235924  317.022000
8240109  2083.690000
8240123  1105.280000
8240617  3376.600000
8240746  1027.690000
8240790  1197.490000
8240797  384.542000
8240861  3062.820000
8240904  1370.790000
8241079  679.207000
8241258  739.623000
8241736  529.484000
8242350  826.767000
8242434  216.354000
8242681  1973.650000
8242769  1317.750000
8243263  1203.880000
8243283  1722.420000
8244173  853.729000
8244190  1206.990000
8244295  844.164000
8244947  341.701000
8245108  832.197000
8246781  1515.110000
8247638  924.625000
8247770  731.185000
8247771  588.715000
8248103  1224.520000
8248939  339.508000
8254882  1086.080000
8255058  1091.070000
8255887  1065.370000
8256044  1784.390000
8256049  648.760000
8256453  3314.440000
8256882  844.193000
8257205  584.136000
8257407  1170.830000
8258103  763.319000
8258160  1238.280000
8258171  868.329000
8259713  1292.110000
8260198  861.544000
8260218  1489.540000
8260234  461.509000
8260269  1184.250000
8260902  888.325000
8261920  636.694000
8262210  1141.450000
8262223  988.733000
8263187  2690.380000
8263545  1494.300000
8263746  1596.090000
8263752  714.334000
8264070  2192.470000
8264097  1907.040000
8264402  593.343000
8265156  781.393000
8265218  788.999000
8265239  1771.530000
8265520  2165.230000
8265990  923.006000
8266276  nan
8277797  400.480000
8278073  726.823000
8278371  557.652000
8278685  1210.300000
8279146  381.665000
8279765  1634.030000
8280511  404.542000
8282651  491.406000
8282846  748.326000
8283875  547.812000
8285254  2487.700000
8285970  977.874000
8288404  814.041000
8288719  454.012000
8288741  871.039000
8288947  938.168000
8292840  237.401000
8293631  5241.010000
8294484  1622.030000
8294683  857.465000
8295087  1141.810000
8295671  1343.080000
8296467  1157.840000
8297017  434.653000
8297319  447.595000
8299947  nan
8299955  551.900000
8300828  1953.100000
8301013  1058.750000
8301878  1285.440000
8302302  2746.030000
8302450  1264.510000
8302455  360.645000
8302473  1129.240000
8307354  1228.320000
8307489  837.664000
8308070  1069.900000
8308260  2827.920000
8308347  6893.220000
8308516  1026.950000
8308639  2444.710000
8308682  961.641000
8309169  1282.140000
8311864  551.727000
8312222  2004.690000
8312852  1049.790000
8313667  830.614000
8313697  1589.410000
8314801  1475.430000
8316503  1270.640000
8320630  1099.240000
8321314  733.143000
8323753  777.706000
8323764  3923.720000
8324518  1098.860000
8326342  804.105000
8328916  1316.170000
8329346  1113.880000
8330207  3062.080000
8330548  1396.490000
8330575  1526.410000
8331612  1514.660000
8332521  1193.450000
8332986  nan
8344004  968.544000
8345172  933.994000
8345358  2873.240000
8345384  210.819000
8345473  1599.120000
8346392  443.106000
8349399  1297.880000
8349405  2664.460000
8349582  445.656000
8351704  283.155000
8351919  nan
8352009  1024.120000
8352016  1009.600000
8352537  378.972000
8355131  1942.280000
8355178  1434.000000
8355239  591.534000
8356054  1279.690000
8358008  2520.240000
8358012  785.304000
8359498  639.411000
8359569  1503.470000
8360041  534.927000
8360640  596.240000
8361905  451.794000
8362974  579.163000
8364115  436.510000
8364119  422.584000
8364232  463.901000
8364969  2198.010000
8365739  2740.530000
8367113  1215.110000
8367298  978.969000
8367644  324.423000
8374077  1484.300000
8374394  2125.600000
8374494  1082.580000
8374499  1806.340000
8374580  1100.810000
8374741  241.649000
8376848  1637.540000
8377197  1077.010000
8378278  1439.890000
8378634  1009.860000
8378656  890.090000
8378922  2091.310000
8379021  2409.450000
8379547  1235.350000
8379705  1693.860000
8380709  1904.540000
8380743  1879.740000
8381204  1757.230000
8381592  1673.270000
8381693  1294.500000
8382339  2224.150000
8386035  924.930000
8391983  1655.400000
8394475  355.547000
8394721  1020.720000
8395660  444.322000
8395860  4339.670000
8395870  612.173000
8396288  1467.140000
8396405  1247.720000
8396660  313.929000
8397446  1680.210000
8397675  494.951000
8397947  1633.490000
8398290  577.526000
8409295  1283.050000
8409588  696.072000
8410415  748.569000
8410697  568.117000
8410727  948.781000
8411947  1201.660000
8413968  468.195000
8414159  902.033000
8414216  152.912000
8414716  926.598000
8414907  834.886000
8414914  3548.590000
8415200  813.543000
8415353  1087.020000
8415745  1453.450000
8415863  388.746000
8416523  541.189000
8417078  734.850000
8418018  546.786000
8418129  1514.760000
8423344  271.993000
8423903  1385.570000
8424002  nan
8426567  422.246000
8429014  1160.970000
8429314  1855.700000
8429415  1081.280000
8429450  1460.080000
8429566  2156.570000
8429668  676.223000
8429817  712.492000
8430053  1005.190000
8430105  703.733000
8430964  1540.430000
8432034  nan
8432249  1481.350000
8435232  2950.860000
8435247  1191.160000
8435766  124.376000
8439323  842.492000
8439618  1367.080000
8439949  924.759000
8440062  1015.680000
8442463  1363.190000
8442795  1656.980000
8443265  3584.680000
8443527  280.395000
8443812  1053.810000
8444552  680.371000
8444868  2060.990000
8445775  1807.740000
8453191  1061.860000
8453211  812.608000
8453214  490.168000
8453324  1318.340000
8453851  730.785000
8454250  967.523000
8456679  392.739000
8458207  935.442000
8459354  893.240000
8459663  638.249000
8460600  945.815000
8460634  1444.980000
8462258  1295.770000
8463346  588.867000
8474892  1483.530000
8474898  1265.090000
8478994  63.920700
8479107  865.792000
8479386  1934.150000
8480285  1087.870000
8480582  857.140000
8480642  1058.900000
8481129  459.957000
8482059  1345.710000
8482513  2560.860000
8483021  875.917000
8483241  1297.910000
8483258  1525.890000
8483366  1836.040000
8487645  1294.610000
8487748  456.449000
8487777  545.454000
8487805  644.310000
8487838  1217.900000
8488381  848.216000
8488876  883.606000
8488878  1334.780000
8489260  1247.490000
8490993  1239.500000
8491277  938.844000
8491745  602.321000
8492026  1090.510000
8492101  306.401000
8493354  851.771000
8494142  566.850000
8494263  2005.810000
8494410  1358.950000
8494542  1299.320000
8494617  840.503000
8494783  627.132000
8495232  606.322000
8495415  825.176000
8499922  2686.280000
8501062  989.988000
8504570  1488.080000
8505215  249.062000
8505670  379.424000
8505674  561.689000
8505920  858.770000
8506766  1276.000000
8507073  1831.290000
8507475  944.465000
8507586  1238.460000
8508126  2559.670000
8508493  1463.340000
8509346  1616.540000
8509361  1268.870000
8509442  418.547000
8509781  445.101000
8510197  853.784000
8516349  421.138000
8517303  850.980000
8517433  693.245000
8519253  1626.220000
8521059  1102.260000
8524110  837.368000
8524346  1667.800000
8525101  1613.050000
8525286  1392.660000
8526387  587.269000
8527297  1199.920000
8540376  1072.300000
8542879  845.615000
8543100  1455.500000
8543278  714.636000
8543279  1117.940000
8544992  nan
8544996  1071.800000
8545603  1112.450000
8546464  595.161000
8546542  nan
8547140  440.426000
8547213  3217.400000
8547366  666.795000
8547429  976.737000
8547525  691.440000
8547537  869.060000
8548069  1418.950000
8548403  868.322000
8548427  877.849000
8548454  2159.970000
8552202  1154.880000
8552498  1175.240000
8552500  1164.080000
8552540  229.463000
8552565  527.905000
8552583  1374.990000
8552587  793.116000
8552607  625.483000
8552719  258.893000
8553788  1655.460000
8553907  794.590000
8554498  546.522000
8554701  631.949000
8555967  911.883000
8556077  396.107000
8557246  4958.730000
8557374  634.939000
8558011  519.122000
8559152  891.192000
8559589  1463.400000
8559644  657.223000
8559796  1277.320000
8559863  615.519000
8560280  1311.260000
8560285  1694.140000
8560475  nan
8560804  385.642000
8560840  678.485000
8560861  371.140000
8560927  435.353000
8560940  1051.680000
8561063  40.059500
8561192  9067.470000
8561231  1175.380000
8564587  644.140000
8564674  940.724000
8564976  1774.160000
8565266  946.683000
8565900  661.404000
8565912  2354.080000
8566113  1295.300000
8569819  1098.910000
8570210  686.913000
8570333  1064.310000
8571421  1263.120000
8572168  1240.610000
8572936  1800.820000
8573168  816.720000
8573193  1419.580000
8574270  1222.220000
8574794  880.320000
8575061  881.588000
8578780  883.045000
8579684  698.897000
8580438  990.956000
8581232  nan
8581240  447.479000
8581658  933.776000
8582291  1079.700000
8583696  639.771000
8587439  1009.600000
8588377  1061.530000
8588982  1704.360000
8589731  872.096000
8589754  1315.400000
8590149  684.013000
8590527  440.817000
8590776  1238.730000
8590780  725.301000
8591173  434.456000
8591693  825.883000
8604993  1998.150000
8605074  2008.870000
8607720  577.755000
8608490  854.327000
8608544  889.239000
8609450  1337.610000
8610483  2318.090000
8611257  497.093000
8611344  883.071000
8611781  1314.640000
8611832  895.678000
8612275  876.044000
8612291  1537.940000
8612847  1019.260000
8613218  2526.880000
8613338  307.009000
8613446  1323.150000
8613535  1575.200000
8613769  2153.670000
8616637  433.387000
8616873  2394.320000
8617363  1366.180000
8618147  1032.330000
8618226  903.915000
8620402  876.300000
8620561  1218.980000
8620565  1268.650000
8621026  1062.050000
8621348  621.380000
8621353  nan
8622875  920.516000
8624520  nan
8624860  1009.960000
8625408  729.434000
8625732  784.079000
8625813  519.284000
8625821  751.090000
8625925  1065.820000
8626325  724.610000
8628665  1073.310000
8628758  649.650000
8628761  725.825000
8628973  853.119000
8630788  1745.450000
8630840  1189.660000
8631160  1068.230000
8631504  374.615000
8631751  156.875000
8635938  667.702000
8636333  1568.380000
8636434  966.801000
8636539  1510.070000
8636600  479.263000
8637903  1037.190000
8639155  854.914000
8639908  504.470000
8644288  433.047000
8644365  615.660000
8644545  nan
8644911  1411.790000
8645191  1460.990000
8646141  902.205000
8647295  995.521000
8649876  700.288000
8651389  632.766000
8651551  562.754000
8652360  952.826000
8652577  894.494000
8652997  213.687000
8652999  776.609000
8653134  341.774000
8655076  601.391000
8655354  1545.100000
8655458  600.429000
8656535  350.373000
8668810  992.208000
8669092  953.849000
8671707  806.212000
8672910  758.469000
8673511  685.749000
8676038  1071.780000
8676061  2457.010000
8676148  1114.240000
8677057  594.515000
8677186  458.475000
8678345  343.758000
8678594  1505.850000
8678664  1589.230000
8678691  543.825000
8680979  717.527000
8681734  743.030000
8681833  1303.220000
8682094  714.313000
8682751  1930.460000
8683144  823.506000
8684730  660.138000
8685497  753.723000
8686097  390.374000
8686150  2456.370000
8686373  871.096000
8686442  920.081000
8686761  1142.050000
8687088  549.331000
8689031  762.081000
8689373  838.595000
8689793  941.902000
8690001  1446.750000
8692861  730.625000
8693536  1998.190000
8694309  580.603000
8695311  2208.590000
8695779  1365.930000
8700506  1599.740000
8700537  684.313000
8700558  489.594000
8700771  361.896000
8700895  1930.730000
8701327  1027.060000
8702537  668.166000
8702921  854.835000
8703129  684.620000
8703491  681.363000
8703506  3720.560000
8703884  2354.010000
8703887  477.046000
8708961  1173.350000
8709688  1050.720000
8711548  1664.940000
8711794  394.804000
8712863  455.257000
8713828  1036.560000
8715564  264.624000
8715589  nan
8718273  846.598000
8719324  862.818000
8719419  992.722000
8719897  995.345000
8733497  1348.380000
8733898  96.339000
8736245  894.052000
8737343  487.073000
8737796  628.661000
8738115  2229.550000
8738244  306.343000
8738735  1208.440000
8738775  nan
8739209  661.396000
8740744  1268.370000
8741367  532.653000
8741470  517.704000
8742270  1985.940000
8742590  669.573000
8742735  1361.490000
8743082  2140.600000
8743244  1452.640000
8745553  1114.910000
8746295  1126.950000
8746310  1069.370000
8747009  nan
8747222  1810.700000
8747910  nan
8748435  502.898000
8749844  2503.250000
8750043  389.397000
8750094  1377.580000
8750503  725.320000
8751796  704.211000
8751933  nan
8752940  419.602000
8753657  364.030000
8753896  816.559000
8757213  1793.020000
8757824  1153.980000
8757910  951.369000
8758136  1546.190000
8758161  801.545000
8758204  1057.210000
8760040  1066.460000
8760135  2136.240000
8760760  1189.610000
8761550  509.505000
8765560  997.439000
8766222  11161.600000
8766268  nan
8766285  3178.480000
8766650  282.565000
8767034  345.737000
8773015  552.550000
8773869  465.267000
8773948  1722.660000
8780959  903.510000
8780968  4558.130000
8781480  9121.870000
8784288  938.600000
8800954  348.558000
8801316  640.409000
8801343  644.253000
8802165  636.030000
8802693  942.485000
8803757  879.417000
8803882  1069.910000
8804283  855.820000
8804358  1607.570000
8804397  714.437000
8804455  539.715000
8804845  667.693000
8804937  nan
8805348  513.748000
8806072  780.585000
8806123  1435.440000
8806985  1112.460000
8807057  963.320000
8807988  383.754000
8808064  819.813000
8811490  1182.840000
8812045  1529.150000
8812360  2732.440000
8813404  467.428000
8813698  1163.980000
8814872  494.465000
8815031  2053.610000
8815279  nan
8821936  1792.050000
8822216  845.824000
8822366  638.490000
8822421  947.601000
8822585  806.638000
8823397  2308.950000
8823426  251.985000
8823833  322.562000
8823868  1597.040000
8823893  1901.460000
8824737  909.037000
8826007  505.829000
8826168  961.468000
8826878  831.842000
8827575  532.955000
8827930  1591.640000
8832512  771.494000
8832676  276.819000
8836224  1325.970000
8836888  1074.150000
8838950  699.782000
8841297  736.311000
8841616  1836.410000
8845026  1696.120000
8845205  109.308000
8845221  1588.150000
8845552  nan
8845574  1926.800000
8846163  72.399765
8846809  556.041000
8847111  1255.460000
8848104  546.759000
8848115  3537.640000
8848271  614.428000
8848288  nan
8866102  147.527000
8866137  902.633000
8868364  1180.240000
8868481  196.195000
8868649  1269.290000
8868657  1485.120000
8868686  1096.440000
8868907  1792.700000
8869680  624.542000
8872048  3314.670000
8873090  569.110000
8873450  271.277000
8873674  1702.180000
8873873  232.127000
8874090  633.937000
8878187  884.378000
8878681  460.275000
8879427  1154.100000
8879915  1503.880000
8880003  1684.610000
8880123  1771.310000
8880317  831.753000
8881169  1254.000000
8882847  862.565000
8883329  881.404000
8883593  1765.230000
8883727  918.820000
8884274  1078.460000
8885643  843.701000
8885673  931.582000
8888745  615.559000
8890150  421.382000
8890417  797.518000
8890783  621.378000
8890924  1031.910000
8890996  957.519000
8891278  1377.240000
8891318  1156.740000
8891684  617.339000
8892157  1217.730000
8892303  nan
8892720  2542.520000
8892721  802.104000
8892910  1817.470000
8894646  985.949000
8895758  nan
8904714  1514.350000
8905246  343.478000
8906045  1485.020000
8906676  363.170000
8908102  1495.220000
8912730  1424.150000
8914779  428.281000
8915379  nan
8916492  507.882000
8934103  1125.300000
8934495  641.374000
8935352  2265.140000
8935810  1321.380000
8937019  599.639000
8937021  556.743000
8937555  872.469000
8937762  790.411000
8938628  591.472000
8938937  1115.280000
8939211  1118.240000
8939650  1922.690000
8940700  1070.840000
8940918  519.557000
8940961  1480.920000
8946267  938.496000
8947520  801.993000
8948424  2407.470000
8949247  1511.970000
8949316  440.253000
8949512  853.223000
8949925  1707.820000
8950568  765.025000
8950853  944.561000
8951205  798.595000
8951215  1164.700000
8953059  2396.780000
8953257  1490.820000
8953278  1809.170000
8953281  2254.080000
8953296  1441.380000
8953414  644.934000
8953426  947.221000
8953475  918.997000
8955709  5042.830000
8955741  664.109000
8956206  1042.270000
8956706  811.993000
8957572  927.683000
8957954  1153.560000
8958035  1003.060000
8958359  495.917000
8958811  769.601000
8958939  1712.500000
8959240  969.712000
8959839  1213.710000
8960918  872.256000
8962007  565.133000
8962094  485.997000
8963721  1650.220000
8971044  1526.590000
8971432  nan
8972058  623.609000
8973000  1507.160000
8973129  864.699000
8973285  1968.640000
8975368  369.235000
8975776  986.649000
8977176  949.159000
8978528  439.719000
8979500  1459.340000
8984706  889.937000
8984755  772.577000
9001468  930.612000
9002237  1469.970000
9002278  300.874000
9002538  324.656000
9003126  491.057000
9003401  724.971000
9005321  482.382000
9005854  1495.430000
9006186  249.343000
9006449  1699.190000
9007151  1156.850000
9007609  nan
9007866  1193.660000
9007918  636.164000
9007953  1577.240000
9008103  573.519000
9008125  980.502000
9008220  1539.220000
9008737  812.524000
9009036  1137.810000
9009953  717.597000
9011825  1097.230000
9011874  983.131000
9011877  398.247000
9011955  2247.010000
9012244  743.335000
9015738  309.596000
9016295  1262.310000
9016592  2637.680000
9017682  2154.790000
9018021  2045.140000
9019191  570.362000
9020114  1028.370000
9020160  594.464000
9021047  1263.580000
9021075  750.930000
9022166  770.978000
9024568  496.410000
9024857  1256.390000
9025662  1325.300000
9025739  867.529000
9025914  2656.940000
9025922  4943.470000
9025971  921.986000
9026007  931.119000
9026248  879.227000
9026749  1486.700000
9027841  nan
9027909  1307.660000
9028474  619.851000
9029486  nan
9030447  1269.330000
9030537  1012.480000
9031209  852.888000
9031703  1317.790000
9032900  1159.210000
9034103  1688.120000
9040849  2137.000000
9042357  2316.350000
9043947  731.154000
9044060  827.440000
9044228  306.910000
9047416  607.834000
9048145  1140.050000
9048161  620.755000
9049010  878.350000
9049550  490.315000
9049673  1765.820000
9049697  nan
9053086  1710.440000
9053112  1099.410000
9070666  535.048000
9071386  799.851000
9071593  940.211000
9072190  1010.010000
9072639  808.005000
9073549  1112.550000
9075882  892.006000
9076513  1395.560000
9076971  752.237000
9077124  1921.150000
9079587  761.870000
9079671  253.790000
9079767  928.155000
9079915  1053.090000
9083470  916.950000
9083503  907.649000
9083564  469.428000
9084569  208.384000
9084778  nan
9084832  280.476000
9085039  1194.440000
9085563  1769.140000
9086001  763.687000
9086154  929.769000
9086251  591.602000
9087071  823.733000
9087580  642.971000
9087853  1229.670000
9088780  2232.470000
9091755  1110.020000
9092496  2840.530000
9092504  1350.320000
9092897  1333.630000
9093086  1083.900000
9093566  1120.570000
9093859  1000.880000
9094763  2334.220000
9097120  2117.360000
9097470  1122.660000
9097892  1025.860000
9098590  1832.680000
9098810  508.681000
9099607  1682.390000
9099773  1980.270000
9099950  982.866000
9100484  822.787000
9100953  864.331000
9101208  2564.050000
9101271  1803.970000
9101279  2156.450000
9101400  2485.090000
9101496  1278.970000
9108058  2209.610000
9108085  708.368000
9109857  474.806000
9110346  1469.310000
9110357  1887.320000
9110610  812.441000
9111849  1063.930000
9112931  547.726000
9114508  517.084000
9114614  300.442000
9115681  769.611000
9115800  751.776000
9116075  244.281000
9116510  1151.590000
9117123  319.008000
9117416  928.989000
9118340  1353.530000
9118858  876.210000
9119405  1384.250000
9119458  718.275000
9119568  275.898000
9119652  785.096000
9137257  455.893000
9139084  253.295000
9140402  897.850000
9141355  1069.450000
9141746  1935.040000
9142225  1112.780000
9142334  130.249000
9142714  nan
9142742  1006.610000
9143254  2669.340000
9145415  1285.830000
9145861  1041.920000
9146018  651.674000
9147012  5526.900000
9147029  1627.760000
9149789  722.366000
9150827  268.200000
9150870  1173.430000
9153246  1262.050000
9153554  1229.810000
9153570  1174.460000
9153823  564.619000
9156585  2615.010000
9156957  370.231000
9157030  591.005000
9157523  837.690000
9157634  693.766000
9157908  922.434000
9159198  1558.220000
9159242  1355.870000
9159265  1244.660000
9159275  983.215000
9159288  1447.890000
9159301  1305.530000
9159461  839.038000
9161118  nan
9162741  1144.160000
9163674  1676.880000
9164003  1232.240000
9164788  1113.510000
9164836  1032.720000
9166700  304.704000
9166862  1257.160000
9166870  981.554000
9171801  2154.240000
9171886  3104.370000
9172506  600.165000
9173014  604.012000
9177629  309.696000
9178185  1301.040000
9178502  1359.280000
9178894  1360.800000
9179531  1984.020000
9180282  746.253000
9180566  3931.760000
9181340  1389.760000
9181402  939.658000
9183378  675.303000
9202151  377.525000
9202434  1220.840000
9203154  685.862000
9205907  1589.810000
9205938  635.736000
9205993  2095.320000
9207508  2035.840000
9209183  1244.340000
9209624  801.052000
9209808  768.818000
9209981  1393.830000
9210387  1229.180000
9210738  2291.030000
9210820  2751.030000
9210823  850.398000
9210828  nan
9214176  nan
9214712  1243.800000
9214713  1577.710000
9214715  1832.960000
9214942  467.370000
9216231  659.017000
9216775  764.726000
9216810  286.087000
9217583  1414.450000
9220612  910.653000
9220614  563.879000
9221398  539.053000
9221517  377.060000
9221528  1673.660000
9221627  2747.930000
9222516  966.829000
9224514  nan
9225395  742.473000
9226339  nan
9227215  1037.590000
9229657  1105.950000
9229807  1217.550000
9230021  nan
9236858  1151.790000
9239670  263.952000
9240664  1261.820000
9243795  1675.530000
9244508  1516.270000
9244756  908.501000
9246715  605.316000
9264949  2406.330000
9265521  805.857000
9266285  229.269000
9266431  390.552000
9267996  900.933000
9268159  605.275000
9268456  2681.860000
9269042  913.650000
9269281  1083.280000
9271739  2592.570000
9271752  980.035000
9272070  2013.270000
9274092  610.446000
9274431  1184.610000
9277210  622.129000
9277896  849.036000
9278021  830.957000
9278216  1453.490000
9278553  3280.030000
9278575  879.297000
9278725  625.692000
9279354  560.445000
9279669  1445.530000
9280239  387.248000
9282687  1926.780000
9282762  1428.920000
9282769  1140.920000
9282853  3627.890000
9283156  410.924000
9284741  882.973000
9285265  2065.590000
9285568  1246.920000
9286088  588.900000
9286728  1448.830000
9288237  868.906000
9288786  665.341000
9289704  870.199000
9289960  1438.520000
9291039  585.076000
9291368  3265.150000
9291378  1254.820000
9291629  3152.340000
9291748  3078.800000
9292100  4023.860000
9292130  362.287000
9300066  559.790000
9300285  1371.770000
9301506  3782.020000
9301564  713.603000
9302543  579.603000
9304101  555.503000
9304561  1194.170000
9304842  1080.390000
9304923  1232.250000
9304976  1535.950000
9305012  1378.720000
9305831  1188.000000
9306677  1855.230000
9307105  779.064000
9307509  561.229000
9307966  961.994000
9328641  7839.520000
9328852  713.877000
9328864  462.989000
9330740  364.698000
9334027  763.860000
9334289  1389.480000
9334490  1051.700000
9334893  482.287000
9336200  1119.490000
9340411  892.921000
9340460  362.784000
9343862  2632.480000
9344623  1561.380000
9345819  1478.130000
9345933  nan
9346253  2577.670000
9347009  758.702000
9347066  582.484000
9347899  1664.640000
9349482  491.997000
9349757  1180.900000
9351316  466.084000
9351920  841.536000
9353182  648.250000
9353314  nan
9353742  865.596000
9357275  1032.580000
9357375  322.769000
9357578  3036.630000
9362842  2158.140000
9363944  1350.450000
9364290  935.446000
9364609  418.417000
9366617  918.995000
9366886  368.117000
9366988  860.980000
9366989  1090.710000
9368524  2867.090000
9369366  1122.050000
9386171  753.793000
9388479  174.826000
9388557  1487.960000
9389245  328.177000
9390228  1129.240000
9390653  99.068800
9390655  98.383600
9391208  901.907000
9391506  1104.040000
9391817  601.516000
9392016  915.182000
9392702  3058.950000
9394601  596.026000
9394605  2016.850000
9394762  720.551000
9394768  1398.670000
9394920  4060.940000
9394953  397.482000
9395024  1258.360000
9395719  2126.850000
9396760  1097.920000
9397862  761.912000
9397900  1262.010000
9401997  830.712000
9402583  732.650000
9402670  1524.790000
9402859  nan
9405541  2474.840000
9405595  1338.490000
9406892  1361.760000
9406990  916.706000
9407689  874.931000
9409493  820.071000
9410930  1093.080000
9411166  1402.820000
9411317  1583.000000
9411412  377.976000
9411943  1443.790000
9412267  1018.500000
9412445  385.686000
9412462  2497.160000
9412623  1229.250000
9412760  nan
9413156  1193.510000
9414417  212.653000
9415108  767.701000
9415172  1052.530000
9417931  823.916000
9418508  1645.050000
9418619  568.700000
9418994  1004.290000
9419020  321.435000
9425139  543.171000
9426071  1925.920000
9427402  325.779000
9429631  1000.430000
9446824  1627.000000
9447166  455.479000
9449320  367.982000
9450647  553.077000
9451096  771.347000
9451127  2275.180000
9451521  891.691000
9451706  352.794000
9452897  682.284000
9455322  1228.080000
9455325  449.773000
9455526  3375.660000
9455556  1357.010000
9455677  872.279000
9456281  387.187000
9456887  741.026000
9457533  1102.280000
9457728  301.721000
9457948  1332.870000
9458266  207.637000
9458343  691.331000
9458613  1209.160000
9459162  945.319000
9463329  595.464000
9466042  618.367000
9466429  1355.020000
9466486  1161.340000
9466668  1026.430000
9467404  465.417000
9468296  820.559000
9468382  1999.420000
9468384  2313.710000
9468551  1385.700000
9468717  416.608000
9468848  1031.830000
9469494  700.398000
9471268  487.675000
9471539  968.007000
9471755  1280.660000
9471974  338.732000
9472000  1070.170000
9472074  820.957000
9472174  396.332000
9472328  6647.650000
9472341  5112.710000
9473078  362.623000
9474222  869.889000
9474232  3132.630000
9474483  1398.840000
9474485  576.269000
9474493  957.980000
9474756  1394.140000
9474969  1210.090000
9475552  480.869000
9475697  711.244000
9478990  1057.410000
9479273  1157.210000
9479306  1837.240000
9479460  2842.960000
9480189  780.256000
9480310  1335.640000
9480398  401.180000
9480535  1842.130000
9481235  2560.810000
9489348  1181.570000
9489524  252.733000
9489947  1356.140000
9489953  968.362000
9490342  1381.640000
9490653  778.105000
9491832  732.636000
9509207  1192.880000
9509223  765.213000
9509343  914.320000
9512687  695.059000
9512981  876.817000
9513168  nan
9513865  1005.430000
9514372  709.725000
9516728  799.031000
9517242  748.956000
9517393  1364.530000
9518318  984.105000
9518558  1272.270000
9518651  1083.360000
9518710  1109.400000
9520443  891.623000
9520668  379.863000
9520700  1668.590000
9520838  914.126000
9521317  685.383000
9527334  692.158000
9527915  nan
9528420  1964.790000
9528430  1391.170000
9529148  1824.660000
9529294  595.629000
9529733  1289.300000
9529744  826.613000
9529856  nan
9530945  1187.470000
9531850  nan
9532052  1131.190000
9532117  967.200000
9532123  2635.600000
9532421  1459.080000
9532424  785.905000
9532603  1471.240000
9532637  1790.450000
9532710  2594.530000
9532997  2159.550000
9533489  1097.530000
9534832  691.931000
9535080  933.556000
9535876  764.954000
9535881  1435.830000
9536048  765.239000
9536108  975.808000
9536692  713.553000
9536727  3126.910000
9536836  1443.080000
9540450  1259.500000
9540675  708.717000
9541089  651.480000
9541094  717.690000
9541144  1907.190000
9541163  1477.340000
9541295  991.213000
9541322  1565.270000
9541567  1870.300000
9543302  1199.150000
9549471  794.621000
9549472  1590.440000
9549648  545.063000
9551430  2156.090000
9552608  1052.700000
9569711  297.017000
9569866  681.531000
9570741  861.494000
9571186  479.012000
9573539  382.136000
9573685  250.817000
9574158  871.931000
9574179  1004.820000
9574614  1228.630000
9575728  192.355000
9576197  2026.900000
9577855  1354.770000
9578686  509.408000
9579072  1224.550000
9579192  1117.050000
9579208  287.760000
9579499  1015.560000
9579606  1398.140000
9579641  459.223000
9579753  459.283000
9579789  713.732000
9579860  1140.720000
9580167  501.482000
9580992  725.770000
9581498  719.702000
9581589  1150.920000
9582496  1577.670000
9583881  992.769000
9588822  1101.490000
9588862  1404.360000
9588880  290.025000
9589323  850.327000
9589524  565.207000
9590976  1104.640000
9591070  1136.280000
9591728  1452.710000
9592575  3692.970000
9592579  1171.280000
9592621  3060.150000
9592705  409.460000
9592831  1381.900000
9592850  2004.800000
9592855  1096.010000
9593528  2297.480000
9593757  1308.940000
9593759  1502.700000
9593773  1784.640000
9594184  1067.090000
9594992  927.790000
9595686  1863.360000
9595827  914.699000
9595956  1102.080000
9596064  1067.940000
9596089  1613.360000
9596187  1230.640000
9596820  1350.060000
9596892  1914.320000
9597058  411.486000
9597095  3513.900000
9597345  656.380000
9597411  1849.850000
9597729  1219.590000
9597806  1056.360000
9597854  2049.650000
9598315  699.825000
9602421  585.315000
9602431  1100.340000
9602514  491.391000
9602538  1602.690000
9602562  694.030000
9602595  613.138000
9602613  241.991000
9602658  351.363000
9602775  1470.070000
9604563  907.012000
9605514  1379.370000
9605552  501.676000
9607164  527.995000
9612825  92.749100
9613070  1168.600000
9630640  2158.530000
9631762  nan
9631995  722.795000
9632895  442.846000
9634821  595.331000
9635510  1244.850000
9635520  653.619000
9635529  813.924000
9635606  562.348000
9636135  2022.900000
9636559  3871.350000
9636563  990.428000
9636569  1203.250000
9637299  858.323000
9639021  425.422000
9639106  770.251000
9640123  936.206000
9640439  1376.220000
9640649  1180.200000
9640907  1093.410000
9640921  1423.650000
9640924  1315.820000
9640931  3778.640000
9640946  571.790000
9640962  726.946000
9640976  556.151000
9640985  1412.590000
9641008  636.147000
9641018  644.357000
9641031  134.502000
9641041  469.544000
9641076  802.172000
9641103  391.751000
9641144  839.492000
9641481  1230.420000
9642018  869.422000
9642292  nan
9643043  nan
9643210  105.653000
9643874  1351.170000
9644411  nan
9644683  1010.480000
9645188  1022.020000
9649205  230.671000
9649222  1419.610000
9649706  982.716000
9650579  949.763000
9650762  2342.710000
9650808  1002.940000
9650989  1051.530000
9651155  3057.430000
9651234  415.358000
9651602  863.899000
9651668  758.753000
9652166  931.704000
9652632  661.749000
9652649  2372.570000
9652655  1203.040000
9653622  1369.870000
9654468  621.996000
9654875  1197.840000
9655005  1151.280000
9655129  1081.790000
9655419  1078.540000
9655424  1152.550000
9655711  1505.600000
9655792  1164.810000
9655858  1837.600000
9656252  1473.610000
9656397  1138.710000
9656543  1543.490000
9656547  692.837000
9657636  444.223000
9658089  1224.140000
9658118  2375.280000
9658192  1398.780000
9659022  1180.520000
9661869  1989.670000
9661877  1574.130000
9661979  758.300000
9662475  5819.130000
9662811  460.188000
9663113  1594.740000
9664142  1575.230000
9664215  2147.140000
9664276  1656.610000
9665503  1243.520000
9665922  667.659000
9673173  1637.270000
9674320  1010.980000
9674564  1474.730000
9674592  1585.750000
9674608  816.590000
9674789  296.016000
9692128  1157.490000
9692336  nan
9692345  571.468000
9692557  786.841000
9693006  688.795000
9693803  1556.560000
9696358  614.648000
9697131  297.780000
9700449  1535.310000
9701962  898.310000
9702006  605.631000
9702072  394.550000
9702945  939.533000
9703198  1100.830000
9704384  411.077000
9705459  1251.030000
9705620  1967.820000
9710326  205.118000
9710611  446.096000
9710626  959.578000
9710792  1570.960000
9711297  2505.410000
9711751  1548.220000
9712350  1085.920000
9714123  1335.450000
9714358  579.215000
9714550  791.175000
9714696  1001.670000
9715631  1947.540000
9715925  1252.760000
9715939  2526.610000
9716028  531.948000
9716302  1045.620000
9716391  1167.490000
9717943  522.823000
9717958  1367.200000
9718066  152.094000
9718379  1359.910000
9719634  559.180000
9719636  1748.610000
9723746  2097.460000
9724984  640.877000
9724993  538.062000
9726452  1385.000000
9726659  1039.030000
9727765  1370.290000
9728465  1188.370000
9729691  486.105000
9730163  127.201000
9735426  576.503000
9752973  194.064000
9752982  nan
9753154  1075.810000
9757613  335.307000
9758032  941.143000
9758089  440.561000
9758615  1251.450000
9761199  520.284000
9761573  1169.510000
9761615  817.534000
9761882  1113.650000
9762514  606.727000
9762519  613.811000
9763348  801.479000
9763612  320.478000
9763754  989.857000
9765975  602.176000
9766437  1370.650000
9767392  2421.660000
9770983  777.198000
9771576  649.654000
9771920  586.354000
9772531  303.229000
9773270  929.457000
9773869  3904.220000
9773980  1030.030000
9774400  684.545000
9775253  453.824000
9775385  473.562000
9775475  1270.410000
9775938  575.988000
9776186  1248.780000
9776794  1234.450000
9776907  1388.600000
9777062  1146.480000
9777087  2045.490000
9777089  1184.220000
9777090  1267.650000
9777200  1131.320000
9777251  985.688000
9777256  3599.410000
9777290  1713.620000
9777556  7098.120000
9777724  4505.070000
9777757  1282.350000
9777990  615.321000
9780149  347.086000
9782691  1009.100000
9782748  1444.090000
9783760  920.658000
9784222  1860.240000
9784230  3368.510000
9785454  1551.890000
9785921  1502.340000
9786017  1713.510000
9786821  455.447000
9787239  323.847000
9790806  344.251000
9790965  1374.300000
9811915  1038.100000
9813499  1593.130000
9813678  nan
9815053  553.861000
9818381  1005.840000
9818462  791.625000
9818732  1999.390000
9820483  1442.020000
9821078  241.958000
9821151  580.875000
9821428  nan
9821454  1163.220000
9822284  401.214000
9823457  1002.140000
9823487  707.688000
9823519  340.691000
9823564  2018.330000
9824805  1375.180000
9824928  516.034000
9825174  1146.100000
9825625  1661.870000
9826171  156.633000
9826551  574.968000
9827094  468.400000
9827149  1103.290000
9827596  1022.130000
9828127  908.805000
9832208  833.055000
9832379  886.617000
9834040  1278.960000
9834257  1223.550000
9834719  1170.300000
9834731  1818.990000
9836149  1202.960000
9836563  587.824000
9836959  501.229000
9837013  1496.870000
9837083  1146.150000
9837544  831.292000
9837578  1819.170000
9837586  nan
9837659  1279.670000
9837661  769.146000
9837685  1045.920000
9837720  nan
9837828  888.363000
9838060  1178.110000
9838414  1108.960000
9838468  1038.350000
9838537  497.373000
9838582  nan
9838608  2195.380000
9838761  1026.430000
9838804  1109.080000
9838949  471.782000
9838975  927.223000
9839030  1617.140000
9839062  1712.100000
9839081  1123.770000
9839821  943.444000
9842890  1341.090000
9842906  1656.600000
9842937  1968.880000
9843517  nan
9844088  863.037000
9845362  nan
9845898  1178.700000
9845909  735.751000
9845931  3573.070000
9846086  1277.290000
9846348  1068.480000
9847239  1480.920000
9848420  2305.500000
9848760  784.746000
9849884  560.366000
9850387  1635.580000
9850843  1242.370000
9850893  658.085000
9850912  1412.970000
9850957  1191.790000
9850966  766.793000
9851123  1046.070000
9851126  9401.410000
9851142  144.408000
9851226  1313.300000
9851271  1541.170000
9851360  1713.000000
9851638  943.684000
9851662  648.979000
9851845  622.378000
9851943  611.876000
9851970  641.817000
9851983  1925.660000
9852050  1329.680000
9872283  284.916000
9872292  517.286000
9872831  946.602000
9873004  1098.700000
9873254  595.634000
9873604  1573.590000
9873759  465.822000
9873869  686.474000
9874581  954.146000
9875101  923.634000
9875711  489.253000
9880190  664.830000
9880467  680.545000
9881077  601.629000
9881258  1043.890000
9881660  555.953000
9881662  583.859000
9883311  1720.820000
9883606  619.862000
9884104  787.070000
9885417  152.075000
9886221  1224.090000
9886224  1727.890000
9886255  1012.410000
9886361  840.269000
9886661  529.268000
9887224  376.084000
9892471  1480.030000
9892816  781.611000
9892856  1488.710000
9893278  2402.720000
9893318  1014.620000
9893468  1138.180000
9895004  458.423000
9895006  823.399000
9895709  1394.800000
9896018  1331.250000
9896435  909.473000
9896438  nan
9896558  1571.460000
9897364  2060.720000
9898017  1527.560000
9898364  990.364000
9898447  285.312000
9899065  2914.900000
9899141  353.403000
9899153  465.269000
9899181  258.319000
9899193  1034.000000
9899216  985.939000
9899217  1794.290000
9899233  982.921000
9899256  1030.660000
9899280  434.800000
9899315  1541.220000
9899345  2457.350000
9899352  1691.340000
9899355  3491.270000
9899410  3713.960000
9899414  1015.390000
9899421  2252.290000
9899449  945.675000
9899483  1344.170000
9899505  2252.440000
9899514  865.194000
9899577  594.761000
9899583  2318.210000
9899607  1172.510000
9899621  1263.460000
9899623  1854.550000
9899630  1788.160000
9902856  1778.790000
9904006  930.320000
9904059  2031.890000
9906489  668.431000
9906688  1229.620000
9906802  755.374000
9906841  2158.430000
9907129  2530.620000
9907505  1842.730000
9908486  4730.990000
9909735  489.141000
9909965  976.673000
9910043  1664.310000
9910828  698.336000
9910942  579.373000
9911112  3509.830000
9911882  1219.350000
9912977  1011.390000
9913481  971.290000
9913798  542.261000
9932197  1603.570000
9932970  856.250000
9933600  1137.530000
9934208  536.693000
9934274  683.252000
9935642  725.441000
9935983  646.617000
9936080  724.061000
9936698  1496.970000
9938836  1324.380000
9940565  nan
9941066  484.891000
9941136  833.171000
9941387  861.715000
9941425  2580.620000
9941550  2432.700000
9941662  519.096000
9941859  716.025000
9942658  899.782000
9943009  900.454000
9943435  911.381000
9944201  542.372000
9944421  1201.260000
9945280  1540.890000
9945370  1121.890000
9946525  791.163000
9947389  875.686000
9947653  1198.230000
9948002  1685.220000
9950316  842.664000
9950612  171.109000
9953491  nan
9953575  1671.430000
9953736  1217.040000
9954225  1559.400000
9955262  243.995000
9955598  68.173000
9956082  1380.160000
9957351  2430.020000
9957627  811.278000
9957659  2253.470000
9957668  831.545000
9958053  1340.820000
9958387  1030.350000
9958962  945.775000
9959093  1008.830000
9959368  623.529000
9959492  1157.700000
9959494  422.701000
9959545  692.431000
9959589  2266.480000
9959765  1922.010000
9962455  1126.640000
9962595  743.730000
9962731  932.956000
9963009  2100.550000
9963265  1363.190000
9963461  1112.240000
9963524  385.231000
9963639  891.405000
9964670  656.283000
9964748  1950.060000
9964801  974.124000
9965184  3981.790000
9965206  1388.600000
9965439  752.562000
9965691  1164.470000
9965957  736.779000
9966115  595.623000
9966219  714.682000
9967009  2688.240000
9967398  3827.800000
9967771  802.163000
9967884  1078.150000
9968924  1135.580000
9969287  1891.300000
9970396  1044.330000
9970525  666.260000
9971475  742.932000
9973109  982.510000
9973855  577.927000
9974142  2168.890000
9991621  543.293000
9992325  656.480000
9993529  370.314000
9993683  715.910000
9994381  518.280000
9995402  389.143000
9995771  2002.960000
9996632  1740.090000
10000162  3992.750000
10000490  689.820000
10000941  325.737000
10001368  853.959000
10001893  1672.940000
10002049  2280.330000
10002261  50.118725
10002266  769.913000
10002866  758.854000
10003058  1305.740000
10004515  545.741000
10004519  1162.910000
10004738  602.268000
10004772  4317.210000
10005020  1295.370000
10005758  865.730000
10005788  420.042000
10006096  934.701000
10006581  1165.340000
10006641  401.310000
10007492  1095.790000
10007916  657.711000
10010440  1157.840000
10010452  696.978000
10011213  1415.800000
10014702  1447.030000
10014875  1273.260000
10015516  1133.820000
10015937  820.506000
10016874  721.482000
10018233  1107.500000
10018364  396.952000
10019065  1182.050000
10019399  397.777000
10019643  689.814000
10019708  1523.000000
10019763  1046.380000
10019854  1497.880000
10020423  1025.020000
10022908  487.525000
10023069  1832.740000
10023469  2216.670000
10024051  515.453000
10024701  721.534000
10026136  4100.000000
10026457  934.493000
10026458  1584.320000
10026502  895.069000
10026544  979.770000
10027247  265.482000
10027323  544.568000
10027861  658.769000
10028127  1211.750000
10028140  807.308000
10028352  1425.260000
10028535  805.562000
10028792  1232.900000
10030778  1568.260000
10031409  964.319000
10031500  1254.460000
10031526  1873.300000
10031643  1590.430000
10031656  1577.750000
10031707  11938.300000
10031808  467.265000
10031885  825.455000
10031907  760.596000
10031918  457.604000
10033279  1095.640000
10034146  1653.900000
10053138  533.268000
10055126  778.654000
10057494  593.646000
10059645  583.641000
10063044  1688.520000
10063208  403.933000
10063802  1115.620000
10064256  591.019000
10064591  479.297000
10065053  1980.160000
10066755  1133.230000
10068024  721.105000
10068030  956.356000
10068383  2502.390000
10068659  1003.260000
10068919  984.165000
10070468  1439.470000
10070479  661.115000
10073672  394.269000
10074466  690.336000
10074700  2922.180000
10075409  nan
10079317  nan
10079420  1166.050000
10079481  433.502000
10080248  2093.620000
10081899  178.905000
10083325  823.122000
10083623  2375.420000
10089123  1244.380000
10089911  921.784000
10090151  412.701000
10090219  1920.300000
10090257  459.244000
10090854  1065.890000
10091110  1274.300000
10091257  560.748000
10092312  1119.200000
10093664  1004.210000
10094670  735.369000
10095484  1600.340000
10095512  841.104000
10096697  1039.560000
10098534  1324.040000
10098540  441.430000
10098844  1198.250000
10118266  nan
10118816  245.303000
10118942  524.324000
10120548  852.767000
10122255  1076.280000
10122538  453.795000
10123064  546.163000
10125352  1008.390000
10128825  1419.200000
10129482  nan
10130039  426.590000
10130057  873.953000
10130646  105.954000
10132552  599.964000
10132832  1337.250000
10132908  1072.340000
10134152  778.602000
10136549  677.975000
10139305  754.664000
10139390  1156.290000
10139620  2841.830000
10140122  653.653000
10140274  682.356000
10140843  1381.450000
10141271  1144.510000
10141900  962.459000
10141938  807.281000
10146103  1184.430000
10147276  1032.110000
10148521  747.105000
10149023  1335.620000
10152836  769.214000
10153011  2220.520000
10153827  2236.060000
10153855  446.914000
10154388  449.964000
10155029  298.796000
10155080  6634.630000
10155286  1000.220000
10155321  1605.800000
10155434  629.445000
10156055  1280.690000
10156064  659.611000
10156110  1638.880000
10157458  1047.840000
10157573  1445.300000
10158418  715.484000
10158715  1412.560000
10158729  981.233000
10158990  3689.230000
10160922  1290.860000
10161534  845.631000
10163066  417.429000
10163067  516.794000
10164018  nan
10166274  264.993000
10186761  589.424000
10186945  459.521000
10187017  107.796000
10187159  491.978000
10187563  1712.860000
10189523  1171.490000
10189542  626.478000
10189546  635.145000
10189557  2755.040000
10190075  870.874000
10190777  194.182000
10191036  330.395000
10191056  602.441000
10191070  nan
10191449  884.782000
10196493  729.023000
10198109  nan
10198225  882.702000
10198662  985.527000
10199817  641.591000
10199984  1594.090000
10200627  2881.400000
10201891  1466.130000
10202759  697.104000
10203349  1140.570000
10205598  858.973000
10206675  nan
10208477  872.234000
10208759  3201.070000
10208894  3674.090000
10212441  563.493000
10213902  1260.780000
10214162  1088.360000
10214328  358.289000
10214341  1917.750000
10214873  688.518000
10215422  1060.910000
10215869  997.935000
10216045  636.693000
10219288  10049.500000
10219361  1492.910000
10220837  492.847000
10220950  1765.620000
10221013  1286.060000
10221505  989.417000
10222603  612.325000
10223615  415.685000
10223616  626.204000
10225800  1474.940000
10226343  1505.540000
10226420  2916.430000
10227020  1859.710000
10227501  522.452000
10227863  1051.080000
10227881  1763.920000
10228942  1431.320000
10230571  nan
10232123  717.915000
10232693  806.900000
10252275  292.111000
10253547  891.462000
10253638  836.105000
10253977  479.057000
10257229  998.531000
10257903  1978.870000
10258558  1270.590000
10259029  2277.980000
10259031  2071.060000
10259301  690.535000
10263598  1658.680000
10264202  1464.030000
10264293  762.445000
10264660  nan
10265602  1818.110000
10265898  890.352000
10266615  787.894000
10266852  846.343000
10266860  667.688000
10267121  1455.690000
10268714  893.399000
10268809  916.011000
10268903  610.201000
10268907  1828.390000
10271691  773.593000
10271806  782.088000
10272389  488.613000
10272442  1691.880000
10272640  1898.260000
10272858  552.845000
10273903  1597.350000
10274244  154.434000
10275074  1783.980000
10275077  2095.730000
10275766  1846.670000
10275805  1140.630000
10275880  840.034000
10275887  2177.000000
10281221  1372.000000
10281311  1786.660000
10284575  600.401000
10285631  992.852000
10287242  4150.270000
10287248  nan
10287723  155.370000
10288922  1557.450000
10289119  880.895000
10290021  262.852000
10290447  nan
10290666  666.146000
10291589  1532.950000
10292000  1616.150000
10292238  1806.010000
10292465  767.042000
10292540  3877.250000
10294465  54.127900
10294509  962.122000
10294608  828.099000
10294613  664.588000
10295951  1661.660000
10296163  751.494000
10318874  191.904000
10319341  683.916000
10319385  503.267000
10319834  1035.770000
10320341  1963.170000
10321927  2047.660000
10321972  6019.310000
10322797  803.709000
10328393  344.190000
10328458  703.038000
10329196  546.230000
10329469  752.666000
10329835  291.275000
10330115  1064.470000
10330495  1640.780000
10331279  894.388000
10332213  818.482000
10332789  1964.350000
10332883  188.158000
10336927  1213.810000
10336951  569.943000
10337258  750.040000
10337517  516.090000
10338279  370.768000
10338529  1113.280000
10338624  780.512000
10339000  1918.640000
10340212  nan
10340228  1007.170000
10340423  561.101000
10341777  815.288000
10341781  538.730000
10341787  1246.490000
10341831  251.031000
10341876  2224.750000
10341878  1152.560000
10341905  1110.500000
10341913  811.739000
10341917  1049.950000
10342041  1753.740000
10342065  2002.770000
10342097  3437.890000
10342248  984.756000
10342316  1187.870000
10345478  864.354000
10345862  1176.210000
10346522  3739.040000
10350571  1303.720000
10351231  1302.870000
10351767  1075.700000
10351947  1203.300000
10352333  nan
10352603  2394.630000
10352938  3756.990000
10352945  1593.180000
10353968  737.702000
10354039  nan
10356124  1630.030000
10356840  2241.360000
10357040  1172.380000
10357831  984.796000
10358759  832.532000
10360722  729.964000
10362031  590.640000
10363115  508.201000
10363233  669.144000
10363281  612.618000
10363300  3508.890000
10383687  620.865000
10383696  3328.710000
10383729  786.771000
10384298  213.584000
10384798  903.332000
10384962  780.209000
10385682  2119.140000
10385708  351.554000
10386922  651.999000
10386984  388.384000
10387742  340.965000
10387792  382.002000
10388286  173.354000
10388451  311.406000
10389280  624.052000
10394802  690.136000
10395381  722.640000
10395543  252.904000
10396708  460.405000
10397315  1353.640000
10397751  515.334000
10399137  792.753000
10399321  542.938000
10403228  301.445000
10404545  852.048000
10404582  1090.510000
10405224  740.779000
10405482  1141.270000
10405546  780.334000
10407020  1441.500000
10407047  1715.430000
10407054  1331.400000
10407086  731.845000
10407191  158.760000
10407210  467.855000
10407221  536.913000
10407271  nan
10407430  1720.770000
10407464  502.228000
10407482  510.029000
10414727  1517.680000
10415227  2146.290000
10416390  nan
10417704  2342.850000
10418224  2305.010000
10418797  1636.250000
10419108  277.588000
10419211  2299.230000
10419312  2958.780000
10419797  2804.710000
10420279  1333.750000
10420301  673.144000
10422852  2064.990000
10425070  1099.140000
10426656  889.608000
10427700  960.839000
10450504  769.637000
10452252  101.197000
10453009  1416.680000
10453588  514.524000
10454313  1209.400000
10454401  1588.680000
10454632  259.639000
10459749  1635.390000
10459805  601.347000
10460629  1719.530000
10460984  890.758000
10461045  953.973000
10462462  679.188000
10462826  1920.710000
10464050  878.082000
10464078  2942.240000
10464199  383.235000
10464666  288.893000
10467714  729.101000
10467815  849.050000
10468514  597.383000
10468885  882.324000
10468940  713.964000
10470206  992.482000
10470616  1089.730000
10470779  966.601000
10470882  1221.880000
10470993  1540.970000
10471005  957.264000
10471055  1631.720000
10471090  1352.040000
10471113  1463.590000
10471167  nan
10471174  1660.410000
10471204  1804.840000
10471243  937.599000
10471296  754.948000
10471345  nan
10471515  492.894000
10471621  nan
10473272  1963.220000
10480915  745.740000
10480921  1573.390000
10480952  646.365000
10480982  1990.530000
10481045  1864.790000
10481054  1204.960000
10482160  783.666000
10483644  732.658000
10484409  888.990000
10485069  1411.890000
10485179  815.185000
10485250  3698.970000
10486425  1191.340000
10487119  3265.400000
10487228  764.380000
10488450  1390.250000
10489206  183.365000
10489345  820.905000
10489521  4296.370000
10489525  1170.780000
10489539  556.724000
10490960  3324.900000
10491031  1567.270000
10491044  nan
10491062  812.461000
10491525  922.881000
10491544  2113.780000
10491554  2183.090000
10493253  1701.110000
10513530  612.803000
10514429  271.199000
10514430  270.539000
10514770  926.991000
10515564  735.308000
10518399  1566.210000
10518424  1183.990000
10518725  1045.420000
10518735  2179.060000
10519701  1015.640000
10519727  1374.170000
10525027  162.006000
10525049  193.903000
10525077  1461.150000
10526549  568.431000
10526887  1064.050000
10527135  797.453000
10528068  446.844000
10531955  393.642000
10532751  963.418000
10534155  512.363000
10535708  2544.730000
10535807  1237.020000
10535858  213.726000
10535886  329.778000
10535897  863.506000
10535926  1888.940000
10535991  2255.600000
10536177  1037.160000
10536241  1376.490000
10538176  1031.950000
10544677  2191.380000
10545066  784.230000
10546063  2039.850000
10547378  2487.530000
10547685  439.611000
10548411  711.711000
10549023  1671.280000
10549562  1564.790000
10549576  1797.840000
10549902  1311.650000
10549924  409.769000
10551346  1198.350000
10552151  2028.150000
10552263  433.600000
10552611  301.183000
10552700  561.756000
10554421  1438.070000
10554967  1345.180000
10554999  605.680000
10555365  2651.360000
10555375  1027.580000
10556180  2191.860000
10556578  1350.700000
10556891  511.243000
10577994  560.885000
10579570  155.553000
10581308  469.154000
10581918  1169.570000
10583066  534.788000
10583180  598.555000
10583181  439.596000
10583225  655.054000
10583761  415.205000
10584140  869.474000
10585738  1043.560000
10585749  1648.700000
10585852  1259.280000
10585887  784.077000
10586004  408.845000
10586208  985.041000
10586619  1194.750000
10586744  1776.450000
10587105  799.008000
10591578  286.366000
10591855  401.484000
10592163  2966.660000
10593535  916.313000
10593626  194.642000
10593759  1581.330000
10597164  2023.610000
10597693  1140.460000
10599206  564.277000
10599397  2042.640000
10600261  1097.970000
10600955  682.436000
10601163  614.727000
10601284  980.138000
10601465  573.284000
10601538  830.842000
10601549  389.994000
10601579  660.442000
10602291  2079.300000
10604335  468.094000
10604521  1610.130000
10604592  460.899000
10610039  1050.050000
10611420  1680.700000
10613718  293.633000
10614012  579.921000
10614158  1776.570000
10614845  558.067000
10615440  796.477000
10616317  558.607000
10616415  1291.100000
10616571  755.237000
10616656  643.098000
10616679  531.944000
10616829  1934.610000
10617017  482.047000
10617638  1245.930000
10618044  1275.340000
10619109  770.781000
10619142  4590.060000
10619192  720.753000
10620329  905.284000
10621666  992.225000
10646620  789.798000
10647452  927.144000
10649230  449.342000
10651816  668.710000
10651945  1656.180000
10653179  1196.040000
10656508  1734.530000
10656823  652.051000
10656842  1240.740000
10657406  390.354000
10657664  2190.860000
10658177  776.705000
10659313  1439.320000
10659624  780.077000
10661679  925.136000
10661718  1000.180000
10661771  1052.390000
10661778  nan
10661913  281.480000
10661917  710.068000
10661976  901.579000
10662021  2159.330000
10662202  815.637000
10663396  695.967000
10663411  1345.160000
10663738  1364.270000
10663976  808.446000
10664150  1490.490000
10664416  2310.200000
10665043  824.734000
10665228  1083.300000
10665749  1391.710000
10666230  1338.570000
10666242  717.823000
10666592  341.079000
10668665  6246.090000
10669994  976.868000
10670112  1012.390000
10670119  nan
10674871  1209.720000
10676014  215.814000
10676750  1982.230000
10676824  1060.770000
10676923  2690.530000
10676927  2387.640000
10677186  1895.850000
10677763  440.299000
10678912  1664.230000
10679583  772.683000
10680424  739.181000
10682541  1063.090000
10684670  782.852000
10685175  723.497000
10685764  nan
10686814  420.287000
10686864  3460.510000
10686876  950.737000
10686909  564.216000
10686930  1019.020000
10709622  1246.050000
10710755  1086.730000
10711551  2164.400000
10711913  2250.870000
10713616  626.819000
10714072  416.692000
10717220  629.270000
10717241  311.175000
10718726  1221.960000
10722485  924.141000
10723367  1238.810000
10723750  1455.570000
10724369  961.405000
10724569  831.308000
10727668  5749.530000
10728219  1141.990000
10729472  1144.120000
10730034  824.310000
10730070  771.152000
10730250  2642.450000
10730703  955.536000
10732401  1112.900000
10733174  709.169000
10734441  2900.380000
10735331  972.355000
10735519  2422.760000
10735564  3337.710000
10735575  3907.850000
10735988  912.177000
10736179  1194.760000
10736223  1492.840000
10736489  264.995000
10737437  699.989000
10743597  1107.820000
10743600  nan
10744335  1458.590000
10745365  1075.350000
10747162  399.862000
10747439  1459.170000
10747445  2264.760000
10747501  1366.790000
10748390  37.764700
10748393  1831.290000
10748621  1095.290000
10749059  1016.850000
10749128  1506.270000
10751515  2570.530000
10751908  1282.630000
10753394  173.797000
10753734  744.863000
10753922  814.449000
10777591  567.187000
10779233  482.119000
10785538  489.658000
10788461  489.876000
10790387  1492.950000
10790401  1840.670000
10793172  760.065000
10793576  852.030000
10794087  538.807000
10794242  1058.730000
10794405  712.326000
10794509  1006.570000
10794974  849.115000
10795103  539.321000
10797460  1083.060000
10798331  1169.450000
10798605  899.418000
10798838  877.546000
10799291  6100.020000
10799735  1351.180000
10801100  1121.440000
10801249  956.799000
10801951  774.034000
10802364  869.889000
10809677  3327.320000
10809888  3520.140000
10810838  313.068000
10810859  1320.400000
10811496  1571.860000
10812504  269.950000
10812541  313.299000
10813078  490.220000
10813132  661.022000
10813841  1759.040000
10815677  1392.470000
10815916  1482.140000
10816107  570.067000
10817600  1751.530000
10842192  588.037000
10843203  1399.260000
10843431  701.255000
10843590  459.368000
10844823  726.578000
10844890  740.980000
10845188  898.257000
10847721  770.453000
10847907  714.612000
10848097  738.372000
10848459  1731.160000
10849244  533.429000
10850327  705.499000
10854546  1022.800000
10854555  1210.120000
10854768  1482.740000
10855545  2204.760000
10857342  4020.240000
10857519  405.533000
10857589  3307.900000
10858504  1272.140000
10858691  1226.850000
10858737  945.316000
10858785  1545.950000
10858803  656.496000
10858832  843.689000
10861608  848.876000
10861715  1687.090000
10862284  3067.410000
10862759  1492.690000
10863608  1176.530000
10864531  1101.100000
10864656  848.023000
10865043  1043.430000
10866969  2748.110000
10867017  860.719000
10867062  4481.990000
10872983  1644.610000
10873178  1263.690000
10873260  1421.810000
10874215  1425.390000
10874226  1730.200000
10874614  587.039000
10874926  1056.090000
10875007  1903.700000
10875245  525.997000
10875937  1328.500000
10876237  615.471000
10877024  1073.490000
10878117  1334.060000
10878263  413.460000
10879038  1025.030000
10879208  2830.570000
10879213  nan
10879247  642.657000
10879656  1668.000000
10879899  1312.100000
10880007  597.792000
10880507  723.431000
10881457  1696.250000
10904004  418.673000
10904857  1145.280000
10905239  927.981000
10905641  787.449000
10905746  66.407400
10905911  371.049000
10907132  1457.980000
10907307  390.577000
10908248  1115.350000
10909127  872.328000
10909274  838.509000
10910878  826.265000
10916600  1028.160000
10917043  511.349000
10917433  366.173000
10917681  nan
10920086  727.517000
10920281  368.058000
10920420  690.476000
10920813  2644.900000
10922659  2055.820000
10923260  917.127000
10924340  1065.550000
10924400  182.255000
10924562  2465.840000
10924853  1419.830000
10925104  259.533000
10925113  nan
10928043  629.255000
10932270  1482.930000
10933306  1533.120000
10933561  653.600000
10934313  1523.730000
10934674  558.810000
10935310  447.135000
10935993  1493.690000
10936427  1802.680000
10936786  593.579000
10937029  728.525000
10937609  1618.200000
10937749  952.080000
10958972  1451.360000
10960993  627.681000
10960995  609.647000
10963065  88.783200
10963242  2055.770000
10964265  1762.700000
10964440  nan
10964747  2179.000000
10965008  785.137000
10965588  867.931000
10965740  1204.430000
10965963  1322.010000
10967168  554.289000
10971674  nan
10971944  919.837000
10972902  1373.660000
10973583  1903.210000
10973664  900.678000
10973814  835.860000
10975146  nan
10976412  1307.390000
10977671  1297.350000
10978581  1490.680000
10978763  616.637000
10979716  540.195000
10979952  1443.690000
10982373  784.010000
10982872  548.686000
10984090  530.122000
10987439  370.317000
10987985  612.838000
10989032  2351.480000
10989274  1202.470000
10989620  2205.620000
10990886  130.645000
10990917  1119.870000
10991114  578.841000
10991239  4218.700000
10991389  1070.660000
10991431  1631.210000
10991989  530.981000
10992011  442.835000
10992733  1427.350000
11013201  225.181000
11014932  1052.240000
11015108  457.709000
11015323  638.301000
11017094  896.661000
11017901  268.041000
11018648  740.754000
11019739  833.860000
11019987  783.401000
11021252  1528.970000
11021266  2188.840000
11021676  3554.580000
11026304  783.476000
11026582  1001.300000
11027270  378.524000
11027624  822.134000
11027722  1177.880000
11029877  963.964000
11030475  nan
11030711  1497.330000
11032227  1661.280000
11032748  717.604000
11036168  1080.660000
11037128  1131.080000
11037335  1098.450000
11037511  nan
11037818  1525.520000
11038580  978.257000
11043136  1942.290000
11043167  1619.030000
11044770  1630.170000
11044779  3437.440000
11044826  845.188000
11045383  442.925000
11046025  385.348000
11046458  698.646000
11046723  912.795000
11046870  1533.990000
11068630  1529.330000
11069176  490.488000
11069681  2469.810000
11071200  942.548000
11071207  1712.270000
11072016  1125.410000
11072982  1976.390000
11073223  1642.020000
11073238  664.075000
11073351  1153.130000
11073656  936.963000
11074178  928.978000
11074541  252.762000
11074835  1095.050000
11075279  471.871000
11075429  921.778000
11075737  400.907000
11076176  1254.580000
11076276  1431.650000
11076279  2184.680000
11076400  393.177000
11080405  882.462000
11080702  585.317000
11081504  338.056000
11081512  531.981000
11082795  1056.550000
11086270  586.531000
11087662  996.982000
11090556  852.204000
11090561  4045.080000
11090765  973.760000
11090926  3522.670000
11092040  1823.610000
11092783  nan
11093335  732.621000
11093538  1408.340000
11097752  788.803000
11098004  402.011000
11098013  413.253000
11098573  1918.660000
11098704  1241.750000
11099109  nan
11099351  1058.790000
11100170  nan
11100383  312.798000
11100657  959.424000
11100670  1106.200000
11121752  813.713000
11122894  692.140000
11124353  773.715000
11124436  791.489000
11124509  1592.930000
11124703  708.300000
11125613  622.818000
11125797  567.556000
11125936  1611.330000
11126381  727.187000
11127479  276.323000
11129145  209.578000
11129258  1197.040000
11129738  431.776000
11133306  332.443000
11134079  994.573000
11134879  568.148000
11135119  1946.530000
11135308  670.829000
11135694  1951.260000
11137061  713.001000
11137065  2205.560000
11137180  984.187000
11138155  1314.510000
11139682  1805.220000
11144439  956.029000
11145391  672.856000
11145637  1080.610000
11145726  3801.320000
11145831  1312.360000
11147276  975.552000
11147460  8106.300000
11147785  1684.010000
11147814  354.912000
11151677  2211.920000
11152159  988.519000
11152511  575.470000
11152950  2057.510000
11153121  nan
11153259  1774.710000
11153476  966.171000
11153539  1508.710000
11154043  1595.120000
11176127  518.204000
11176166  1031.310000
11177543  nan
11177676  780.566000
11177707  998.961000
11179076  744.294000
11180361  255.446000
11181260  921.470000
11182213  850.326000
11182260  307.363000
11182706  2442.240000
11183752  1078.040000
11187436  824.688000
11187837  337.926000
11187972  672.317000
11188249  1355.290000
11188254  1084.780000
11189127  773.012000
11189311  608.680000
11191364  2864.300000
11192141  1470.900000
11192235  336.952000
11192998  603.530000
11193263  1378.470000
11193447  nan
11194032  302.955000
11197126  721.846000
11197853  nan
11198419  414.134000
11198723  1745.100000
11199233  1216.670000
11199725  2305.350000
11200405  3348.360000
11200415  675.002000
11200767  946.422000
11200773  1226.560000
11228612  1110.840000
11231334  373.603000
11232745  1279.390000
11233911  1468.090000
11234677  777.071000
11235323  1578.520000
11236244  436.505000
11237332  443.632000
11240948  857.713000
11241560  685.554000
11241814  1594.290000
11241912  652.253000
11242721  1889.080000
11243547  283.725000
11244137  1493.640000
11244571  1435.170000
11244682  818.759000
11246161  1095.380000
11246364  946.080000
11249624  1985.090000
11250587  667.604000
11250867  738.013000
11251058  1034.230000
11251991  377.066000
11252617  1677.630000
11253711  1592.700000
11253827  223.757000
11254382  1165.660000
11255231  1079.170000
11255761  890.719000
11259686  467.375000
11282568  1671.370000
11283615  911.269000
11284772  268.003000
11285136  1883.130000
11285625  523.286000
11285870  1214.090000
11286311  1830.260000
11287726  1558.490000
11288051  420.046000
11288492  650.214000
11288505  1127.120000
11288772  677.578000
11290515  492.173000
11294822  580.326000
11294883  453.233000
11295085  728.533000
11295426  144.166000
11296045  1672.400000
11296205  990.503000
11296437  806.861000
11296724  1424.250000
11296798  614.283000
11297236  565.752000
11298298  544.939000
11298442  415.550000
11298815  312.695000
11303322  1479.140000
11303811  1175.050000
11303815  694.996000
11304958  2302.450000
11304987  1520.260000
11305417  762.026000
11305996  259.432000
11308499  1856.280000
11336883  568.676000
11337012  2140.160000
11337141  221.186000
11337372  1001.680000
11337566  544.163000
11337833  934.490000
11338056  503.292000
11338091  440.123000
11338918  365.769000
11340218  2513.660000
11341164  735.229000
11341266  717.091000
11341314  493.469000
11342416  505.531000
11342550  1225.650000
11342573  2799.770000
11348086  505.862000
11348610  857.049000
11348997  259.328000
11350118  514.077000
11350389  1046.220000
11350634  1192.400000
11351454  1484.360000
11355925  858.893000
11356260  839.255000
11356602  524.486000
11357185  nan
11357192  378.178000
11357664  349.233000
11358305  914.508000
11358389  831.996000
11358392  1245.000000
11359305  889.174000
11359879  739.412000
11360571  1382.820000
11360805  632.865000
11361283  874.030000
11361646  1058.240000
11389771  719.166000
11390109  nan
11391018  436.257000
11391181  1199.490000
11391512  nan
11391667  416.187000
11391755  2516.580000
11391957  784.618000
11392017  2412.290000
11392362  1478.410000
11392618  444.332000
11393248  897.667000
11393633  1051.500000
11394027  626.691000
11395587  527.516000
11400356  1711.060000
11401182  431.051000
11401253  313.729000
11401755  527.956000
11401767  1493.950000
11401822  1383.200000
11401845  3560.840000
11401869  1226.490000
11402995  813.724000
11403044  2063.410000
11403216  2113.280000
11403339  568.487000
11403389  902.204000
11403530  755.678000
11404644  1974.480000
11407847  2309.280000
11408935  2223.950000
11409698  1007.420000
11410904  1030.700000
11411639  1095.410000
11413812  986.364000
11414368  1279.750000
11414465  541.714000
11414511  939.744000
11415243  335.090000
11442465  863.455000
11442793  848.254000
11443757  1925.260000
11444514  2146.230000
11444772  719.226000
11444952  708.607000
11444974  1248.500000
11446424  2700.760000
11446443  215.320000
11446961  455.989000
11449696  2842.940000
11449844  442.871000
11449918  1512.920000
11450414  1298.880000
11453349  1930.450000
11453592  103.917000
11453930  792.445000
11455181  2101.690000
11455428  500.892000
11455484  4563.970000
11455491  869.253000
11455795  nan
11456256  682.202000
11456279  1039.490000
11456382  309.387000
11456405  855.403000
11456839  3530.340000
11457191  1790.820000
11457664  1273.440000
11457726  939.001000
11460018  1168.260000
11460462  530.658000
11461433  415.218000
11461844  1754.190000
11462341  nan
11462556  512.576000
11462969  1206.310000
11463211  2640.090000
11463950  1683.610000
11465651  1494.390000
11465658  830.228000
11465813  1071.370000
11465869  161.681000
11465950  1232.190000
11466960  1285.030000
11493378  871.212000
11493431  513.103000
11493732  1996.120000
11494130  367.696000
11495458  342.509000
11495766  1110.090000
11495989  420.449000
11496490  845.419000
11497958  nan
11497977  723.875000
11498128  1299.970000
11499192  3357.380000
11499228  1331.920000
11499263  1434.090000
11499757  1679.550000
11501492  1722.640000
11501774  656.516000
11502172  1110.920000
11502179  1155.280000
11502218  299.183000
11502867  843.695000
11506235  864.028000
11506654  1050.660000
11506938  478.019000
11507101  1033.930000
11508644  1697.810000
11509504  1455.360000
11512246  835.756000
11513366  2532.020000
11513441  1082.530000
11513486  1204.540000
11516930  1568.840000
11517719  1122.190000
11518142  1441.630000
11518201  879.583000
11519134  974.587000
11519187  1529.240000
11519226  713.678000
11520114  735.435000
11520459  880.954000
11520465  1308.330000
11521048  1118.400000
11521793  809.467000
11546211  nan
11547505  536.323000
11547513  334.797000
11547869  305.380000
11548140  176.585000
11551652  670.510000
11551692  153.676000
11551715  2288.050000
11553598  1357.920000
11553706  551.432000
11554435  194.033000
11558217  1516.380000
11558882  2061.250000
11559304  242.118000
11559493  1247.860000
11560037  993.593000
11560382  1878.960000
11560397  1333.450000
11560431  128.729000
11560447  125.496000
11560897  917.477000
11564013  1254.360000
11565544  814.410000
11565903  2036.230000
11565924  1056.900000
11566064  1008.790000
11566256  1053.490000
11568224  1492.740000
11568987  570.659000
11569475  990.458000
11569782  358.518000
11570749  459.086000
11572193  1530.320000
11598638  919.404000
11598894  nan
11599038  1291.470000
11599264  1659.100000
11599800  1287.800000
11599937  nan
11600299  5017.990000
11600889  338.368000
11601357  1082.820000
11601425  1225.650000
11601584  501.574000
11601597  nan
11601633  501.451000
11601972  977.221000
11602794  860.930000
11603298  1288.320000
11607176  983.151000
11607193  984.368000
11611275  1384.160000
11611600  532.726000
11612241  nan
11612280  1026.480000
11614528  3725.620000
11614617  1485.820000
11614808  746.155000
11615258  1603.350000
11615481  3065.710000
11615521  1132.660000
11616200  929.424000
11616434  nan
11616596  627.616000
11616631  3063.600000
11616663  1320.520000
11618569  814.237000
11618601  935.191000
11618798  1077.770000
11619964  994.298000
11621223  685.599000
11621897  1996.060000
11622600  389.561000
11622985  1183.290000
11623629  155.956000
11624249  462.322000
11649292  3630.480000
11650401  1191.190000
11650543  598.701000
11651105  1671.730000
11651240  727.336000
11651712  728.668000
11652427  210.837000
11654039  483.622000
11655826  939.985000
11656246  651.318000
11656302  1885.600000
11656721  769.200000
11656840  1667.130000
11656918  694.175000
11656928  1369.740000
11657614  459.076000
11657891  607.916000
11658036  1111.420000
11661803  1592.150000
11662184  1213.820000
11662440  1250.090000
11666881  847.508000
11667548  1480.740000
11669125  420.817000
11669239  695.650000
11670125  762.019000
11670599  1349.940000
11671429  893.478000
11671579  908.444000
11671646  534.887000
11672354  nan
11673674  576.636000
11673686  527.898000
11673802  1152.680000
11674709  1158.610000
11701407  729.227000
11702948  846.710000
11704044  1475.300000
11705004  978.066000
11706658  356.575000
11709006  65.759600
11709022  54.931950
11709124  915.212000
11709244  823.242000
11709423  977.790000
11714107  1026.230000
11714231  1623.240000
11716643  932.364000
11718144  799.699000
11718389  360.468000
11720424  2171.870000
11722217  nan
11724091  1669.190000
11724094  1032.450000
11724210  1794.390000
11752632  717.555000
11752906  320.588000
11752908  831.034000
11754430  905.825000
11754553  321.542000
11756821  463.885000
11757422  398.699000
11757451  802.271000
11758544  467.568000
11760231  328.520000
11760860  382.989000
11760931  785.916000
11760959  653.444000
11761199  nan
11763910  1340.150000
11764462  476.733000
11768142  nan
11768970  744.685000
11769146  877.059000
11769689  1742.240000
11769801  691.512000
11769890  489.435000
11771430  829.985000
11773022  783.831000
11773174  774.621000
11773328  829.651000
11773625  912.787000
11774303  2429.810000
11774383  nan
11774387  1073.400000
11774991  188.027000
11775507  1262.600000
11775530  678.819000
11802615  468.258000
11803074  3122.620000
11804437  344.364000
11804465  881.386000
11804952  2832.180000
11805075  991.870000
11807274  250.110000
11807906  3015.220000
11810124  978.678000
11811193  478.647000
11811382  458.724000
11811454  646.142000
11812062  918.210000
11812199  740.694000
11817750  943.646000
11818566  721.410000
11818607  1136.600000
11818800  2344.740000
11818872  438.703000
11819135  2774.530000
11819396  992.627000
11820830  784.078000
11821363  718.945000
11823054  609.283000
11824218  4335.480000
11824222  776.462000
11824578  1641.770000
11824786  1316.570000
11825057  nan
11825996  1038.150000
11826400  728.218000
11852982  156.264000
11853130  438.162000
11853255  342.254000
11853878  290.324000
11853905  487.916000
11854061  757.460000
11854636  1166.530000
11855538  nan
11856178  296.662000
11858541  nan
11858741  1931.210000
11858748  1143.440000
11858979  1095.290000
11860294  538.330000
11860395  2435.940000
11867071  nan
11867608  810.088000
11867733  1362.220000
11868122  880.116000
11868941  835.102000
11869052  789.433000
11870545  759.586000
11872139  617.677000
11872364  2175.620000
11873166  823.659000
11873171  1590.280000
11874338  1559.130000
11874577  1660.450000
11875511  389.918000
11875734  1027.800000
11904151  185.506000
11904704  600.882000
11904734  nan
11904835  3073.460000
11905011  455.336000
11905398  839.597000
11905409  1492.920000
11906217  450.154000
11909686  1187.940000
11909839  2091.970000
11910670  1215.030000
11911561  920.773000
11911580  874.351000
11911929  1909.760000
11912911  863.542000
11912916  2545.860000
11912932  690.092000
11912941  1478.600000
11912987  542.555000
11913012  2393.740000
11913013  nan
11913052  2208.680000
11913071  303.451000
11913072  1214.120000
11913073  461.494000
11918099  665.680000
11918482  454.646000
11918793  1020.370000
11922290  662.960000
11922648  963.362000
11922678  916.377000
11922722  464.701000
11922778  1451.890000
11922782  234.262000
11923074  752.393000
11923213  881.115000
11923270  295.196000
11923284  543.375000
11923819  941.779000
11924426  1045.480000
11954842  627.455000
11955499  710.583000
11959569  727.908000
11959893  1316.330000
11960862  1954.080000
11962284  634.580000
11963206  1015.690000
11966253  1594.830000
11966557  2032.540000
11966643  959.684000
11966668  771.296000
11967004  961.540000
11967788  1408.740000
11967872  1926.010000
11968463  1432.610000
11968490  1219.680000
11968513  nan
11968514  1472.540000
11969092  673.859000
11969988  490.947000
11970050  1129.060000
11970288  420.360000
11970988  330.648000
11972666  635.429000
11972872  973.141000
11973517  500.799000
11974540  929.811000
11975363  2152.960000
12004656  2716.470000
12004679  562.460000
12004680  984.488000
12004689  nan
12004971  465.818000
12007270  533.911000
12008872  678.069000
12008916  792.265000
12009347  534.784000
12009917  521.936000
12010534  1753.490000
12012439  901.815000
12012872  722.594000
12013615  1437.900000
12016243  1870.450000
12016267  595.832000
12017109  909.280000
12017140  873.803000
12019440  1140.950000
12020218  1259.460000
12020329  1826.150000
12020376  527.792000
12021387  938.951000
12021625  962.183000
12021811  465.676000
12021943  774.528000
12022517  3161.600000
12022718  1050.280000
12023078  1088.120000
12023089  nan
12024120  391.644000
12053823  936.243000
12055539  768.903000
12056139  2006.480000
12058147  739.557000
12058204  1090.450000
12058931  1549.090000
12061096  1594.410000
12061222  504.667000
12061238  659.134000
12061969  776.550000
12062660  nan
12062667  673.092000
12066335  316.618000
12066569  357.621000
12066767  5833.560000
12067960  1012.280000
12068975  330.575000
12069319  4613.180000
12069414  nan
12070811  922.244000
12071006  3622.110000
12071037  867.915000
12071754  903.822000
12071775  945.105000
12072872  428.411000
12102775  888.267000
12105051  488.330000
12105086  451.242000
12105785  1049.530000
12106875  813.348000
12106929  955.663000
12106934  nan
12107008  622.110000
12107021  542.855000
12108293  739.174000
12108312  nan
12108364  1419.050000
12109267  857.942000
12109845  1107.180000
12110786  554.029000
12110901  566.059000
12110942  1492.480000
12115188  619.550000
12116380  704.323000
12116489  643.009000
12117215  874.161000
12120307  1058.720000
12120484  1125.720000
12120943  1836.890000
12121118  746.214000
12121470  1599.350000
12121570  437.823000
12121701  2768.370000
12154526  817.647000
12156174  890.296000
12156347  417.014000
12156805  210.560000
12156930  655.320000
12157983  484.868000
12159249  598.313000
12164564  1756.710000
12164634  1243.770000
12164751  2897.240000
12164770  885.391000
12165063  163.854000
12167361  1438.610000
12168280  475.761000
12168895  1083.300000
12168993  2042.980000
12170648  504.414000
12170767  nan
12204137  1203.930000
12206313  965.560000
12207117  909.860000
12208631  863.055000
12208887  1497.590000
12216278  1434.010000
12216706  3476.640000
12217907  1305.810000
12251650  722.919000
12251779  1017.190000
12252424  262.351000
12252732  207.076000
12253474  429.931000
12253490  nan
12253534  321.945000
12253769  445.134000
12254378  1347.710000
12254688  1211.850000
12254792  939.455000
12254909  807.812000
12255382  105.705000
12256520  634.906000
12257851  2039.050000
12257886  1108.350000
12257999  990.136000
12265150  738.081000
12265786  739.388000
12266099  nan
12266636  802.672000
12268220  1340.490000
12300524  565.639000
12301181  nan
12302391  1910.240000
12302530  293.499000
12304202  4377.540000
12304728  892.056000
12306058  869.236000
12306699  723.178000
12306808  997.371000
12307496  1375.610000
12314973  455.982000
12316431  809.837000
12316447  1997.140000
12349560  643.530000
12350136  259.554000
12351927  847.536000
12352520  270.854000
12353633  476.263000
12353720  736.021000
12356617  835.455000
12356746  634.165000
12356914  1343.870000
12365000  582.336000
12365015  251.630000
12365184  1011.360000
12366084  1349.130000
12366681  341.689000
12367017  803.183000
12367310  1858.920000
12367464  777.748000
12400538  1195.540000
12401132  1028.910000
12401859  735.277000
12401863  802.116000
12402588  675.349000
12403119  298.532000
12403968  915.007000
12404086  686.923000
12404305  771.471000
12404954  439.400000
12405333  694.890000
12405436  504.449000
12405950  1313.260000
12406749  962.888000
12406807  1775.440000
12407623  1036.240000
12416597  749.554000
12416661  775.529000
12416987  792.292000
12417486  1829.530000
12417572  1279.770000
12418418  402.242000
12418662  3131.600000
12418724  1182.220000
12418816  240.111000
12418891  1233.450000
12419303  1588.570000
12453581  916.749000
12453855  923.821000
12454461  593.026000
12454800  873.602000
12456063  645.033000
12456601  1223.040000
12458605  1259.770000
12458817  3222.320000
12459725  1342.150000
12459731  3442.760000
12459808  661.443000
12459913  1355.280000
12469800  848.760000
12470041  1297.290000
12470530  781.604000
12470844  856.417000
12470954  690.525000
12504353  1188.240000
12504988  1065.510000
12505076  2254.690000
12505503  616.697000
12505590  728.156000
12505654  679.921000
12506342  774.828000
12506351  816.696000
12506417  641.994000
12506770  540.134000
12506986  802.232000
12508335  1702.300000
12509829  1209.860000
12519942  619.745000
12554051  3774.340000
12554212  252.509000
12554485  696.443000
12554634  869.504000
12555140  1367.660000
12555616  489.337000
12557548  607.917000
12557713  535.331000
12600735  1023.850000
12602314  675.001000
12602568  1519.250000
12602999  693.201000
12643582  2899.010000
12643589  1728.270000
12644020  801.173000
12644769  75.085200
12644774  778.193000
12644822  1979.250000
12645057  1820.040000
12645262  418.051000
12645761  3470.170000
12647110  2794.020000
12647577  754.272000
12647757  1270.650000
12690465  1425.620000
12691412  1321.210000
12734110  nan
12734396  1140.530000
12735740  343.863000
12735793  381.970000
12735830  359.497000
12736658  757.449000
12737015  1297.640000
12784167  814.125000
12785320  328.166000
12833566  531.269000
12834874  682.896000
12835139  1559.680000
12885212  589.196000
12935144  700.203000
