# KIC, Mass, Rad, Teff, Log(Lum), Dist (pc)
757450  0.914000  0.957000  5301.200000  -0.182000  829.600000
892772  0.803000  0.836000  4965.000000  -0.415000  626.000000
1025986  0.912000  0.967000  5662.100000  -0.060000  111.800000
1026032  1.374000  2.252000  6103.800000  0.804000  2272.500000
1026957  0.739000  0.717000  4771.700000  -0.618000  170.000000
1027438  1.201000  1.595000  6087.000000  0.502000  978.700000
1161345  0.890000  0.807000  5752.600000  -0.189000  236.500000
1161949  1.497000  1.994000  6265.100000  0.744000  1548.100000
1164301  1.065000  7.887000  4706.600000  1.444000  3069.100000
1293031  1.744000  2.872000  6635.000000  1.162000  1315.300000
1293046  0.958000  4.764000  4647.100000  0.985000  3140.200000
1293379  0.933000  1.416000  5442.000000  0.204000  2041.400000
1297263  1.243000  2.488000  5568.000000  0.733000  1254.700000
1429589  nan  nan  nan  nan  nan
1430305  1.434000  1.748000  6535.100000  0.704000  1009.100000
1431122  0.931000  0.862000  5480.200000  -0.217000  669.300000
1432214  1.160000  1.155000  6100.700000  0.224000  1787.200000
1432789  1.132000  1.515000  5769.600000  0.363000  1749.900000
1433531  1.032000  1.245000  6020.700000  0.266000  609.900000
1433962  0.670000  0.655000  4383.300000  -0.845000  484.300000
1433980  1.717000  3.175000  6281.700000  1.154000  3369.600000
1434395  1.333000  11.091000  4960.300000  1.830000  2312.000000
1571511  1.311000  1.360000  6328.700000  0.425000  772.400000
1572948  1.253000  2.395000  6093.700000  0.855000  2136.300000
1575690  0.866000  2.235000  4781.800000  0.375000  1578.600000
1575873  1.527000  1.675000  7082.300000  0.807000  445.800000
1717528  1.077000  1.107000  6001.500000  0.158000  996.300000
1717722  0.672000  0.656000  4706.400000  -0.718000  591.800000
1718189  0.853000  0.790000  5761.600000  -0.210000  599.400000
1718958  1.039000  0.984000  6283.500000  0.135000  430.400000
1721157  0.787000  0.739000  4916.900000  -0.540000  614.900000
1722276  0.813000  1.399000  5557.900000  0.231000  1058.700000
1723078  1.763000  2.951000  6413.900000  1.127000  1185.300000
1724513  1.435000  2.429000  6429.900000  0.962000  1551.700000
1724719  1.235000  1.259000  6334.800000  0.363000  945.200000
1725016  1.209000  1.456000  5915.400000  0.374000  1678.700000
1725193  1.481000  2.951000  5913.200000  0.984000  2621.300000
1725415  1.213000  1.932000  6175.400000  0.693000  1754.700000
1849702  0.810000  0.930000  5268.500000  -0.219000  515.200000
1865042  0.984000  1.161000  5549.600000  0.078000  570.600000
1865864  0.737000  0.706000  4831.200000  -0.608000  622.800000
1868404  1.474000  2.204000  6360.400000  0.858000  931.500000
1870398  1.142000  2.384000  5090.100000  0.542000  2183.900000
1871056  1.426000  2.000000  6215.700000  0.734000  937.600000
1871483  0.791000  0.804000  4926.400000  -0.462000  780.800000
1872821  0.931000  0.879000  5683.900000  -0.137000  878.000000
1873513  0.553000  0.564000  3818.900000  -1.215000  253.800000
1995519  0.903000  0.948000  5498.300000  -0.127000  1383.200000
1995712  nan  nan  nan  nan  nan
1995732  1.273000  3.188000  5057.100000  0.784000  3389.300000
1996180  1.118000  1.165000  6104.500000  0.231000  828.700000
1996399  0.588000  0.600000  3960.000000  -1.097000  206.100000
1996679  nan  nan  nan  nan  nan
2010152  0.909000  0.916000  5860.000000  -0.048000  447.700000
2010191  1.288000  1.994000  5915.300000  0.645000  1742.600000
2010607  1.613000  2.461000  6650.600000  1.031000  619.900000
2012722  1.578000  1.594000  7524.800000  0.867000  539.700000
2013883  1.676000  2.678000  6620.200000  1.091000  597.500000
2014991  1.434000  1.670000  7263.900000  0.843000  688.500000
2015013  1.274000  1.466000  6609.500000  0.571000  768.800000
2019076  1.046000  1.405000  5736.100000  0.295000  1792.200000
2019199  1.261000  1.582000  5791.500000  0.408000  1262.300000
2019477  nan  nan  nan  nan  nan
2021440  0.795000  0.777000  5027.100000  -0.457000  782.200000
2140389  0.965000  2.769000  4824.100000  0.578000  2862.800000
2141783  1.357000  1.777000  6113.000000  0.602000  1205.900000
2142501  0.945000  0.986000  5644.400000  -0.049000  323.700000
2142522  1.205000  1.180000  6319.100000  0.303000  561.200000
2157247  1.041000  1.043000  5972.600000  0.098000  867.100000
2158460  1.023000  1.007000  5983.200000  0.072000  1613.300000
2161536  0.624000  0.631000  4157.800000  -0.970000  393.300000
2161623  1.542000  2.147000  6711.200000  0.929000  1982.000000
2161949  0.943000  1.046000  5639.100000  -0.000000  813.600000
2162635  1.128000  2.640000  4951.900000  0.581000  1071.200000
2162994  1.098000  2.297000  5824.400000  0.740000  1550.500000
2163226  1.264000  1.879000  6284.600000  0.699000  2199.900000
2164169  1.132000  1.316000  6013.100000  0.313000  1275.900000
2165002  0.784000  0.737000  5205.200000  -0.442000  769.300000
2165352  0.770000  0.757000  4998.800000  -0.488000  457.100000
2166200  nan  nan  nan  nan  nan
2166206  nan  nan  nan  nan  nan
2167444  1.375000  1.398000  7011.000000  0.635000  1322.900000
2167890  1.336000  8.999000  4683.100000  1.555000  2153.500000
2283362  0.848000  0.831000  5292.700000  -0.308000  1059.900000
2284957  1.070000  1.447000  5817.400000  0.337000  1263.700000
2299738  0.820000  0.777000  5113.200000  -0.428000  387.800000
2301068  1.195000  2.794000  5169.700000  0.704000  818.500000
2302548  0.798000  0.766000  4913.300000  -0.509000  317.900000
2302758  1.140000  1.154000  6023.600000  0.201000  1068.000000
2302997  0.617000  0.631000  4098.700000  -0.995000  240.500000
2303903  0.858000  0.825000  5383.200000  -0.286000  1123.700000
2304320  nan  nan  nan  nan  nan
2305255  1.338000  2.122000  6210.400000  0.778000  2219.600000
2305311  0.832000  0.905000  5037.300000  -0.289000  637.900000
2305372  1.420000  2.357000  5918.800000  0.788000  1324.300000
2305543  0.890000  1.496000  5864.200000  0.380000  532.400000
2305819  0.964000  0.926000  5798.000000  -0.057000  240.300000
2305866  1.552000  2.304000  6541.500000  0.945000  956.100000
2306740  1.174000  2.670000  6053.400000  0.939000  1440.300000
2306756  nan  nan  nan  nan  nan
2307199  1.143000  1.315000  6248.300000  0.380000  961.900000
2307206  0.979000  1.198000  5704.300000  0.140000  1564.900000
2307415  1.152000  1.437000  5965.500000  0.374000  705.100000
2308411  1.157000  1.150000  6354.700000  0.291000  1429.700000
2308957  1.535000  3.186000  5930.700000  1.058000  2581.200000
2309585  1.008000  1.456000  5657.400000  0.295000  1603.300000
2309587  1.061000  1.520000  5748.200000  0.359000  931.900000
2309719  1.761000  3.827000  6199.300000  1.288000  1675.600000
2309910  1.170000  1.538000  5967.400000  0.432000  1400.400000
2310993  1.235000  1.534000  6188.000000  0.495000  2243.800000
2422820  nan  nan  nan  nan  nan
2436378  nan  nan  nan  nan  nan
2437060  0.936000  3.568000  4669.500000  0.745000  4349.600000
2437112  1.142000  4.103000  4836.100000  0.927000  5021.800000
2437149  nan  nan  nan  nan  nan
2437209  1.007000  3.754000  4772.700000  0.827000  4021.200000
2437452  nan  nan  nan  nan  nan
2437488  1.141000  9.390000  4551.000000  1.537000  4956.900000
2437505  nan  nan  nan  nan  nan
2437653  1.407000  7.967000  4533.000000  1.387000  4513.000000
2437783  nan  nan  nan  nan  nan
2437804  1.669000  12.244000  4498.100000  1.752000  4282.600000
2437897  1.146000  4.986000  4782.800000  1.077000  4178.600000
2438061  nan  nan  nan  nan  nan
2438062  nan  nan  nan  nan  nan
2438070  1.308000  3.488000  5063.500000  0.863000  1859.800000
2438264  0.819000  0.819000  4920.000000  -0.449000  441.400000
2438406  1.059000  2.413000  5011.000000  0.536000  3667.100000
2438490  nan  nan  nan  nan  nan
2438502  1.240000  2.098000  5421.800000  0.563000  3308.400000
2438513  0.963000  0.894000  5850.100000  -0.073000  623.900000
2438517  1.230000  3.072000  5031.100000  0.741000  2960.100000
2439243  0.867000  0.922000  5300.200000  -0.215000  1282.900000
2440757  1.164000  1.388000  6079.900000  0.379000  1608.100000
2441151  0.872000  1.038000  5400.200000  -0.079000  803.000000
2441161  0.883000  1.219000  5322.700000  0.043000  2153.500000
2441495  0.778000  0.758000  5233.800000  -0.409000  344.000000
2441728  0.929000  1.164000  6168.500000  0.250000  548.500000
2442084  0.691000  0.691000  4287.600000  -0.838000  407.500000
2442359  1.272000  3.531000  4941.600000  0.828000  1532.300000
2442448  1.107000  1.280000  6153.900000  0.328000  1114.000000
2443393  1.327000  1.737000  6391.400000  0.659000  744.400000
2444412  0.916000  0.875000  5562.500000  -0.178000  305.300000
2445129  1.170000  1.471000  6019.000000  0.411000  1577.600000
2445134  1.285000  1.471000  6479.000000  0.541000  924.300000
2445154  0.720000  0.705000  4611.800000  -0.692000  472.400000
2445975  nan  nan  nan  nan  nan
2446113  1.487000  2.193000  6151.600000  0.795000  1198.700000
2446134  1.243000  1.536000  6215.500000  0.502000  1299.800000
2446623  1.112000  1.899000  5622.700000  0.515000  2482.600000
2449053  0.824000  0.789000  5230.200000  -0.373000  692.600000
2449074  nan  nan  nan  nan  nan
2449090  nan  nan  nan  nan  nan
2449101  0.405000  0.417000  3629.400000  -1.565000  125.500000
2449245  1.017000  1.035000  5891.900000  0.068000  1281.300000
2449431  0.945000  1.072000  5908.100000  0.103000  661.800000
2450716  0.812000  0.827000  5060.400000  -0.391000  453.600000
2452289  1.411000  1.399000  7232.900000  0.686000  624.800000
2452440  1.046000  1.487000  5702.700000  0.333000  2627.300000
2452450  1.358000  1.684000  6811.200000  0.744000  921.800000
2554853  1.811000  2.995000  6966.000000  1.284000  1334.900000
2555080  1.119000  27.248000  4338.500000  2.381000  6162.700000
2556650  0.511000  0.512000  3907.400000  -1.259000  285.300000
2557350  0.473000  0.479000  3732.200000  -1.397000  244.000000
2557430  nan  nan  nan  nan  nan
2557816  0.956000  0.956000  5699.900000  -0.058000  851.700000
2558163  1.017000  1.259000  5786.000000  0.207000  1584.800000
2558363  0.850000  0.818000  5346.700000  -0.304000  1132.600000
2558370  nan  nan  nan  nan  nan
2568971  1.819000  2.477000  7394.900000  1.221000  1661.000000
2569488  1.382000  10.622000  4585.600000  1.661000  3900.000000
2569494  nan  nan  nan  nan  nan
2569516  1.614000  2.417000  6865.000000  1.070000  1242.500000
2569995  nan  nan  nan  nan  nan
2570432  nan  nan  nan  nan  nan
2570505  0.724000  0.717000  4816.600000  -0.602000  274.800000
2570767  1.440000  2.794000  5988.400000  0.956000  1112.400000
2570773  0.683000  0.666000  4522.900000  -0.776000  914.800000
2571075  0.929000  0.984000  5593.000000  -0.066000  1298.700000
2571238  0.900000  0.880000  5518.400000  -0.188000  218.400000
2572029  1.147000  1.155000  6160.000000  0.240000  681.200000
2573056  1.383000  1.928000  6425.600000  0.760000  2042.000000
2573108  1.821000  2.989000  6838.100000  1.248000  1062.600000
2574201  0.511000  0.515000  3833.400000  -1.287000  230.700000
2574338  1.271000  1.435000  6094.300000  0.411000  2028.100000
2574543  1.468000  11.518000  4587.300000  1.728000  3055.300000
2576107  0.923000  0.954000  6079.600000  0.052000  1244.600000
2576197  1.362000  1.685000  6515.900000  0.667000  1838.200000
2576224  1.888000  1.996000  7493.400000  1.057000  1199.600000
2576692  1.429000  1.907000  6078.900000  0.653000  779.100000
2576962  1.184000  1.340000  5998.000000  0.324000  1030.600000
2577353  1.020000  1.103000  5864.400000  0.115000  924.500000
2578017  1.078000  1.573000  5769.800000  0.397000  2184.500000
2578811  1.150000  59.517000  3783.000000  2.821000  4443.500000
2579043  1.096000  1.366000  6213.800000  0.401000  1559.700000
2580872  nan  nan  nan  nan  nan
2581191  1.051000  1.034000  6014.100000  0.102000  880.000000
2581316  1.096000  1.298000  5851.900000  0.253000  396.100000
2581554  0.747000  0.716000  4805.900000  -0.605000  207.800000
2582800  1.635000  1.743000  7597.700000  0.963000  1386.600000
2583777  0.950000  1.108000  5710.200000  0.073000  429.600000
2584163  1.017000  1.584000  5798.700000  0.412000  1735.500000
2692377  0.948000  0.924000  5419.800000  -0.177000  350.100000
2693092  1.847000  3.548000  6171.800000  1.229000  1054.200000
2693736  0.793000  0.758000  5122.400000  -0.445000  656.900000
2694632  0.836000  0.762000  5360.600000  -0.365000  225.500000
2695110  1.106000  1.710000  5777.600000  0.470000  1682.300000
2696205  0.848000  0.813000  4986.800000  -0.431000  650.600000
2696703  1.543000  2.215000  6647.600000  0.939000  296.000000
2697169  1.038000  1.670000  5578.400000  0.391000  2061.000000
2697935  0.957000  3.076000  4859.700000  0.680000  307.500000
2707097  nan  nan  nan  nan  nan
2707916  0.749000  0.740000  4717.000000  -0.610000  788.000000
2707985  2.140000  3.132000  7881.800000  1.537000  1653.100000
2708156  2.728000  2.418000  10860.000000  1.871000  890.300000
2708172  0.635000  0.626000  4211.200000  -0.943000  187.700000
2708203  1.388000  1.514000  6970.700000  0.689000  1064.900000
2708221  0.737000  0.714000  4817.000000  -0.605000  817.900000
2708270  1.329000  16.231000  4197.800000  1.872000  4030.800000
2708278  0.942000  0.864000  5332.500000  -0.266000  621.900000
2708286  0.837000  1.067000  5638.000000  0.020000  1128.300000
2708343  0.672000  0.656000  4416.100000  -0.828000  433.300000
2708420  0.975000  1.161000  5920.500000  0.176000  731.700000
2708445  0.989000  8.129000  4506.900000  1.395000  4274.400000
2708614  1.360000  2.027000  6179.300000  0.736000  3111.700000
2708885  0.936000  0.899000  5732.000000  -0.102000  1373.100000
2710101  1.081000  1.123000  6003.300000  0.171000  1507.400000
2710623  0.996000  1.084000  5797.300000  0.080000  723.300000
2711114  1.433000  2.096000  6451.100000  0.838000  819.500000
2711123  1.470000  12.166000  4599.800000  1.780000  2390.300000
2711131  0.794000  0.758000  4854.300000  -0.539000  302.700000
2711597  0.794000  0.812000  4899.400000  -0.467000  459.200000
2712825  1.187000  1.252000  6386.600000  0.371000  402.100000
2713018  1.517000  1.728000  7095.100000  0.836000  739.500000
2713049  0.937000  1.004000  5663.200000  -0.027000  1014.500000
2715135  0.645000  0.635000  4276.300000  -0.911000  274.100000
2715695  0.732000  0.697000  4678.900000  -0.677000  734.300000
2716801  0.990000  1.042000  5788.700000  0.044000  1478.700000
2716853  0.922000  0.940000  5570.700000  -0.112000  1222.900000
2716979  0.994000  0.960000  5876.100000  -0.003000  490.700000
2717158  0.974000  1.146000  5946.500000  0.174000  1328.100000
2718778  0.988000  1.249000  5706.800000  0.176000  1750.200000
2719873  0.787000  0.834000  5224.400000  -0.328000  719.500000
2720309  1.103000  1.201000  6049.400000  0.243000  1214.600000
2720354  1.311000  2.150000  6917.000000  0.980000  1223.400000
2720514  1.092000  1.240000  6251.400000  0.327000  672.800000
2720828  1.320000  1.820000  6309.500000  0.671000  2095.800000
2721030  nan  nan  nan  nan  nan
2830919  nan  nan  nan  nan  nan
2831055  1.039000  1.048000  5956.000000  0.097000  643.300000
2831251  0.978000  1.039000  5749.000000  0.029000  881.200000
2832589  0.852000  0.858000  5272.900000  -0.287000  861.700000
2833632  0.919000  0.864000  5775.100000  -0.123000  477.500000
2834463  1.074000  1.209000  6169.400000  0.283000  984.600000
2834805  1.036000  1.027000  5964.200000  0.082000  385.000000
2836076  0.928000  1.040000  5588.700000  -0.020000  1062.300000
2837111  1.117000  1.439000  5930.800000  0.366000  1381.500000
2849140  1.106000  1.638000  5811.000000  0.445000  1958.800000
2849805  1.056000  1.032000  5987.400000  0.093000  547.000000
2850321  1.391000  1.806000  6555.400000  0.737000  583.300000
2851100  0.778000  0.794000  4788.600000  -0.523000  736.100000
2852528  1.063000  1.409000  5819.600000  0.319000  2022.000000
2852560  1.051000  1.760000  5543.900000  0.435000  1940.200000
2852810  1.555000  2.385000  7153.400000  1.132000  1239.200000
2852941  1.338000  1.416000  6700.300000  0.562000  901.100000
2853029  0.803000  0.801000  5102.500000  -0.405000  925.700000
2853093  1.188000  1.716000  5757.100000  0.465000  2177.600000
2853446  nan  nan  nan  nan  nan
2853780  1.344000  3.402000  4984.600000  0.812000  1256.600000
2853828  1.576000  2.528000  6414.100000  1.004000  767.400000
2853889  1.793000  3.107000  6209.900000  1.113000  1933.800000
2854181  0.949000  0.926000  5458.000000  -0.161000  1009.400000
2854698  0.992000  0.933000  5542.400000  -0.130000  629.000000
2854839  nan  nan  nan  nan  nan
2854914  1.209000  1.242000  6319.800000  0.349000  849.700000
2854948  0.994000  1.510000  5574.900000  0.302000  1979.000000
2856960  0.803000  0.815000  5010.700000  -0.421000  774.400000
2857607  0.922000  0.911000  5568.400000  -0.141000  520.900000
2859299  1.425000  2.170000  6193.900000  0.798000  1426.600000
2859893  1.119000  1.946000  5587.000000  0.527000  2901.400000
2860114  0.873000  1.081000  5350.000000  -0.060000  837.400000
2860594  2.033000  3.872000  7092.600000  1.534000  2566.500000
2860656  1.032000  1.295000  5876.400000  0.259000  1627.500000
2860788  nan  nan  nan  nan  nan
2860793  1.495000  1.990000  6857.200000  0.900000  1281.900000
2860866  1.301000  1.589000  6366.100000  0.577000  1897.700000
2861126  0.507000  0.512000  3799.900000  -1.306000  228.900000
2861298  1.066000  1.857000  5586.600000  0.484000  554.600000
2969638  1.100000  1.661000  5795.000000  0.443000  1121.600000
2970670  0.949000  0.897000  5632.700000  -0.135000  535.700000
2970804  nan  nan  nan  nan  nan
2972800  1.212000  1.650000  6037.600000  0.514000  1087.900000
2973386  0.624000  0.628000  4175.100000  -0.966000  358.100000
2973509  1.430000  2.203000  6177.600000  0.806000  1367.800000
2975770  0.701000  0.697000  4718.400000  -0.662000  382.100000
2976017  0.793000  0.808000  5421.400000  -0.291000  529.800000
2984990  nan  nan  nan  nan  nan
2985587  1.284000  1.426000  6320.000000  0.469000  1045.100000
2985767  1.072000  1.320000  5670.500000  0.213000  415.300000
2986833  0.563000  0.571000  3930.000000  -1.153000  299.400000
2987027  0.785000  0.752000  4976.600000  -0.504000  370.200000
2987433  1.308000  2.639000  6324.200000  1.004000  1885.000000
2989404  1.005000  1.085000  5999.900000  0.141000  453.500000
2989706  0.874000  1.103000  5339.800000  -0.045000  1246.600000
2990873  1.045000  1.589000  5639.200000  0.370000  1054.900000
2992634  1.221000  1.242000  6253.800000  0.328000  1123.900000
2994092  1.247000  1.423000  6319.800000  0.470000  2646.800000
2995392  1.007000  1.711000  5927.300000  0.521000  2003.900000
2997178  1.157000  4.502000  4830.600000  1.001000  1139.700000
2997455  1.365000  5.409000  4792.100000  1.146000  1952.800000
2997459  nan  nan  nan  nan  nan
2998124  1.325000  1.460000  6573.700000  0.555000  801.200000
3001885  0.759000  0.752000  4766.800000  -0.579000  656.900000
3001955  nan  nan  nan  nan  nan
3002478  0.954000  0.972000  5684.800000  -0.049000  720.400000
3003019  1.089000  1.308000  5951.700000  0.290000  1127.300000
3003673  1.024000  1.039000  5905.600000  0.076000  798.600000
3003991  0.768000  0.825000  5416.400000  -0.275000  482.100000
3003992  0.804000  0.895000  5117.100000  -0.304000  116.000000
3097346  1.104000  1.291000  5948.000000  0.277000  292.000000
3097352  nan  nan  nan  nan  nan
3097926  0.805000  0.827000  5014.400000  -0.407000  792.500000
3098184  1.131000  1.177000  6177.200000  0.263000  1496.100000
3098194  1.039000  1.727000  5530.600000  0.405000  985.100000
3098197  1.160000  1.597000  5944.100000  0.461000  1629.900000
3098605  0.773000  0.738000  5049.500000  -0.493000  678.700000
3098810  1.296000  1.352000  6358.300000  0.431000  679.800000
3098843  1.144000  1.340000  5786.100000  0.263000  1070.600000
3101178  1.724000  2.655000  6813.800000  1.140000  989.100000
3101923  1.097000  1.313000  6185.400000  0.359000  1562.800000
3102000  1.137000  1.567000  5912.000000  0.436000  2579.100000
3102024  0.782000  0.751000  5141.400000  -0.447000  243.200000
3102309  0.958000  1.680000  5314.800000  0.310000  871.400000
3102384  1.053000  1.068000  5669.000000  0.027000  230.400000
3103212  1.211000  1.903000  5590.800000  0.508000  1403.300000
3103227  1.015000  1.091000  5963.100000  0.135000  1171.400000
3103473  0.813000  0.812000  5087.100000  -0.398000  922.500000
3109550  0.903000  0.861000  5288.000000  -0.280000  227.400000
3109930  1.176000  1.539000  5979.100000  0.437000  1415.200000
3109937  nan  nan  nan  nan  nan
3110177  0.913000  0.902000  5541.200000  -0.157000  795.700000
3110937  0.918000  0.891000  5599.000000  -0.150000  963.300000
3112129  1.030000  0.972000  6267.200000  0.120000  852.400000
3113266  0.792000  0.745000  5300.200000  -0.400000  868.000000
3114167  0.973000  1.357000  5648.400000  0.231000  1697.500000
3114661  0.871000  1.059000  5309.500000  -0.083000  1236.800000
3114667  0.677000  0.674000  4281.500000  -0.862000  827.900000
3114811  1.430000  1.829000  6674.700000  0.780000  913.700000
3115480  1.798000  3.076000  6135.000000  1.085000  2833.400000
3115833  nan  nan  nan  nan  nan
3116302  1.272000  1.672000  6181.100000  0.569000  911.700000
3116412  1.151000  1.800000  5718.800000  0.498000  1122.200000
3117046  1.288000  1.652000  6262.100000  0.580000  1835.300000
3117115  nan  nan  nan  nan  nan
3118797  0.798000  0.808000  5229.600000  -0.353000  1070.900000
3119256  1.615000  2.363000  6753.200000  1.022000  547.700000
3120276  0.984000  1.354000  5647.800000  0.228000  1460.000000
3120308  nan  nan  nan  nan  nan
3120320  1.142000  1.328000  5917.200000  0.293000  242.500000
3120355  1.071000  1.123000  6039.000000  0.183000  1280.300000
3120397  0.924000  1.294000  5415.400000  0.117000  1568.600000
3120431  0.842000  0.846000  5234.900000  -0.312000  946.200000
3120904  1.393000  2.069000  6182.100000  0.754000  991.000000
3121340  1.853000  11.744000  4827.600000  1.833000  4238.600000
3122872  1.360000  1.662000  6802.500000  0.730000  580.300000
3122913  0.710000  0.697000  4737.900000  -0.654000  707.300000
3122985  1.112000  1.638000  5820.700000  0.447000  1423.400000
3123418  1.208000  2.078000  5803.200000  0.642000  1785.900000
3124412  1.048000  1.179000  6345.600000  0.308000  1362.100000
3124420  nan  nan  nan  nan  nan
3124598  0.918000  0.917000  6094.800000  0.023000  587.100000
3127817  nan  nan  nan  nan  nan
3127911  2.397000  2.744000  9598.800000  1.765000  707.200000
3128552  0.995000  0.973000  5763.800000  -0.025000  809.700000
3128793  0.979000  4.938000  4715.700000  1.041000  2533.300000
3129238  0.859000  0.839000  5239.300000  -0.319000  227.800000
3130300  1.178000  1.881000  6425.600000  0.738000  1625.400000
3130548  0.874000  0.883000  5369.800000  -0.231000  769.800000
3217264  0.988000  0.916000  5515.600000  -0.154000  573.100000
3218844  0.958000  1.055000  5680.800000  0.022000  1423.900000
3218908  1.089000  1.113000  5686.300000  0.068000  924.700000
3219037  1.055000  2.100000  5200.300000  0.468000  1749.400000
3219643  0.791000  0.773000  5007.400000  -0.467000  790.400000
3219995  1.036000  1.078000  5927.000000  0.114000  1015.000000
3222680  2.579000  13.387000  4735.500000  1.909000  3400.300000
3223433  1.125000  1.575000  5824.200000  0.412000  1354.900000
3228740  1.321000  1.670000  6115.500000  0.547000  1060.200000
3228804  0.895000  0.875000  5480.200000  -0.204000  811.900000
3228824  0.718000  0.696000  4694.500000  -0.673000  639.500000
3228825  1.437000  1.580000  6764.800000  0.681000  565.400000
3228945  1.269000  2.096000  5964.800000  0.703000  2313.400000
3228959  0.907000  0.931000  5510.500000  -0.141000  1097.300000
3228986  1.235000  1.253000  6293.000000  0.349000  1054.000000
3228988  1.148000  1.821000  5805.200000  0.535000  2200.600000
3229028  1.254000  1.498000  6236.600000  0.488000  753.400000
3229150  nan  nan  nan  nan  nan
3230095  0.911000  0.906000  5533.100000  -0.157000  884.600000
3230206  nan  nan  nan  nan  nan
3230227  2.230000  2.625000  9109.500000  1.636000  363.000000
3230491  0.873000  0.813000  5628.700000  -0.221000  679.600000
3230578  1.479000  2.113000  6446.300000  0.844000  1288.600000
3230753  1.144000  2.253000  5297.700000  0.561000  1626.900000
3230787  1.339000  2.349000  6166.400000  0.861000  874.800000
3230805  0.715000  0.685000  4804.000000  -0.646000  492.900000
3231120  nan  nan  nan  nan  nan
3231137  1.349000  1.505000  6659.800000  0.608000  997.300000
3231341  1.060000  1.099000  6028.200000  0.160000  1151.200000
3232249  0.935000  2.004000  4982.500000  0.353000  2403.900000
3232859  1.346000  1.903000  6086.200000  0.654000  1400.700000
3233043  0.807000  0.778000  4921.800000  -0.493000  332.600000
3234598  nan  nan  nan  nan  nan
3234843  0.835000  0.807000  5266.100000  -0.343000  1077.900000
3235282  1.259000  1.668000  6145.900000  0.557000  2363.900000
3235672  1.323000  4.165000  4969.800000  0.983000  2913.200000
3236705  0.887000  0.817000  5685.700000  -0.201000  812.900000
3239171  1.080000  1.220000  5979.000000  0.238000  1815.800000
3239636  1.210000  1.830000  6216.900000  0.657000  1889.100000
3239671  0.917000  0.850000  5764.600000  -0.143000  867.700000
3239945  0.755000  0.738000  4760.700000  -0.598000  341.500000
3240049  1.767000  26.813000  4334.400000  2.365000  2685.100000
3240158  1.111000  1.092000  6209.200000  0.206000  1174.500000
3240159  1.334000  1.924000  6513.600000  0.781000  685.800000
3240406  1.824000  1.853000  8081.500000  1.123000  622.500000
3240706  0.961000  0.928000  5789.700000  -0.058000  1033.700000
3241248  1.381000  5.790000  4877.100000  1.234000  1730.600000
3241344  0.987000  1.038000  5777.900000  0.036000  899.100000
3241557  0.875000  1.122000  5743.000000  0.094000  678.300000
3241604  1.160000  1.925000  5766.800000  0.572000  2266.800000
3241619  0.823000  1.181000  5427.100000  0.040000  347.600000
3241647  0.838000  0.899000  5205.200000  -0.268000  834.700000
3241662  1.073000  1.242000  5952.300000  0.244000  1463.100000
3242039  1.290000  2.063000  6510.100000  0.840000  1460.600000
3244792  1.261000  1.536000  6273.500000  0.522000  1616.600000
3245000  nan  nan  nan  nan  nan
3245638  1.030000  1.351000  6014.100000  0.333000  651.800000
3245661  0.998000  0.967000  5916.200000  0.015000  1007.600000
3245969  0.804000  0.781000  5090.300000  -0.431000  786.500000
3246867  0.784000  0.801000  5054.100000  -0.420000  446.500000
3246984  1.040000  1.519000  5704.600000  0.347000  1635.100000
3247268  1.091000  1.089000  5924.800000  0.121000  1001.500000
3247294  1.197000  2.049000  6171.100000  0.743000  1389.500000
3247396  1.289000  2.096000  6199.600000  0.769000  923.100000
3247404  nan  nan  nan  nan  nan
3247503  1.137000  1.612000  5894.500000  0.456000  2011.200000
3248019  1.250000  1.811000  6041.400000  0.589000  2383.200000
3248033  1.247000  1.289000  6384.600000  0.398000  473.900000
3248332  1.746000  2.363000  7289.900000  1.155000  1425.000000
3248501  1.108000  1.117000  6174.700000  0.216000  1498.000000
3248696  nan  nan  nan  nan  nan
3249334  0.741000  0.722000  4755.500000  -0.624000  738.700000
3323289  0.892000  1.192000  5413.200000  0.045000  1008.500000
3323887  1.024000  0.976000  5905.500000  0.020000  629.400000
3324069  1.048000  2.754000  4916.000000  0.605000  838.000000
3324644  0.959000  3.823000  4665.900000  0.799000  826.700000
3324986  1.017000  1.013000  5908.100000  0.054000  1066.700000
3326377  0.714000  0.680000  4818.500000  -0.648000  404.600000
3327980  1.775000  2.634000  7818.100000  1.371000  1201.700000
3327992  0.636000  0.660000  4098.600000  -0.958000  406.700000
3327993  0.964000  1.032000  5705.000000  0.011000  1632.700000
3328026  1.056000  1.530000  5746.200000  0.365000  1753.400000
3328027  0.988000  1.210000  5726.200000  0.155000  1683.300000
3328052  1.003000  1.144000  5797.900000  0.128000  1647.400000
3328080  0.876000  0.808000  5826.200000  -0.169000  358.300000
3329204  0.946000  1.108000  5635.600000  0.050000  1441.800000
3329643  0.908000  0.939000  5510.500000  -0.133000  908.300000
3329985  0.433000  0.443000  3641.900000  -1.504000  197.800000
3330684  0.162000  0.197000  3155.700000  -2.457000  26.400000
3335813  1.046000  1.135000  5933.600000  0.160000  740.600000
3335816  1.226000  1.868000  6355.700000  0.712000  606.700000
3336283  1.927000  3.639000  6365.200000  1.293000  2765.500000
3336476  2.048000  2.266000  8549.200000  1.399000  1397.200000
3336765  1.150000  1.950000  6078.100000  0.673000  1191.000000
3336845  0.859000  0.808000  5385.800000  -0.302000  399.300000
3337061  nan  nan  nan  nan  nan
3337351  nan  nan  nan  nan  nan
3337425  1.077000  1.385000  5868.800000  0.314000  1404.900000
3337432  1.380000  2.850000  6173.400000  1.033000  1866.800000
3337438  1.251000  3.907000  4989.700000  0.935000  1466.400000
3337548  0.850000  0.829000  5300.700000  -0.307000  981.600000
3338660  1.701000  3.895000  5724.600000  1.172000  3220.300000
3338674  1.078000  5.535000  4778.700000  1.163000  1198.700000
3338885  0.839000  0.778000  4838.900000  -0.522000  429.300000
3339538  0.835000  1.022000  5280.600000  -0.134000  391.500000
3340070  0.841000  0.783000  5528.800000  -0.283000  823.600000
3340165  1.258000  1.475000  6227.400000  0.476000  1153.400000
3340312  1.074000  1.139000  6170.100000  0.232000  1122.000000
3340313  1.023000  1.174000  5830.300000  0.162000  2282.700000
3341760  1.328000  1.789000  6140.100000  0.616000  862.500000
3341934  1.097000  1.725000  5735.700000  0.464000  2110.700000
3341982  0.844000  0.962000  5345.500000  -0.163000  1231.200000
3342463  1.172000  1.269000  6324.500000  0.368000  672.300000
3342467  0.963000  0.923000  5474.900000  -0.160000  771.200000
3342592  1.183000  2.069000  5715.000000  0.618000  1997.300000
3342794  1.116000  1.411000  6082.500000  0.393000  917.700000
3342952  0.932000  0.891000  5470.000000  -0.191000  229.300000
3342970  1.158000  1.180000  6289.900000  0.297000  1732.200000
3343281  1.198000  1.987000  5840.400000  0.620000  2231.900000
3343866  1.081000  3.054000  5212.700000  0.797000  1400.800000
3344419  nan  nan  nan  nan  nan
3344427  0.828000  0.916000  4988.000000  -0.328000  807.300000
3345675  0.668000  0.673000  4238.800000  -0.879000  439.000000
3345973  0.785000  0.765000  4905.100000  -0.513000  439.200000
3346154  1.037000  1.071000  5574.100000  0.001000  850.200000
3346543  1.271000  1.765000  6242.900000  0.630000  1330.900000
3347485  2.122000  5.976000  5673.700000  1.526000  2133.600000
3347807  1.123000  1.892000  5693.000000  0.532000  544.100000
3348082  0.969000  1.232000  5842.200000  0.206000  1319.100000
3348090  1.241000  2.008000  6246.300000  0.745000  1199.400000
3348093  0.749000  0.758000  4555.100000  -0.650000  722.100000
3348216  1.169000  1.376000  6247.500000  0.416000  1543.900000
3348285  0.988000  1.030000  5784.700000  0.032000  655.100000
3351888  1.029000  0.972000  5666.700000  -0.054000  952.800000
3352751  1.684000  3.201000  7079.500000  1.363000  2111.900000
3353050  1.450000  2.100000  6339.100000  0.810000  1054.800000
3353454  nan  nan  nan  nan  nan
3354846  0.845000  0.830000  5261.700000  -0.320000  967.100000
3355104  0.955000  0.952000  5705.500000  -0.061000  1335.500000
3356156  1.447000  1.731000  6879.500000  0.783000  1173.500000
3356193  0.928000  0.914000  5630.200000  -0.118000  1331.600000
3425363  0.792000  0.829000  4809.800000  -0.478000  659.700000
3425851  1.133000  1.515000  5941.800000  0.414000  256.600000
3426367  0.473000  0.483000  3630.900000  -1.437000  112.000000
3427776  0.882000  1.157000  5371.500000  0.007000  1230.300000
3428127  nan  nan  nan  nan  nan
3428359  1.226000  1.708000  5998.600000  0.534000  971.100000
3428468  nan  nan  nan  nan  nan
3433668  1.039000  1.158000  5898.100000  0.169000  515.000000
3437739  1.163000  1.571000  5970.000000  0.456000  2073.100000
3437776  1.314000  1.931000  5774.400000  0.576000  1641.300000
3438507  1.172000  1.304000  6087.900000  0.327000  1741.800000
3438975  1.259000  1.691000  6077.900000  0.548000  551.200000
3438976  1.173000  1.322000  6190.500000  0.368000  1008.600000
3439031  1.397000  1.909000  6874.000000  0.870000  478.800000
3439096  1.343000  5.957000  4842.300000  1.246000  2323.900000
3439126  0.693000  0.687000  4334.700000  -0.824000  341.900000
3440118  0.952000  0.908000  5577.000000  -0.142000  326.600000
3440230  1.733000  3.122000  6722.500000  1.256000  2248.800000
3440861  0.816000  0.790000  5092.900000  -0.420000  498.100000
3440978  0.803000  0.810000  5216.000000  -0.356000  816.900000
3441340  1.005000  0.957000  6083.600000  0.055000  583.600000
3441784  nan  nan  nan  nan  nan
3441795  0.846000  0.809000  5074.100000  -0.406000  820.100000
3442054  1.492000  2.168000  6516.300000  0.886000  763.000000
3442055  nan  nan  nan  nan  nan
3443582  nan  nan  nan  nan  nan
3443790  1.575000  2.646000  6206.100000  0.972000  769.700000
3444098  2.171000  3.253000  7861.800000  1.566000  4474.100000
3444588  0.654000  0.652000  4247.700000  -0.901000  487.900000
3445812  nan  nan  nan  nan  nan
3446451  1.467000  1.553000  7158.100000  0.760000  669.900000
3446746  0.921000  0.904000  5407.600000  -0.201000  435.700000
3447722  1.237000  1.411000  6210.100000  0.414000  1978.200000
3448130  1.008000  1.168000  5790.500000  0.143000  859.400000
3448323  0.830000  0.788000  5322.700000  -0.346000  948.600000
3448456  0.911000  0.886000  5582.300000  -0.159000  1274.200000
3449540  0.865000  1.719000  6442.300000  0.664000  1472.100000
3449870  1.354000  6.846000  4747.000000  1.334000  1906.800000
3450040  1.020000  0.995000  6054.400000  0.080000  831.800000
3453214  0.935000  0.941000  5739.200000  -0.061000  1220.300000
3458028  1.550000  1.818000  7133.900000  0.891000  570.500000
3458687  2.035000  3.612000  6577.700000  1.345000  1659.100000
3458919  nan  nan  nan  nan  nan
3459199  2.682000  12.883000  4918.400000  1.943000  978.600000
3459529  nan  nan  nan  nan  nan
3526331  1.089000  1.311000  5944.800000  0.291000  1770.100000
3529290  1.335000  1.843000  6390.800000  0.711000  1273.300000
3530668  1.206000  1.540000  6098.900000  0.473000  1035.500000
3531231  0.896000  0.985000  5472.000000  -0.102000  1246.200000
3531558  1.071000  1.399000  5775.500000  0.293000  465.200000
3532510  1.706000  1.995000  7544.000000  1.070000  1028.700000
3532985  2.016000  8.395000  4785.900000  1.518000  965.000000
3533469  0.928000  0.887000  5605.500000  -0.153000  642.300000
3533483  0.784000  0.748000  5248.200000  -0.415000  556.700000
3534076  0.920000  0.965000  5487.900000  -0.114000  952.300000
3534118  1.191000  1.731000  6052.000000  0.561000  1184.500000
3539231  1.221000  1.710000  5833.200000  0.487000  1682.500000
3540873  1.066000  1.188000  5856.800000  0.185000  1134.100000
3541800  1.259000  1.538000  6315.600000  0.534000  1365.600000
3541946  0.950000  0.908000  5533.100000  -0.156000  495.400000
3542117  0.625000  0.649000  4022.100000  -1.001000  221.400000
3542222  1.118000  1.722000  5800.100000  0.484000  1948.200000
3542542  0.815000  0.786000  5181.300000  -0.394000  911.800000
3542573  1.344000  2.182000  6027.100000  0.755000  659.800000
3542574  nan  nan  nan  nan  nan
3542588  1.188000  1.199000  6360.800000  0.327000  770.500000
3542928  1.003000  0.980000  5663.400000  -0.049000  597.600000
3543270  1.305000  2.700000  5337.100000  0.730000  2695.900000
3544595  0.900000  0.939000  5589.400000  -0.109000  95.700000
3544640  0.996000  1.051000  5806.900000  0.057000  1599.800000
3544678  1.078000  1.765000  5636.000000  0.455000  2571.100000
3544689  0.917000  0.880000  5613.700000  -0.157000  876.600000
3544694  1.014000  1.718000  5459.000000  0.377000  2591.000000
3545135  0.931000  0.964000  5776.200000  -0.028000  293.500000
3545478  1.468000  1.798000  6501.000000  0.719000  565.200000
3545583  1.083000  1.265000  5965.800000  0.266000  1305.200000
3545626  1.481000  2.874000  5973.200000  0.979000  3661.500000
3545749  0.784000  0.763000  4906.300000  -0.515000  644.600000
3545840  1.779000  2.817000  7017.200000  1.241000  626.100000
3546060  0.715000  0.706000  4727.000000  -0.647000  720.300000
3546821  1.044000  1.021000  5718.000000  0.003000  383.000000
3547091  nan  nan  nan  nan  nan
3547178  1.403000  1.685000  6692.600000  0.714000  668.800000
3547315  0.870000  1.075000  5299.300000  -0.074000  1799.200000
3547760  0.841000  0.917000  5345.500000  -0.204000  705.000000
3548044  0.996000  1.243000  5965.000000  0.248000  809.700000
3548622  nan  nan  nan  nan  nan
3548639  1.348000  1.338000  7129.100000  0.623000  661.000000
3548645  1.170000  1.785000  5877.300000  0.536000  2092.800000
3550372  nan  nan  nan  nan  nan
3550434  0.830000  0.913000  5112.000000  -0.287000  904.900000
3553900  0.942000  0.907000  5723.700000  -0.096000  968.300000
3554031  0.608000  0.595000  4501.000000  -0.881000  525.600000
3554600  0.989000  0.980000  5846.400000  0.009000  1244.400000
3554819  1.111000  1.666000  5825.400000  0.457000  630.100000
3555178  1.059000  1.410000  5617.500000  0.253000  399.700000
3556220  1.062000  1.100000  6522.700000  0.299000  649.400000
3556229  nan  nan  nan  nan  nan
3556742  0.783000  0.754000  4960.800000  -0.507000  411.200000
3557341  0.947000  1.015000  5650.800000  -0.020000  1401.000000
3557493  1.135000  1.132000  6273.400000  0.256000  1327.800000
3557560  1.274000  1.758000  5827.600000  0.512000  1828.000000
3558803  1.753000  11.424000  4605.200000  1.722000  1931.300000
3558849  1.294000  1.489000  6183.400000  0.473000  1205.500000
3558981  0.939000  0.936000  5386.200000  -0.175000  474.600000
3559860  1.002000  1.335000  5629.900000  0.209000  1647.600000
3559935  0.915000  0.873000  5265.500000  -0.275000  618.500000
3560301  1.907000  3.060000  7103.700000  1.335000  720.000000
3561464  1.386000  1.494000  6674.500000  0.607000  1009.800000
3629119  0.922000  0.871000  5736.000000  -0.128000  594.600000
3629330  nan  nan  nan  nan  nan
3629967  nan  nan  nan  nan  nan
3632089  1.061000  1.681000  5670.900000  0.423000  1144.400000
3632330  1.241000  2.857000  5096.800000  0.702000  2670.300000
3632418  1.180000  1.997000  5842.000000  0.622000  108.200000
3634051  1.090000  1.213000  5907.700000  0.206000  658.800000
3634169  1.074000  1.729000  5924.300000  0.523000  780.100000
3640905  1.379000  2.818000  5009.300000  0.659000  441.200000
3641216  1.172000  1.210000  6261.500000  0.305000  627.400000
3641726  0.912000  0.890000  5340.500000  -0.235000  893.100000
3642289  1.175000  1.392000  6195.000000  0.407000  619.000000
3642335  nan  nan  nan  nan  nan
3642741  1.167000  1.839000  5690.900000  0.507000  1607.800000
3644071  0.967000  1.622000  5639.200000  0.383000  1080.500000
3644174  0.713000  0.704000  4503.500000  -0.735000  503.900000
3644399  1.222000  1.341000  6319.400000  0.413000  2053.000000
3644505  nan  nan  nan  nan  nan
3644523  1.048000  1.380000  5798.600000  0.291000  2166.700000
3644542  2.423000  3.899000  8130.200000  1.778000  394.200000
3644601  1.037000  1.661000  5603.900000  0.393000  1764.900000
3644602  1.150000  1.495000  5981.600000  0.412000  1783.400000
3644631  0.940000  1.173000  5598.000000  0.088000  1348.800000
3644649  0.974000  0.917000  5409.000000  -0.187000  662.100000
3644653  0.969000  1.140000  5692.900000  0.093000  1683.700000
3644738  1.093000  1.265000  5992.100000  0.273000  1678.900000
3645282  1.168000  2.122000  5588.200000  0.600000  1582.600000
3645438  0.864000  0.840000  5215.200000  -0.325000  1036.000000
3646449  1.135000  1.636000  5774.100000  0.431000  2195.500000
3646515  0.844000  0.814000  5302.400000  -0.324000  873.100000
3647097  0.958000  0.898000  5457.500000  -0.191000  753.100000
3648437  1.047000  1.040000  5943.700000  0.082000  735.900000
3650049  1.223000  2.610000  5187.200000  0.654000  2253.500000
3654095  1.025000  1.006000  5973.100000  0.067000  1021.700000
3654719  0.892000  0.904000  5450.600000  -0.186000  1010.200000
3654950  0.993000  1.839000  5282.600000  0.371000  2357.200000
3655326  1.431000  1.757000  6792.700000  0.775000  1620.200000
3655332  1.120000  1.546000  5927.500000  0.424000  952.000000
3656121  1.075000  1.027000  6116.800000  0.127000  719.500000
3656322  1.247000  3.076000  5251.200000  0.815000  1013.700000
3656700  1.642000  3.447000  6071.700000  1.158000  1389.600000
3657176  1.201000  1.225000  6376.800000  0.353000  1191.100000
3657758  0.958000  0.965000  5708.900000  -0.047000  1118.200000
3659940  0.936000  1.199000  5575.400000  0.101000  1215.000000
3660581  1.335000  1.350000  6824.700000  0.554000  561.100000
3660924  0.984000  1.202000  5719.700000  0.148000  972.300000
3661886  1.155000  1.168000  6203.000000  0.262000  823.200000
3662635  1.012000  1.676000  5451.100000  0.359000  1463.500000
3662838  1.476000  1.813000  6859.500000  0.819000  683.900000
3663141  nan  nan  nan  nan  nan
3663173  1.267000  1.721000  6267.000000  0.616000  3200.100000
3663494  1.009000  1.197000  5795.900000  0.168000  1358.100000
3663850  2.373000  11.868000  4754.900000  1.813000  2817.200000
3728432  0.684000  0.664000  4696.100000  -0.708000  553.400000
3728701  1.146000  1.427000  6018.700000  0.386000  1196.200000
3730176  1.239000  1.260000  6466.400000  0.400000  564.500000
3730335  1.720000  3.458000  6157.800000  1.195000  2020.500000
3732035  1.117000  1.128000  6155.500000  0.218000  896.500000
3732821  0.796000  0.788000  4988.200000  -0.458000  700.500000
3732894  0.848000  0.879000  5254.100000  -0.272000  605.400000
3732972  0.983000  10.875000  4694.300000  1.722000  3271.700000
3733628  0.713000  0.700000  4562.100000  -0.717000  221.200000
3733638  1.044000  1.911000  5892.300000  0.601000  957.500000
3734418  0.812000  0.770000  5056.400000  -0.458000  428.700000
3734501  1.053000  6.074000  4666.300000  1.202000  2017.500000
3734868  1.650000  3.741000  5635.700000  1.106000  4761.300000
3735629  0.862000  1.035000  5169.900000  -0.156000  1216.000000
3735634  1.610000  3.522000  5723.200000  1.084000  2136.800000
3742855  nan  nan  nan  nan  nan
3745559  1.036000  1.054000  5884.300000  0.081000  883.100000
3745690  0.922000  1.102000  5610.600000  0.038000  769.700000
3746248  1.280000  1.261000  6625.200000  0.443000  671.300000
3747262  1.516000  2.275000  6705.300000  0.978000  1015.400000
3747817  0.849000  0.981000  5291.000000  -0.165000  762.300000
3748239  1.117000  10.575000  4901.100000  1.766000  3652.900000
3748855  0.857000  0.866000  5922.400000  -0.079000  794.600000
3749134  1.164000  1.276000  6074.400000  0.302000  1410.100000
3749365  0.711000  0.701000  4599.000000  -0.702000  635.400000
3749508  1.314000  2.392000  6164.000000  0.875000  1214.600000
3749978  0.991000  1.367000  5655.700000  0.238000  1842.100000
3750350  1.169000  1.499000  6227.300000  0.493000  814.100000
3751118  1.047000  1.240000  5600.800000  0.136000  1029.400000
3751231  0.993000  1.053000  5794.900000  0.055000  1228.700000
3752110  1.107000  1.508000  5872.900000  0.390000  2045.900000
3755522  nan  nan  nan  nan  nan
3756264  0.988000  1.297000  5689.400000  0.204000  1343.700000
3756801  1.529000  2.735000  6026.500000  0.947000  1556.400000
3757407  1.741000  2.315000  7282.400000  1.134000  1366.600000
3757521  1.561000  1.945000  6931.500000  0.896000  870.500000
3757588  1.455000  2.980000  5678.200000  0.930000  2532.800000
3757590  1.524000  2.054000  6349.600000  0.793000  1344.100000
3757778  1.112000  1.140000  6148.800000  0.228000  1455.700000
3758499  1.270000  1.703000  6146.000000  0.574000  998.500000
3758922  1.114000  1.256000  6063.500000  0.287000  1141.500000
3761319  nan  nan  nan  nan  nan
3762468  1.257000  1.350000  6426.100000  0.452000  1723.600000
3762553  1.925000  2.757000  7481.800000  1.334000  630.000000
3762750  1.106000  1.146000  6121.000000  0.218000  1763.500000
3763724  1.152000  1.266000  6167.300000  0.323000  1561.200000
3764411  1.106000  1.209000  6069.800000  0.256000  1656.100000
3764714  1.667000  2.822000  6398.300000  1.086000  1365.600000
3764879  1.285000  1.886000  6061.700000  0.638000  1380.600000
3765692  0.831000  0.874000  5141.800000  -0.317000  1092.900000
3765771  1.225000  1.983000  6327.100000  0.757000  1671.700000
3765917  1.041000  1.164000  6031.200000  0.211000  1475.500000
3766353  1.247000  2.162000  6510.500000  0.878000  1705.700000
3830820  nan  nan  nan  nan  nan
3831053  1.122000  1.865000  5554.600000  0.478000  902.300000
3831523  1.442000  2.257000  6806.000000  0.996000  642.700000
3831911  0.719000  0.732000  4372.500000  -0.750000  324.100000
3832474  0.912000  0.856000  5427.100000  -0.240000  930.800000
3832716  1.639000  3.370000  6060.900000  1.146000  1903.000000
3833007  1.095000  1.304000  5969.100000  0.293000  968.700000
3834317  2.430000  4.530000  7370.900000  1.738000  711.900000
3834322  0.737000  0.714000  4772.600000  -0.621000  584.200000
3834360  1.111000  1.247000  6059.800000  0.279000  1193.200000
3834364  1.061000  1.345000  5854.500000  0.285000  1154.700000
3834728  0.821000  0.804000  5187.900000  -0.372000  670.900000
3835670  1.178000  1.864000  5852.200000  0.567000  901.900000
3836375  0.883000  0.861000  5458.200000  -0.224000  1232.900000
3836399  1.298000  4.932000  4886.000000  1.100000  2739.600000
3836413  nan  nan  nan  nan  nan
3836439  1.828000  2.363000  7568.900000  1.220000  146.300000
3836450  0.777000  0.751000  4951.100000  -0.513000  288.100000
3836453  0.736000  0.713000  4835.700000  -0.601000  140.000000
3836509  1.672000  12.110000  4750.100000  1.831000  3947.500000
3836522  0.972000  0.930000  5461.200000  -0.157000  803.400000
3836558  1.454000  3.027000  5562.300000  0.901000  2401.600000
3838004  1.167000  2.687000  5068.400000  0.645000  1038.300000
3838486  0.649000  0.632000  4390.400000  -0.870000  525.800000
3838496  nan  nan  nan  nan  nan
3839294  1.198000  6.182000  4724.400000  1.236000  1734.100000
3839488  1.180000  1.652000  6011.100000  0.509000  926.800000
3846515  1.067000  1.054000  6195.200000  0.170000  501.000000
3847138  0.964000  0.905000  5943.000000  -0.036000  678.700000
3847708  nan  nan  nan  nan  nan
3847907  1.075000  1.382000  5864.400000  0.311000  1498.300000
3848083  1.057000  1.539000  5731.200000  0.367000  2401.100000
3848275  1.183000  1.340000  6188.300000  0.386000  2095.800000
3848665  nan  nan  nan  nan  nan
3848919  0.830000  1.549000  5460.900000  0.288000  833.000000
3848948  1.870000  1.817000  8477.100000  1.189000  398.300000
3848966  1.019000  1.635000  5970.500000  0.489000  1446.400000
3848972  0.931000  1.173000  5651.800000  0.105000  883.800000
3849155  1.141000  1.780000  5699.700000  0.481000  1062.700000
3849187  0.932000  0.894000  5490.600000  -0.181000  1036.300000
3851130  0.899000  0.858000  5385.600000  -0.253000  386.500000
3851134  nan  nan  nan  nan  nan
3851193  1.312000  1.667000  6479.000000  0.649000  1161.700000
3851194  0.925000  1.144000  5775.300000  0.121000  739.300000
3851949  1.461000  7.101000  4835.100000  1.396000  3052.400000
3852258  1.801000  15.147000  4614.700000  1.979000  5325.900000
3852476  1.974000  5.625000  5254.900000  1.343000  1899.400000
3852655  1.427000  2.052000  6376.600000  0.801000  1112.100000
3852865  nan  nan  nan  nan  nan
3852872  0.743000  0.724000  4747.200000  -0.618000  215.800000
3853673  1.132000  1.568000  5901.400000  0.430000  1755.600000
3854101  0.993000  0.956000  5422.800000  -0.145000  1027.600000
3854496  1.029000  1.031000  5964.400000  0.087000  1720.600000
3857860  1.353000  2.756000  6403.500000  1.064000  1266.700000
3858704  1.186000  1.408000  6399.900000  0.478000  588.400000
3858757  1.087000  1.591000  5771.100000  0.407000  2370.700000
3858767  1.074000  1.559000  5777.600000  0.390000  1147.200000
3858804  1.002000  1.832000  5092.200000  0.313000  857.500000
3858824  0.888000  1.130000  5418.400000  0.001000  1156.700000
3858851  1.282000  1.588000  6301.500000  0.556000  2671.800000
3858879  1.110000  1.275000  6035.100000  0.292000  1495.000000
3858884  2.266000  4.700000  6678.700000  1.607000  535.700000
3858917  0.957000  1.103000  5639.600000  0.048000  976.800000
3858919  1.024000  1.278000  5784.700000  0.229000  2095.700000
3858926  1.476000  1.802000  7314.000000  0.929000  1339.000000
3858943  nan  nan  nan  nan  nan
3858949  0.795000  0.747000  5200.800000  -0.432000  570.900000
3858988  1.003000  1.290000  5735.000000  0.214000  1337.500000
3859042  0.819000  0.822000  5119.000000  -0.375000  997.600000
3859079  0.747000  0.721000  4680.200000  -0.647000  486.500000
3859151  1.508000  2.344000  6324.100000  0.903000  2522.400000
3859363  nan  nan  nan  nan  nan
3859628  0.909000  0.908000  5604.300000  -0.133000  1058.000000
3859890  1.429000  2.167000  6219.600000  0.805000  1439.000000
3860441  1.098000  1.820000  5664.000000  0.492000  1976.300000
3861595  1.781000  3.049000  6776.000000  1.250000  782.400000
3861611  1.180000  1.469000  6081.200000  0.428000  2344.700000
3862246  0.939000  0.915000  5723.500000  -0.074000  877.900000
3863877  1.008000  0.982000  5836.900000  0.006000  1108.100000
3865298  1.062000  1.637000  5702.100000  0.410000  1369.900000
3865567  1.191000  1.251000  6308.700000  0.354000  1802.700000
3865595  1.372000  38.969000  3972.100000  2.537000  6167.700000
3865815  0.952000  0.879000  5365.400000  -0.236000  263.500000
3866536  1.406000  1.852000  6518.400000  0.749000  1015.800000
3867593  1.673000  2.543000  6770.700000  1.090000  1834.100000
3867615  1.188000  1.279000  6167.000000  0.332000  730.200000
3867794  0.865000  0.885000  5334.800000  -0.241000  1103.300000
3869014  1.243000  1.642000  6103.300000  0.535000  1464.100000
3869326  2.884000  14.157000  4790.900000  1.981000  1941.200000
3869825  1.856000  3.161000  6741.100000  1.273000  1973.800000
3934657  0.979000  0.916000  5814.600000  -0.061000  555.100000
3935914  1.028000  1.110000  5884.900000  0.127000  1474.200000
3936061  1.335000  2.660000  5716.000000  0.835000  2210.200000
3936658  1.680000  2.723000  6475.600000  1.072000  529.100000
3937519  0.891000  0.860000  5455.500000  -0.227000  658.700000
3937814  0.913000  0.864000  5288.400000  -0.277000  806.300000
3938073  1.334000  1.812000  6234.500000  0.653000  666.200000
3939150  1.317000  1.751000  6130.900000  0.595000  972.400000
3940418  0.782000  0.743000  5144.800000  -0.456000  656.000000
3941219  1.318000  1.514000  6512.800000  0.574000  360.200000
3942446  1.129000  1.828000  5749.600000  0.521000  2037.900000
3942670  1.249000  1.529000  6128.200000  0.474000  1036.800000
3945802  nan  nan  nan  nan  nan
3946023  1.001000  1.089000  5873.000000  0.107000  453.000000
3952651  nan  nan  nan  nan  nan
3953106  1.341000  2.870000  5401.100000  0.804000  1715.500000
3953173  0.823000  0.901000  5012.200000  -0.334000  678.000000
3953212  1.068000  1.353000  5976.500000  0.326000  763.700000
3954211  1.225000  1.588000  6115.800000  0.505000  2458.600000
3954227  0.830000  0.909000  4978.200000  -0.336000  844.800000
3955444  1.228000  3.596000  4822.200000  0.803000  1025.900000
3955817  0.807000  0.778000  5323.500000  -0.360000  693.700000
3955866  0.984000  1.040000  5767.000000  0.034000  997.900000
3955867  1.194000  8.352000  4906.700000  1.563000  2798.400000
3957082  0.964000  0.993000  5928.500000  0.042000  428.400000
3958301  1.176000  1.472000  6071.400000  0.425000  2292.700000
3962243  0.921000  0.896000  5930.600000  -0.045000  1151.400000
3962357  1.276000  1.282000  6495.600000  0.420000  1269.900000
3962440  1.647000  2.674000  6597.100000  1.090000  1842.200000
3962684  1.278000  3.621000  4990.000000  0.868000  1664.800000
3962728  1.062000  2.396000  5036.500000  0.528000  2544.500000
3962751  1.003000  1.276000  5733.400000  0.203000  1459.900000
3962872  1.343000  2.436000  6034.900000  0.856000  1827.500000
3964109  1.284000  1.431000  6696.800000  0.572000  959.100000
3964545  1.042000  1.305000  5831.200000  0.251000  1178.100000
3964562  1.748000  1.542000  8668.400000  1.086000  971.200000
3965201  1.948000  2.917000  7556.800000  1.400000  1588.800000
3965326  0.992000  1.019000  5800.700000  0.026000  298.600000
3965879  2.016000  3.479000  7019.000000  1.424000  2162.800000
3966262  1.009000  1.283000  5752.300000  0.214000  1180.200000
3966801  0.719000  0.705000  4891.600000  -0.590000  523.300000
3966912  0.966000  1.217000  5661.000000  0.140000  1441.800000
3967326  0.748000  0.715000  4941.700000  -0.561000  601.000000
3967501  1.561000  6.226000  4783.600000  1.265000  406.600000
3967760  0.910000  0.843000  5602.300000  -0.197000  962.200000
3968809  1.404000  1.970000  6539.200000  0.809000  1891.500000
3969687  1.408000  1.708000  6273.800000  0.615000  731.100000
3970117  1.074000  1.713000  5674.800000  0.441000  1933.300000
3970233  1.255000  2.204000  5447.700000  0.589000  1323.600000
3970397  1.042000  0.993000  5768.200000  -0.006000  312.000000
3971315  1.075000  1.385000  6188.000000  0.403000  910.500000
3972391  1.115000  1.085000  6313.400000  0.229000  543.500000
3972432  1.184000  1.515000  6058.300000  0.453000  1316.600000
3973002  nan  nan  nan  nan  nan
3973504  1.077000  1.445000  5837.400000  0.341000  1924.500000
3973549  1.329000  1.664000  6368.000000  0.617000  1462.700000
3974928  nan  nan  nan  nan  nan
4035640  0.799000  0.748000  5227.800000  -0.421000  615.000000
4035667  1.808000  1.668000  8858.900000  1.194000  367.500000
4035675  1.027000  1.060000  5744.100000  0.044000  383.100000
4037163  nan  nan  nan  nan  nan
4037164  0.595000  0.601000  4077.800000  -1.044000  309.600000
4037428  1.168000  1.260000  6223.600000  0.334000  553.100000
4042026  1.298000  3.193000  5079.300000  0.794000  2661.900000
4042088  1.372000  1.427000  6588.000000  0.542000  895.000000
4043190  1.307000  2.357000  5574.700000  0.686000  812.500000
4043443  0.795000  0.837000  4891.800000  -0.440000  479.700000
4044005  1.070000  1.493000  5817.600000  0.363000  528.700000
4047631  0.700000  0.687000  4446.600000  -0.777000  331.600000
4048898  1.130000  1.162000  6132.900000  0.238000  340.300000
4049108  1.534000  3.762000  5255.000000  0.992000  3149.800000
4049124  0.915000  1.199000  5506.000000  0.079000  951.000000
4049131  0.758000  0.736000  4854.700000  -0.565000  634.500000
4049901  nan  nan  nan  nan  nan
4054784  0.887000  0.851000  5465.800000  -0.233000  584.500000
4055092  0.858000  0.975000  5245.200000  -0.174000  844.000000
4055304  0.832000  0.792000  4973.900000  -0.459000  429.700000
4055765  1.686000  2.731000  6818.500000  1.164000  1204.200000
4055774  nan  nan  nan  nan  nan
4056579  1.144000  5.166000  4799.000000  1.107000  1498.100000
4056616  0.632000  0.625000  4343.800000  -0.901000  150.300000
4058169  1.188000  2.189000  6141.800000  0.791000  1085.700000
4058881  nan  nan  nan  nan  nan
4059887  1.464000  2.139000  6357.600000  0.832000  999.500000
4060229  0.901000  1.217000  5818.200000  0.187000  1152.600000
4060815  1.416000  3.530000  5043.100000  0.865000  781.500000
4061149  nan  nan  nan  nan  nan
4063943  0.707000  0.706000  4336.200000  -0.801000  554.800000
4067110  1.603000  1.908000  7054.600000  0.915000  1063.000000
4067336  nan  nan  nan  nan  nan
4067549  1.112000  1.555000  5846.000000  0.424000  1857.900000
4067925  0.814000  0.856000  5044.400000  -0.367000  951.000000
4068391  0.954000  0.910000  5834.500000  -0.062000  1026.200000
4069063  1.055000  1.248000  6092.100000  0.289000  667.500000
4069213  1.563000  2.414000  6579.500000  0.997000  1016.300000
4070376  1.385000  1.997000  6266.200000  0.749000  2570.900000
4071638  1.474000  50.248000  3871.600000  2.713000  7463.700000
4072271  2.111000  3.688000  7128.500000  1.501000  1888.000000
4072333  1.011000  1.129000  5824.600000  0.126000  1556.400000
4072526  0.809000  0.760000  5276.100000  -0.393000  669.200000
4072955  1.049000  1.038000  6020.800000  0.107000  831.900000
4073017  0.866000  0.856000  5342.200000  -0.266000  690.000000
4073089  1.878000  3.238000  6727.900000  1.290000  2914.400000
4073707  1.562000  3.209000  5963.200000  1.071000  2242.100000
4073730  1.889000  3.224000  6824.000000  1.308000  743.100000
4074294  1.207000  1.290000  6315.800000  0.381000  627.400000
4074736  nan  nan  nan  nan  nan
4075015  1.127000  1.757000  5805.300000  0.499000  2043.700000
4075064  0.813000  0.938000  5222.300000  -0.227000  701.700000
4075067  2.157000  2.638000  8494.100000  1.518000  1029.600000
4076061  0.939000  0.973000  5637.900000  -0.060000  1452.000000
4076098  1.018000  1.071000  5868.200000  0.092000  1465.500000
4076952  1.887000  3.560000  6440.300000  1.295000  2426.100000
4076976  1.364000  3.473000  5088.100000  0.870000  1770.200000
4077252  3.344000  3.466000  11588.500000  2.287000  2670.200000
4077526  0.972000  0.982000  5747.400000  -0.021000  965.700000
4077767  0.706000  0.675000  4847.900000  -0.642000  761.400000
4077901  0.962000  0.981000  5705.700000  -0.034000  387.000000
4078157  1.201000  1.734000  5975.000000  0.541000  2150.900000
4078311  0.875000  1.037000  5387.100000  -0.084000  1060.900000
4078693  0.842000  0.956000  5212.300000  -0.214000  427.600000
4079530  0.978000  0.980000  5779.600000  -0.012000  1278.500000
4079535  1.135000  1.255000  6125.100000  0.303000  1486.200000
4135665  1.085000  1.474000  5593.900000  0.284000  1375.500000
4135912  1.130000  1.456000  5976.300000  0.389000  1303.100000
4136466  1.016000  1.386000  6063.600000  0.371000  776.100000
4136659  nan  nan  nan  nan  nan
4138008  0.631000  0.616000  4602.100000  -0.813000  365.400000
4138557  1.487000  2.181000  6216.500000  0.809000  647.100000
4138951  1.444000  2.007000  6490.100000  0.812000  1671.800000
4139254  1.096000  1.541000  5714.100000  0.360000  417.300000
4139816  0.581000  0.566000  4293.200000  -1.005000  421.700000
4140813  0.507000  0.499000  4012.200000  -1.233000  307.500000
4141376  0.990000  1.040000  6087.600000  0.129000  212.900000
4141587  1.360000  11.603000  4516.800000  1.707000  2706.100000
4141593  1.616000  2.792000  6198.800000  1.017000  1374.900000
4142768  2.113000  4.452000  6963.200000  1.622000  1357.100000
4142847  0.713000  0.688000  4779.500000  -0.651000  557.200000
4143755  0.891000  1.440000  5707.500000  0.300000  384.900000
4144231  1.103000  1.520000  5843.400000  0.388000  1792.700000
4144236  1.419000  1.745000  6647.400000  0.746000  544.800000
4144238  1.201000  1.180000  6673.000000  0.399000  836.400000
4144576  0.900000  0.826000  5244.500000  -0.330000  500.000000
4144873  1.017000  9.209000  4610.500000  1.545000  3463.900000
4147171  1.120000  1.420000  5954.400000  0.362000  2189.200000
4147444  1.148000  1.211000  6172.000000  0.285000  225.100000
4149060  0.929000  0.899000  5653.100000  -0.126000  1064.000000
4149450  1.161000  1.782000  5766.400000  0.503000  867.400000
4149684  1.244000  2.509000  5973.700000  0.864000  1871.400000
4150390  0.990000  0.999000  5820.100000  0.017000  1477.600000
4150496  0.966000  1.193000  5669.500000  0.126000  1485.900000
4150539  0.686000  0.667000  4534.000000  -0.770000  560.500000
4150611  1.516000  1.923000  6872.100000  0.875000  114.000000
4150624  0.876000  0.930000  5387.900000  -0.179000  1007.500000
4150701  0.696000  0.673000  4631.200000  -0.725000  638.700000
4150703  0.933000  0.906000  5529.100000  -0.164000  777.100000
4150804  0.922000  0.896000  5325.900000  -0.233000  348.900000
4150972  0.957000  1.114000  6343.600000  0.260000  355.800000
4155328  1.430000  1.898000  6317.600000  0.716000  1378.900000
4157052  nan  nan  nan  nan  nan
4157325  1.041000  0.993000  5908.100000  0.036000  693.100000
4157488  nan  nan  nan  nan  nan
4159347  1.617000  2.591000  6224.900000  0.961000  1346.200000
4160006  1.287000  3.597000  5309.600000  0.973000  2597.700000
4160669  1.182000  127.843000  3289.900000  3.242000  4404.700000
4164393  1.473000  2.300000  6258.900000  0.866000  2910.200000
4164511  1.238000  1.285000  6790.200000  0.503000  686.100000
4164922  0.772000  0.736000  4866.300000  -0.559000  222.900000
4164994  0.845000  0.820000  5043.700000  -0.404000  988.000000
4165473  0.953000  0.968000  5486.400000  -0.115000  661.200000
4165960  1.326000  1.663000  6550.700000  0.662000  1296.800000
4169315  1.376000  1.778000  6470.600000  0.706000  1934.100000
4171955  1.095000  1.100000  6127.800000  0.189000  994.500000
4172013  1.102000  1.088000  6017.700000  0.149000  1125.100000
4172746  0.721000  0.705000  4618.900000  -0.688000  580.600000
4172805  0.548000  0.554000  3895.200000  -1.195000  272.400000
4173026  0.871000  0.834000  5420.200000  -0.263000  841.400000
4174507  1.127000  1.698000  5832.500000  0.481000  2079.100000
4175105  1.132000  1.289000  6092.600000  0.317000  1113.200000
4175630  0.991000  0.997000  5825.700000  0.015000  1524.400000
4178389  1.112000  1.651000  6168.100000  0.553000  1273.500000
4178606  1.338000  1.341000  6897.400000  0.566000  700.300000
4179201  1.054000  1.237000  6122.200000  0.291000  1158.500000
4180280  0.800000  0.794000  4735.400000  -0.543000  305.500000
4180396  3.111000  2.659000  11915.900000  2.104000  950.900000
4180401  0.852000  0.810000  5359.600000  -0.310000  520.500000
4241238  1.192000  4.465000  4870.700000  1.006000  1515.900000
4242147  0.685000  0.675000  4703.800000  -0.695000  368.600000
4242692  nan  nan  nan  nan  nan
4242806  0.628000  0.631000  4179.800000  -0.958000  223.900000
4243911  0.882000  0.812000  5213.500000  -0.354000  622.100000
4245861  0.934000  1.684000  5215.500000  0.281000  2039.700000
4245897  2.214000  5.884000  5957.300000  1.596000  1718.800000
4245933  0.558000  0.547000  4134.600000  -1.102000  389.300000
4246343  0.999000  1.471000  5788.000000  0.343000  826.800000
4247023  1.054000  1.536000  5733.500000  0.365000  1798.100000
4247092  1.254000  1.428000  6298.300000  0.464000  1059.000000
4247791  1.619000  4.470000  5388.600000  1.185000  1046.700000
4247807  0.986000  1.251000  5705.000000  0.177000  1061.000000
4247811  0.966000  0.936000  5787.100000  -0.050000  686.200000
4247991  0.964000  1.351000  5586.500000  0.207000  457.600000
4248120  0.948000  0.963000  5664.900000  -0.063000  1017.600000
4249611  0.925000  0.921000  5586.900000  -0.125000  991.100000
4249725  0.697000  0.698000  4542.300000  -0.727000  384.700000
4252226  1.130000  1.981000  5620.000000  0.549000  1217.300000
4252322  0.979000  0.949000  5826.700000  -0.026000  464.800000
4252671  1.124000  2.052000  6180.700000  0.746000  952.100000
4253860  nan  nan  nan  nan  nan
4254466  1.042000  1.131000  5750.500000  0.104000  1065.900000
4255422  1.491000  3.081000  5730.600000  0.966000  981.800000
4255944  nan  nan  nan  nan  nan
4261960  0.792000  0.754000  5171.000000  -0.434000  845.300000
4262040  1.218000  2.271000  5531.400000  0.641000  471.800000
4262581  0.965000  0.911000  5825.700000  -0.063000  688.600000
4263293  0.692000  0.671000  4456.700000  -0.795000  584.100000
4263529  0.852000  0.846000  5369.300000  -0.269000  511.000000
4269252  1.617000  11.462000  4562.500000  1.711000  873.000000
4270253  1.017000  1.048000  5736.200000  0.033000  1044.100000
4270565  1.081000  1.353000  5898.300000  0.303000  1510.400000
4270799  0.885000  0.830000  5654.100000  -0.195000  981.000000
4271474  0.862000  0.844000  5356.300000  -0.274000  1163.500000
4274071  0.995000  1.178000  5754.100000  0.143000  1020.100000
4274548  0.746000  0.738000  4698.000000  -0.620000  564.200000
4274816  1.277000  2.131000  5985.000000  0.722000  1488.100000
4275117  1.188000  1.443000  6128.600000  0.423000  1473.300000
4275191  0.936000  1.034000  5610.700000  -0.018000  1336.300000
4275328  1.204000  1.662000  6426.800000  0.630000  904.400000
4275721  1.082000  1.057000  6183.100000  0.170000  809.500000
4275739  1.045000  1.520000  5718.800000  0.351000  1872.700000
4276114  0.966000  1.022000  5714.400000  0.004000  1339.600000
4276445  1.021000  1.024000  5912.000000  0.068000  1245.900000
4276716  0.718000  0.724000  4810.500000  -0.596000  118.400000
4277304  0.828000  0.819000  5156.600000  -0.367000  427.900000
4278221  1.067000  1.330000  5670.000000  0.218000  289.900000
4281023  2.069000  9.158000  4879.300000  1.636000  2771.500000
4281068  1.300000  1.401000  6432.900000  0.484000  988.000000
4281700  1.218000  1.958000  5929.200000  0.633000  1794.800000
4281895  0.942000  1.463000  5639.300000  0.293000  414.000000
4282191  1.458000  1.654000  6963.200000  0.762000  1498.600000
4282390  1.651000  2.182000  6763.100000  0.955000  1579.900000
4282872  0.925000  0.889000  5665.800000  -0.132000  931.500000
4284147  1.459000  2.067000  6473.400000  0.837000  3332.200000
4284980  nan  nan  nan  nan  nan
4285087  0.955000  1.457000  6137.000000  0.436000  603.600000
4285107  0.924000  0.926000  5542.800000  -0.134000  559.100000
4346178  1.137000  2.676000  4932.700000  0.587000  2166.400000
4346339  1.404000  4.955000  4958.200000  1.129000  1149.700000
4346875  0.960000  1.398000  5550.400000  0.227000  1657.600000
4349442  0.752000  0.736000  4686.900000  -0.627000  242.300000
4349452  1.042000  1.384000  5836.200000  0.303000  242.600000
4349935  0.794000  0.884000  5039.000000  -0.342000  437.500000
4352168  0.977000  1.170000  5532.400000  0.066000  765.200000
4355503  0.564000  0.573000  3891.900000  -1.166000  211.300000
4356621  1.032000  1.382000  5651.700000  0.247000  1354.500000
4356766  1.018000  1.253000  5792.300000  0.205000  1539.000000
4357985  0.855000  0.843000  5303.600000  -0.293000  927.800000
4365442  1.375000  2.577000  6268.600000  0.970000  1404.500000
4365461  1.292000  2.457000  6226.300000  0.916000  1352.000000
4365645  0.896000  0.865000  5190.500000  -0.309000  356.800000
4366323  0.939000  1.026000  5622.500000  -0.020000  1358.100000
4366923  1.629000  2.511000  6864.600000  1.104000  1336.800000
4367528  1.030000  0.970000  5831.900000  -0.007000  945.400000
4367544  1.032000  1.197000  5836.700000  0.178000  849.900000
4367854  0.781000  0.744000  4969.700000  -0.514000  565.400000
4370527  0.929000  0.876000  5370.300000  -0.239000  1100.800000
4371172  0.880000  0.919000  5368.600000  -0.196000  521.200000
4372410  2.058000  3.117000  7715.400000  1.492000  1087.600000
4372620  1.154000  2.352000  5215.100000  0.570000  960.300000
4372765  nan  nan  nan  nan  nan
4372768  1.082000  3.656000  4843.700000  0.828000  4754.700000
4372961  1.364000  1.987000  6272.600000  0.746000  1475.300000
4373195  3.182000  2.413000  13287.300000  2.216000  498.600000
4374339  1.290000  1.855000  6873.900000  0.842000  995.300000
4374610  1.395000  1.750000  6583.500000  0.719000  2118.200000
4375101  1.171000  1.876000  5832.400000  0.570000  2353.800000
4376629  0.811000  0.893000  5620.600000  -0.142000  517.800000
4376644  1.291000  1.833000  6185.200000  0.649000  1198.700000
4380283  1.275000  1.682000  6179.800000  0.574000  1807.700000
4380560  1.039000  1.025000  6002.700000  0.092000  1100.700000
4381282  1.138000  2.071000  5521.700000  0.560000  2140.700000
4381429  0.832000  0.838000  5218.500000  -0.328000  997.300000
4384652  nan  nan  nan  nan  nan
4384675  1.015000  1.009000  5909.100000  0.050000  932.500000
4384793  0.973000  0.965000  5774.500000  -0.027000  1167.900000
4384909  0.843000  0.848000  5234.900000  -0.310000  933.000000
4385148  0.918000  0.892000  5606.700000  -0.147000  1064.000000
4386047  nan  nan  nan  nan  nan
4386059  1.146000  1.128000  6392.600000  0.283000  835.200000
4386607  1.085000  1.280000  5958.900000  0.272000  1658.500000
4390912  1.610000  11.180000  4905.700000  1.816000  2012.800000
4391348  1.146000  1.150000  6285.600000  0.272000  1370.400000
4445630  1.525000  2.382000  6318.100000  0.914000  1706.500000
4446411  1.117000  1.150000  5737.100000  0.115000  773.300000
4446859  1.012000  1.300000  6090.700000  0.323000  847.500000
4449034  1.398000  1.783000  6378.900000  0.679000  1150.700000
4449752  nan  nan  nan  nan  nan
4450844  1.041000  1.577000  5833.400000  0.417000  223.500000
4454219  nan  nan  nan  nan  nan
4454752  0.888000  0.817000  5255.600000  -0.336000  546.800000
4454934  1.101000  1.392000  5920.400000  0.336000  1325.200000
4455231  0.953000  1.038000  5947.500000  0.087000  1184.800000
4455763  0.993000  1.779000  5328.900000  0.365000  2360.200000
4456622  1.141000  2.032000  5579.700000  0.561000  2626.600000
4458082  1.121000  1.390000  6208.400000  0.415000  933.900000
4458109  1.376000  1.577000  6704.800000  0.660000  340.100000
4459068  2.182000  2.600000  9022.600000  1.612000  1152.300000
4459503  1.100000  1.165000  6168.800000  0.250000  1062.100000
4459924  0.791000  0.861000  5441.100000  -0.231000  570.000000
4464394  1.615000  2.585000  6620.000000  1.067000  1657.400000
4464689  1.297000  1.424000  6457.800000  0.503000  801.900000
4466356  1.094000  1.221000  6144.700000  0.284000  993.800000
4466677  1.001000  0.965000  5941.900000  0.022000  862.200000
4469825  1.607000  2.201000  6646.600000  0.934000  1087.200000
4470888  1.155000  1.580000  5947.000000  0.454000  2383.200000
4471313  0.904000  1.141000  5477.800000  0.029000  1479.500000
4471747  nan  nan  nan  nan  nan
4472143  1.265000  1.349000  5998.400000  0.328000  948.900000
4472818  0.990000  0.974000  5698.000000  -0.044000  381.200000
4473226  0.907000  0.848000  5748.600000  -0.147000  1195.300000
4473613  0.928000  0.889000  5440.100000  -0.204000  837.600000
4474462  1.017000  1.462000  5985.400000  0.395000  908.700000
4474637  nan  nan  nan  nan  nan
4474645  0.892000  0.839000  5628.700000  -0.193000  589.200000
4476123  0.862000  0.963000  5328.500000  -0.166000  1107.900000
4476423  1.579000  11.406000  4589.700000  1.721000  3522.700000
4478142  0.892000  0.839000  5526.400000  -0.226000  594.800000
4478168  1.074000  1.187000  6183.900000  0.272000  744.900000
4479633  1.166000  1.365000  6138.400000  0.388000  1101.400000
4480676  1.135000  1.886000  5710.200000  0.536000  2129.100000
4482738  1.245000  5.226000  4867.500000  1.144000  1359.000000
4483138  nan  nan  nan  nan  nan
4483235  1.788000  1.784000  8181.300000  1.113000  1665.200000
4484179  1.387000  1.543000  6790.400000  0.661000  826.500000
4484312  1.286000  1.642000  6264.400000  0.576000  813.600000
4484336  1.093000  1.151000  6065.400000  0.211000  849.800000
4484356  0.822000  1.122000  5535.800000  0.031000  683.400000
4489844  1.082000  1.123000  5816.300000  0.116000  516.600000
4540508  0.530000  0.533000  3907.300000  -1.223000  273.200000
4540632  0.837000  0.991000  5224.600000  -0.178000  712.500000
4544571  1.146000  1.622000  5906.000000  0.463000  2199.800000
4544572  1.250000  1.350000  6406.000000  0.448000  2179.200000
4544620  0.965000  1.272000  5627.300000  0.169000  1736.400000
4544623  0.598000  0.611000  4008.800000  -1.059000  346.200000
4544628  1.882000  3.553000  6384.500000  1.285000  1237.300000
4544670  1.100000  1.697000  5756.000000  0.458000  2170.300000
4544684  0.916000  0.901000  6249.800000  0.051000  968.100000
4544907  1.008000  1.105000  5824.800000  0.105000  941.400000
4545187  0.733000  0.693000  5053.400000  -0.550000  505.200000
4545570  0.852000  0.891000  5277.900000  -0.252000  1030.100000
4545926  1.030000  1.047000  6158.300000  0.154000  633.400000
4547480  1.082000  1.555000  5794.600000  0.394000  1823.300000
4547603  1.030000  1.014000  5719.700000  -0.002000  753.900000
4548011  1.156000  1.364000  6014.100000  0.344000  491.700000
4548098  1.199000  1.225000  6340.500000  0.341000  557.300000
4548162  0.787000  0.827000  4696.200000  -0.524000  592.500000
4551328  0.953000  0.904000  5353.900000  -0.216000  1080.700000
4551663  0.793000  0.756000  5131.300000  -0.448000  443.700000
4552729  0.707000  0.689000  4709.100000  -0.675000  458.300000
4556468  1.240000  1.604000  5983.300000  0.475000  1794.800000
4557341  0.866000  0.822000  4985.700000  -0.422000  231.500000
4563268  1.166000  1.442000  5863.000000  0.349000  757.500000
4565943  2.581000  4.082000  8778.800000  1.956000  803.100000
4565985  1.697000  66.135000  3814.900000  2.926000  1474.500000
4566848  1.063000  1.508000  5770.100000  0.360000  2082.100000
4566999  1.108000  1.841000  5676.800000  0.505000  1884.800000
4567118  1.082000  1.494000  5802.600000  0.360000  1099.400000
4568117  0.993000  1.356000  6191.400000  0.389000  865.500000
4568298  0.881000  0.893000  5412.600000  -0.205000  1305.000000
4569590  1.388000  12.735000  4663.700000  1.846000  2643.000000
4569942  nan  nan  nan  nan  nan
4570555  1.294000  4.709000  4977.100000  1.089000  704.000000
4570931  1.091000  1.119000  6087.200000  0.191000  742.700000
4570949  1.184000  1.366000  6281.800000  0.417000  819.400000
4571004  nan  nan  nan  nan  nan
4571536  1.045000  2.344000  5045.900000  0.503000  2559.100000
4571844  1.110000  1.439000  5902.400000  0.362000  2003.700000
4572728  1.189000  1.412000  6152.600000  0.412000  611.000000
4574310  1.211000  1.966000  6209.300000  0.716000  1048.600000
4574319  0.874000  1.071000  5365.700000  -0.061000  1305.800000
4575824  1.146000  1.831000  5812.700000  0.541000  1380.700000
4577484  1.249000  2.487000  5237.100000  0.624000  371.800000
4578594  1.064000  1.880000  5443.800000  0.456000  2310.100000
4579313  nan  nan  nan  nan  nan
4579321  nan  nan  nan  nan  nan
4579598  1.555000  2.098000  6447.100000  0.832000  1444.700000
4584865  1.607000  2.010000  6810.200000  0.893000  877.600000
4586482  1.146000  1.664000  5903.300000  0.483000  1059.800000
4587135  0.992000  0.983000  5836.100000  0.006000  1230.800000
4587448  1.177000  1.573000  7037.200000  0.739000  1029.500000
4633434  0.821000  0.850000  5114.100000  -0.349000  781.700000
4633570  0.669000  0.648000  4505.000000  -0.805000  316.100000
4634135  0.969000  1.629000  5396.100000  0.311000  1654.000000
4636565  1.490000  2.374000  6012.900000  0.834000  773.700000
4636578  1.269000  1.368000  6551.600000  0.494000  950.800000
4638237  1.005000  1.463000  5861.000000  0.359000  859.200000
4639868  0.864000  1.067000  5233.100000  -0.112000  361.100000
4644604  0.871000  0.960000  5765.500000  -0.035000  633.600000
4644952  0.860000  0.881000  5242.300000  -0.274000  501.900000
4645174  0.964000  1.369000  5827.000000  0.292000  1207.300000
4645492  1.041000  0.963000  5662.000000  -0.064000  607.200000
4645833  0.814000  0.776000  5233.000000  -0.389000  753.800000
4647662  1.116000  1.186000  6344.600000  0.316000  1370.300000
4647949  1.541000  2.309000  6716.900000  0.993000  2066.800000
4649305  1.430000  1.659000  6845.500000  0.736000  1296.300000
4649440  1.525000  5.677000  5002.100000  1.264000  1756.200000
4650674  1.078000  1.104000  5917.400000  0.132000  1195.400000
4650733  1.184000  1.216000  6335.500000  0.334000  1658.100000
4651399  1.227000  7.616000  4681.200000  1.403000  6648.100000
4656049  1.201000  1.275000  6618.500000  0.452000  979.300000
4659255  0.829000  0.835000  5162.700000  -0.348000  864.700000
4659405  0.898000  0.854000  5346.500000  -0.268000  483.400000
4661634  0.975000  1.238000  5678.800000  0.159000  1403.000000
4662363  0.811000  0.912000  5590.000000  -0.133000  631.300000
4663185  2.735000  16.940000  4708.800000  2.110000  1942.200000
4663658  2.082000  1.508000  10917.800000  1.468000  724.100000
4664046  0.879000  1.080000  5384.400000  -0.048000  1238.400000
4664743  1.892000  2.500000  7646.900000  1.288000  1747.400000
4664847  1.015000  1.122000  5840.200000  0.124000  1625.000000
4665571  0.736000  0.727000  4754.600000  -0.612000  497.800000
4665989  1.722000  2.407000  7102.000000  1.126000  1507.200000
4665991  0.981000  1.018000  5763.200000  0.016000  917.700000
4666008  1.279000  1.732000  6148.500000  0.590000  1555.300000
4669402  1.421000  2.298000  6139.600000  0.833000  1606.000000
4670217  0.737000  0.706000  4889.100000  -0.587000  608.200000
4670267  1.688000  3.100000  6253.200000  1.123000  3267.600000
4670361  1.302000  1.323000  6687.900000  0.502000  1060.400000
4671584  1.047000  1.336000  6094.000000  0.348000  842.700000
4673628  0.991000  1.207000  5740.200000  0.156000  900.300000
4676964  1.090000  1.071000  6188.700000  0.182000  1154.700000
4677282  1.292000  1.322000  6758.200000  0.519000  786.100000
4678171  0.780000  0.807000  4729.900000  -0.531000  686.400000
4678873  1.580000  1.635000  7821.900000  0.959000  947.300000
4678875  nan  nan  nan  nan  nan
4678919  1.221000  1.588000  6146.900000  0.514000  960.100000
4679314  0.988000  1.093000  5772.400000  0.080000  611.700000
4679687  0.863000  0.862000  5372.000000  -0.253000  877.400000
4680745  2.388000  4.685000  6768.700000  1.621000  1335.000000
4680772  1.144000  1.764000  6340.900000  0.659000  450.900000
4681152  1.044000  1.130000  6105.800000  0.209000  521.500000
4725292  0.718000  0.717000  4428.100000  -0.746000  329.500000
4725681  0.592000  0.607000  3937.400000  -1.096000  284.300000
4729553  1.570000  1.846000  7191.400000  0.914000  752.100000
4730442  1.794000  3.146000  6440.600000  1.191000  1702.100000
4732015  1.477000  31.010000  4224.600000  2.446000  1403.000000
4732137  1.184000  4.854000  4716.200000  1.023000  1099.200000
4735826  1.083000  1.450000  5620.100000  0.276000  286.700000
4736208  1.114000  1.825000  5846.700000  0.549000  2008.500000
4736439  1.054000  8.684000  5089.000000  1.662000  3406.600000
4736569  0.743000  0.723000  4847.100000  -0.587000  663.100000
4736644  0.795000  0.782000  4945.800000  -0.480000  589.100000
4737267  1.033000  2.828000  5202.700000  0.728000  2483.000000
4737302  2.122000  2.933000  7208.900000  1.325000  943.700000
4737848  1.078000  1.021000  5997.200000  0.086000  533.700000
4738095  1.189000  1.187000  6295.500000  0.303000  634.100000
4739194  1.255000  1.777000  6081.200000  0.593000  1446.800000
4739229  1.525000  1.640000  7241.600000  0.828000  923.600000
4739565  1.223000  1.663000  5840.600000  0.465000  1203.000000
4740375  1.087000  1.190000  6025.000000  0.228000  1279.400000
4740676  1.509000  2.165000  6519.200000  0.886000  1272.500000
4740688  0.683000  0.679000  4301.000000  -0.848000  483.800000
4741126  1.259000  1.367000  6368.700000  0.446000  882.500000
4741777  1.002000  0.974000  5398.900000  -0.138000  675.600000
4742188  1.092000  1.613000  5789.600000  0.424000  1850.800000
4742414  1.202000  1.960000  5763.800000  0.585000  893.000000
4742420  nan  nan  nan  nan  nan
4742452  1.176000  1.477000  6058.700000  0.425000  1697.900000
4743508  0.882000  1.106000  5618.900000  0.046000  920.600000
4743513  0.933000  1.328000  5925.000000  0.295000  612.700000
4750341  0.955000  1.053000  5674.800000  0.019000  954.000000
4750406  0.837000  0.819000  5228.200000  -0.344000  772.000000
4750669  0.913000  0.926000  5534.300000  -0.137000  1059.600000
4750962  1.345000  4.491000  4957.900000  1.044000  1862.600000
4751083  1.099000  1.797000  5661.500000  0.480000  2810.700000
4752451  1.136000  1.542000  6145.000000  0.487000  544.200000
4753561  0.754000  0.754000  4560.700000  -0.655000  463.000000
4753988  1.041000  1.226000  5870.800000  0.209000  1272.300000
4754831  2.261000  4.256000  6701.900000  1.519000  1577.600000
4757331  0.886000  1.407000  5239.400000  0.132000  1621.000000
4757437  1.206000  1.351000  6117.500000  0.367000  1328.400000
4758350  1.933000  3.336000  6685.800000  1.304000  1791.200000
4758368  3.120000  19.717000  4790.700000  2.265000  1799.100000
4760478  1.113000  1.739000  5542.500000  0.400000  2228.800000
4760746  1.144000  1.397000  6032.000000  0.375000  2267.700000
4760959  0.950000  1.022000  5659.600000  -0.013000  1346.300000
4761060  1.645000  2.112000  7100.200000  1.011000  860.400000
4761427  0.906000  0.902000  5525.000000  -0.165000  1299.000000
4762283  0.697000  0.682000  4485.100000  -0.770000  435.100000
4763020  1.033000  1.186000  5810.200000  0.162000  414.000000
4764774  0.934000  0.984000  5606.600000  -0.062000  1046.300000
4764969  1.425000  1.486000  7045.700000  0.691000  598.700000
4768756  0.772000  0.778000  5394.600000  -0.335000  252.200000
4768846  1.097000  1.070000  6238.400000  0.195000  606.600000
4769799  1.372000  4.534000  5083.100000  1.095000  550.100000
4769824  1.305000  2.140000  5982.300000  0.727000  2546.000000
4769931  0.903000  0.886000  5449.100000  -0.204000  511.000000
4770174  1.465000  1.696000  6633.700000  0.704000  768.200000
4770365  0.669000  0.663000  4468.100000  -0.800000  536.500000
4770617  1.314000  1.350000  6670.100000  0.514000  1455.100000
4770798  0.943000  0.929000  5456.700000  -0.160000  302.900000
4772095  1.210000  1.245000  6517.800000  0.410000  1476.300000
4773155  1.091000  1.374000  5712.900000  0.261000  739.800000
4773392  1.260000  1.450000  6514.600000  0.537000  1154.900000
4774646  1.154000  1.256000  6425.700000  0.387000  866.800000
4813563  0.693000  0.686000  4750.900000  -0.663000  349.600000
4813750  0.977000  1.025000  5751.900000  0.019000  1308.200000
4813793  0.858000  1.372000  5599.700000  0.225000  502.700000
4814168  1.571000  2.027000  6831.400000  0.908000  567.400000
4814502  0.905000  0.873000  5576.000000  -0.176000  327.900000
4815520  1.026000  1.000000  5699.800000  -0.019000  185.700000
4815612  1.219000  1.399000  6258.200000  0.439000  1855.500000
4819158  0.880000  1.001000  5412.000000  -0.107000  1290.600000
4820550  0.951000  0.911000  5564.500000  -0.145000  585.400000
4824268  1.097000  1.301000  5978.500000  0.293000  1195.800000
4825872  1.918000  3.339000  6469.500000  1.247000  1069.000000
4826110  1.044000  2.145000  5143.800000  0.467000  1956.600000
4826439  1.555000  2.518000  6228.800000  0.937000  1791.000000
4827723  0.868000  0.841000  5192.500000  -0.332000  371.900000
4828341  1.058000  1.757000  5584.700000  0.437000  2173.500000
4829935  1.115000  1.158000  6133.200000  0.235000  1258.200000
4830605  1.148000  1.725000  5853.200000  0.502000  2494.100000
4830859  nan  nan  nan  nan  nan
4831728  1.145000  1.720000  5606.600000  0.423000  1694.700000
4832175  0.654000  0.651000  4244.000000  -0.905000  489.200000
4832197  1.317000  1.747000  6276.600000  0.634000  455.300000
4832225  2.559000  2.419000  10250.600000  1.771000  436.800000
4832273  1.171000  1.406000  6106.900000  0.399000  1104.200000
4832837  0.899000  2.203000  4737.900000  0.348000  1292.500000
4833135  nan  nan  nan  nan  nan
4833409  1.391000  1.940000  6353.300000  0.745000  1458.600000
4833421  1.083000  1.244000  6068.800000  0.280000  1021.400000
4839180  1.300000  1.475000  6488.100000  0.545000  951.500000
4840156  1.005000  1.029000  5691.100000  0.002000  781.700000
4840263  1.601000  4.049000  5699.900000  1.203000  2637.600000
4840327  1.002000  1.225000  6199.300000  0.303000  482.800000
4840513  1.197000  1.293000  6284.600000  0.375000  1637.100000
4840672  nan  nan  nan  nan  nan
4840818  1.318000  1.578000  6456.400000  0.591000  1471.100000
4841374  1.086000  1.310000  6113.200000  0.337000  836.100000
4843592  0.993000  1.242000  5730.800000  0.177000  1272.600000
4843751  1.025000  1.028000  5934.900000  0.078000  1406.600000
4844004  0.910000  0.911000  5530.800000  -0.152000  1098.000000
4844367  0.935000  0.916000  5752.900000  -0.080000  882.000000
4844470  0.950000  1.324000  5568.100000  0.184000  879.400000
4845862  0.717000  0.699000  4635.800000  -0.692000  553.600000
4846856  0.819000  0.774000  5322.700000  -0.361000  821.200000
4847534  0.837000  0.788000  5366.900000  -0.329000  532.700000
4847782  1.074000  1.502000  5803.100000  0.366000  1539.700000
4847801  1.093000  1.118000  6093.600000  0.193000  1030.500000
4847832  1.053000  1.726000  5725.800000  0.463000  591.500000
4847843  0.826000  0.912000  5040.600000  -0.313000  341.500000
4848115  1.016000  1.333000  5745.900000  0.249000  1602.600000
4848321  0.999000  0.979000  5882.800000  0.017000  1045.300000
4848423  1.726000  2.757000  6413.000000  1.063000  841.200000
4848424  1.025000  1.176000  5853.600000  0.169000  1133.300000
4850961  1.134000  1.134000  6386.700000  0.288000  1466.500000
4851145  1.146000  1.268000  6144.900000  0.318000  1858.700000
4851195  1.237000  1.494000  6233.700000  0.485000  1443.200000
4851217  2.290000  4.091000  7219.700000  1.615000  1132.300000
4851239  0.971000  0.920000  5620.500000  -0.117000  197.100000
4851283  nan  nan  nan  nan  nan
4851338  1.136000  1.203000  6170.100000  0.279000  1448.600000
4851356  0.910000  0.853000  5808.200000  -0.124000  832.200000
4851464  1.287000  2.109000  5978.400000  0.714000  2947.100000
4851530  0.838000  0.801000  5313.100000  -0.333000  828.100000
4852297  1.223000  1.451000  6228.200000  0.461000  1564.100000
4852528  0.712000  0.701000  4453.200000  -0.757000  367.600000
4856592  0.833000  4.206000  4952.700000  0.985000  527.100000
4857058  0.777000  0.757000  5067.000000  -0.465000  424.100000
4857213  0.758000  0.719000  5071.600000  -0.510000  311.400000
4858610  0.852000  0.836000  5288.100000  -0.305000  730.600000
4860678  1.323000  1.509000  6556.900000  0.581000  1564.300000
4860932  1.285000  1.682000  6208.600000  0.574000  1571.900000
4861527  1.202000  1.327000  6459.100000  0.443000  989.600000
4861736  1.539000  2.095000  6762.100000  0.920000  1480.800000
4861784  0.872000  0.830000  5488.600000  -0.246000  1209.400000
4861791  0.947000  0.939000  5679.200000  -0.086000  1406.900000
4862332  1.267000  11.078000  4842.300000  1.784000  4013.800000
4862625  1.798000  2.578000  6883.600000  1.139000  1833.700000
4862924  1.225000  1.285000  6382.200000  0.393000  1211.600000
4863260  1.539000  1.898000  6862.400000  0.858000  1102.900000
4863369  1.059000  1.031000  6153.100000  0.139000  1180.300000
4863753  1.480000  2.961000  5433.400000  0.845000  632.600000
4863956  1.882000  4.660000  5900.600000  1.387000  1602.300000
4864734  1.226000  2.201000  5700.800000  0.666000  1185.600000
4902030  0.784000  0.813000  4753.400000  -0.515000  652.300000
4902202  0.914000  0.928000  5855.100000  -0.038000  1206.500000
4902673  1.042000  1.738000  5533.400000  0.411000  1279.400000
4908495  0.877000  1.095000  5101.900000  -0.135000  454.500000
4909707  2.029000  5.262000  6098.200000  1.539000  803.200000
4912589  0.782000  1.172000  5687.400000  0.115000  456.200000
4912650  nan  nan  nan  nan  nan
4912991  0.968000  0.916000  6102.400000  0.024000  216.000000
4913000  1.317000  1.306000  6908.900000  0.546000  393.900000
4913852  0.557000  0.571000  3751.900000  -1.233000  278.000000
4914221  1.411000  2.636000  6008.200000  0.913000  985.600000
4914399  1.227000  1.394000  6291.400000  0.442000  1307.000000
4914423  1.312000  1.438000  6382.100000  0.492000  493.200000
4914566  1.279000  1.811000  6259.500000  0.659000  773.300000
4914709  0.873000  0.895000  5370.900000  -0.218000  1024.900000
4914737  0.636000  0.656000  4137.000000  -0.946000  304.600000
4915582  1.374000  1.729000  6560.800000  0.700000  874.400000
4915638  0.789000  0.751000  5181.400000  -0.434000  915.000000
4917014  1.405000  10.895000  4960.800000  1.813000  1970.400000
4917357  0.859000  0.887000  5306.800000  -0.247000  832.000000
4917596  0.739000  0.733000  4615.200000  -0.658000  640.700000
4917658  1.007000  1.248000  5762.800000  0.193000  1626.400000
4918303  0.975000  0.984000  5764.000000  -0.013000  1330.700000
4918309  0.894000  1.081000  5488.600000  -0.016000  1225.100000
4919550  0.785000  0.754000  5081.600000  -0.464000  663.500000
4927315  1.275000  1.727000  6143.200000  0.587000  1978.800000
4927734  1.857000  1.789000  8463.500000  1.174000  890.500000
4927738  1.268000  1.880000  6230.000000  0.683000  607.000000
4928119  1.115000  1.580000  5857.200000  0.426000  2091.300000
4929299  0.886000  0.846000  5498.300000  -0.226000  734.100000
4931073  1.801000  2.900000  6857.900000  1.228000  999.200000
4932348  0.932000  0.955000  5605.200000  -0.090000  1168.900000
4932442  1.278000  1.291000  6206.900000  0.350000  999.000000
4932689  1.100000  1.148000  6097.300000  0.218000  1679.900000
4932691  1.691000  2.406000  6984.100000  1.097000  1857.600000
4933476  1.561000  3.391000  5543.600000  0.996000  2255.400000
4935172  1.064000  1.201000  5919.100000  0.225000  980.400000
4935914  nan  nan  nan  nan  nan
4936180  1.220000  1.940000  5954.000000  0.644000  2442.700000
4936990  1.157000  1.647000  5922.500000  0.479000  2040.600000
4937140  1.331000  2.326000  6008.400000  0.804000  1646.400000
4937143  nan  nan  nan  nan  nan
4939265  nan  nan  nan  nan  nan
4939346  1.209000  1.385000  6239.600000  0.419000  2142.000000
4939533  0.995000  1.003000  5836.700000  0.023000  1430.400000
4940201  1.408000  2.727000  5862.500000  0.902000  2587.500000
4940203  1.300000  1.851000  6102.300000  0.634000  1295.100000
4940376  1.536000  7.339000  4870.100000  1.440000  2700.800000
4940438  1.105000  1.540000  5855.700000  0.402000  1924.700000
4945035  nan  nan  nan  nan  nan
4945764  1.991000  2.231000  8279.500000  1.328000  1453.200000
4945877  1.691000  1.823000  8930.800000  1.285000  517.500000
4946049  2.190000  1.896000  9748.000000  1.460000  1306.900000
4946581  0.879000  1.086000  5884.300000  0.108000  753.800000
4946584  1.239000  1.341000  6351.500000  0.422000  949.600000
4946680  0.836000  0.851000  5478.100000  -0.226000  487.600000
4947556  0.787000  0.764000  4906.200000  -0.513000  275.200000
4947726  1.120000  1.250000  6079.000000  0.283000  1374.700000
4948730  1.035000  1.170000  5885.100000  0.171000  1066.700000
4948863  0.999000  1.038000  5811.700000  0.044000  1235.900000
4949027  0.939000  1.077000  5619.100000  0.021000  1168.500000
4949214  1.248000  1.354000  6388.500000  0.436000  1261.100000
4949524  0.925000  0.989000  5576.700000  -0.066000  1131.900000
4949751  1.097000  1.373000  5926.200000  0.325000  1209.600000
4950232  0.893000  0.858000  5538.800000  -0.202000  1109.000000
4950341  nan  nan  nan  nan  nan
4950557  1.304000  1.628000  6494.300000  0.630000  660.500000
4951249  1.108000  1.100000  6215.900000  0.213000  1367.600000
4951877  1.286000  1.705000  6046.300000  0.542000  1469.200000
4952341  1.781000  1.558000  8489.900000  1.074000  1392.200000
4953173  nan  nan  nan  nan  nan
4953262  1.259000  4.504000  4906.300000  1.029000  671.500000
4989057  0.937000  0.873000  5488.600000  -0.204000  555.000000
4990977  1.212000  1.372000  6021.800000  0.350000  900.500000
4991208  1.060000  1.182000  6120.400000  0.253000  611.200000
4995716  0.773000  0.833000  5189.000000  -0.341000  966.600000
4996057  1.055000  2.396000  4902.100000  0.479000  473.100000
4996558  1.150000  1.634000  5918.500000  0.470000  1025.000000
5000179  2.764000  3.168000  10014.100000  1.968000  4573.700000
5003117  1.121000  1.543000  5890.600000  0.414000  972.400000
5003670  0.926000  0.853000  5795.300000  -0.130000  885.000000
5004909  1.313000  1.692000  6219.400000  0.589000  1308.200000
5005121  0.994000  1.194000  5719.700000  0.141000  1373.100000
5005618  1.691000  2.703000  6195.200000  0.989000  613.900000
5006817  1.457000  5.676000  4793.500000  1.187000  605.500000
5007345  1.072000  1.311000  6174.100000  0.354000  1337.100000
5008245  1.676000  2.965000  6290.800000  1.099000  2484.800000
5008501  1.271000  1.326000  6511.000000  0.458000  1378.500000
5008775  1.276000  2.171000  5938.600000  0.726000  2492.000000
5009189  0.949000  0.915000  5733.700000  -0.086000  872.500000
5009688  1.062000  1.098000  5634.400000  0.042000  1108.500000
5009743  0.955000  1.013000  6123.700000  0.117000  754.900000
5014753  1.201000  1.492000  5902.900000  0.388000  1215.100000
5014903  0.857000  0.808000  5489.700000  -0.270000  1035.900000
5015027  0.881000  0.850000  5466.600000  -0.234000  232.900000
5015459  0.712000  0.698000  4546.700000  -0.725000  521.100000
5015913  1.529000  3.259000  5590.800000  0.977000  1246.600000
5016163  1.264000  1.960000  6000.300000  0.655000  3110.500000
5017058  1.490000  2.217000  6445.500000  0.887000  1170.600000
5018787  0.866000  0.927000  5342.600000  -0.196000  952.200000
5019567  2.127000  3.243000  7724.600000  1.533000  1428.100000
5020034  1.490000  2.623000  6102.000000  0.939000  4052.000000
5020044  1.418000  1.853000  6565.000000  0.763000  1394.800000
5020319  1.087000  1.107000  6012.000000  0.161000  557.500000
5021174  nan  nan  nan  nan  nan
5021176  0.969000  1.235000  5664.000000  0.153000  1122.300000
5021432  1.237000  1.976000  5758.800000  0.590000  1090.500000
5021732  1.333000  1.760000  6323.900000  0.652000  1123.700000
5021737  1.216000  1.239000  6622.400000  0.429000  411.400000
5021899  0.882000  0.863000  5434.200000  -0.230000  990.700000
5022440  1.085000  1.381000  5890.500000  0.319000  1622.200000
5022828  2.030000  1.787000  9246.900000  1.327000  980.700000
5022900  0.863000  0.846000  5353.500000  -0.272000  1091.400000
5023948  1.231000  2.153000  5795.400000  0.689000  2477.200000
5023956  1.088000  1.733000  5711.000000  0.463000  1685.200000
5024126  0.721000  0.696000  4760.200000  -0.647000  664.700000
5024138  1.191000  2.248000  5510.100000  0.618000  2517.500000
5024177  1.390000  2.170000  6150.100000  0.795000  2442.000000
5024252  nan  nan  nan  nan  nan
5024268  2.252000  19.412000  4547.300000  2.165000  2328.900000
5024292  1.173000  1.343000  6162.300000  0.375000  1782.200000
5024372  1.485000  3.033000  5832.000000  0.993000  2661.700000
5024414  1.757000  11.088000  4764.400000  1.753000  2596.500000
5024429  1.560000  2.513000  6290.600000  0.963000  2770.700000
5024450  1.188000  2.059000  5740.500000  0.620000  2321.400000
5024476  1.957000  12.481000  4731.100000  1.835000  2645.600000
5024482  nan  nan  nan  nan  nan
5025217  nan  nan  nan  nan  nan
5025234  1.725000  2.322000  6715.500000  0.998000  1427.400000
5025294  nan  nan  nan  nan  nan
5026023  nan  nan  nan  nan  nan
5026187  1.613000  2.340000  6769.200000  1.018000  1498.700000
5026326  1.185000  1.395000  6154.400000  0.404000  1561.300000
5027859  0.817000  0.769000  5378.000000  -0.349000  1052.200000
5031804  1.682000  2.250000  7305.700000  1.115000  1129.900000
5031857  1.162000  1.142000  6421.200000  0.304000  987.700000
5031882  1.758000  3.674000  6527.700000  1.345000  2043.500000
5032842  0.976000  1.447000  6174.400000  0.443000  1335.000000
5033823  1.130000  1.300000  6067.700000  0.316000  738.700000
5034333  2.276000  2.277000  9393.100000  1.569000  981.500000
5035972  1.148000  1.479000  5982.100000  0.405000  1188.400000
5036052  2.235000  6.534000  5310.400000  1.493000  1542.400000
5036480  0.968000  0.940000  5801.300000  -0.044000  1073.100000
5036516  0.849000  0.891000  5261.800000  -0.258000  542.200000
5036530  1.665000  1.928000  7080.100000  0.927000  1521.800000
5036537  0.760000  0.735000  4900.300000  -0.550000  693.600000
5036538  0.801000  0.855000  4769.000000  -0.468000  245.500000
5036705  1.323000  1.591000  6314.200000  0.557000  1614.500000
5036966  1.529000  2.386000  6332.000000  0.918000  1886.100000
5037742  0.794000  0.794000  4965.200000  -0.462000  792.400000
5038469  2.245000  2.156000  9440.300000  1.531000  1198.200000
5039053  1.140000  1.579000  5878.200000  0.430000  594.500000
5039129  1.375000  1.368000  7103.000000  0.635000  1241.100000
5039228  1.541000  1.709000  6802.000000  0.753000  743.600000
5039441  1.129000  1.155000  6312.700000  0.283000  524.200000
5039687  0.985000  0.940000  5956.700000  0.003000  684.300000
5040077  0.966000  0.921000  5866.800000  -0.042000  792.700000
5040223  1.219000  1.423000  6241.200000  0.439000  1360.600000
5041569  1.407000  1.539000  6881.700000  0.684000  2035.500000
5041847  1.068000  1.216000  5956.300000  0.226000  1020.200000
5042210  1.294000  1.684000  6122.800000  0.560000  449.900000
5042785  1.670000  1.711000  7498.800000  0.923000  549.100000
5077629  1.092000  1.357000  5922.500000  0.313000  1908.600000
5078025  1.117000  1.533000  5884.500000  0.406000  1642.500000
5078879  1.317000  1.272000  7097.900000  0.569000  681.400000
5078939  0.935000  0.884000  5425.600000  -0.213000  1202.700000
5080346  2.227000  1.910000  9845.100000  1.495000  2040.900000
5080565  0.698000  0.677000  4645.100000  -0.714000  824.900000
5080636  0.530000  0.542000  3701.000000  -1.301000  133.500000
5080652  1.169000  1.497000  6028.500000  0.426000  1541.800000
5083138  1.070000  1.144000  5997.600000  0.187000  1658.100000
5083252  nan  nan  nan  nan  nan
5084171  0.941000  0.905000  5740.800000  -0.094000  1220.700000
5084942  0.816000  0.796000  4772.700000  -0.526000  279.200000
5087223  0.644000  0.632000  4283.400000  -0.914000  532.400000
5088400  0.918000  0.877000  5424.500000  -0.219000  949.700000
5088536  1.026000  1.118000  6058.700000  0.183000  315.700000
5088591  0.787000  0.744000  5221.200000  -0.429000  553.700000
5090690  1.476000  2.296000  6689.900000  0.981000  1409.400000
5090803  1.340000  1.680000  6443.600000  0.643000  932.700000
5090937  2.114000  2.745000  8214.200000  1.493000  854.100000
5091016  1.034000  1.047000  5946.400000  0.094000  1363.600000
5091075  2.060000  3.305000  7424.100000  1.478000  1214.100000
5091479  1.119000  1.224000  6096.600000  0.274000  1480.100000
5091614  1.183000  1.506000  6058.000000  0.446000  1118.200000
5091808  1.147000  1.779000  5853.000000  0.527000  1311.200000
5092266  1.057000  1.139000  5960.700000  0.172000  1709.600000
5092655  0.786000  0.750000  5132.600000  -0.451000  772.400000
5092799  0.954000  2.498000  4851.000000  0.497000  2710.800000
5094301  0.983000  0.935000  5578.300000  -0.116000  115.700000
5094412  0.867000  0.834000  5333.000000  -0.292000  1077.500000
5094751  1.172000  1.316000  6201.900000  0.366000  472.500000
5095082  1.154000  1.986000  5566.200000  0.536000  1269.200000
5095269  1.287000  1.844000  6554.300000  0.756000  1181.800000
5095635  1.005000  0.964000  5637.400000  -0.071000  826.700000
5096053  nan  nan  nan  nan  nan
5096590  1.128000  1.353000  5962.200000  0.319000  789.600000
5097278  1.654000  1.837000  7426.000000  0.969000  585.200000
5097454  2.047000  8.770000  4975.000000  1.632000  7925.200000
5097470  1.076000  1.118000  5763.400000  0.097000  937.700000
5097856  0.877000  0.850000  5450.600000  -0.238000  768.700000
5097868  0.935000  0.957000  5615.400000  -0.084000  1056.600000
5098334  1.053000  1.120000  5679.800000  0.072000  589.800000
5098444  nan  nan  nan  nan  nan
5098757  1.364000  1.994000  6441.100000  0.791000  896.100000
5103942  1.092000  1.359000  5922.500000  0.314000  1277.500000
5103998  nan  nan  nan  nan  nan
5105886  1.248000  6.152000  4877.000000  1.287000  2058.000000
5106313  0.766000  0.742000  4916.700000  -0.535000  513.800000
5108214  1.607000  2.540000  5966.600000  0.868000  113.600000
5108946  1.348000  1.730000  6414.000000  0.662000  2115.700000
5110423  1.059000  1.424000  5803.000000  0.319000  1922.500000
5110453  1.168000  4.363000  5010.900000  1.036000  1575.300000
5110683  1.059000  1.422000  5804.700000  0.319000  1957.600000
5111801  1.716000  2.719000  6728.500000  1.138000  361.100000
5112198  nan  nan  nan  nan  nan
5112567  nan  nan  nan  nan  nan
5113053  1.146000  2.060000  5562.200000  0.581000  2616.300000
5113146  nan  nan  nan  nan  nan
5113809  1.565000  2.485000  6351.800000  0.961000  1733.600000
5113822  0.943000  0.921000  5654.000000  -0.105000  520.300000
5114623  1.117000  1.311000  6028.500000  0.310000  1679.100000
5115178  nan  nan  nan  nan  nan
5115379  1.718000  2.797000  6397.200000  1.076000  1608.300000
5115688  1.237000  4.390000  4890.100000  1.000000  1746.700000
5115978  1.375000  1.875000  6240.400000  0.683000  2206.200000
5119143  2.281000  4.473000  7319.000000  1.709000  1858.200000
5119619  1.173000  1.167000  6398.300000  0.314000  1230.600000
5120087  1.215000  1.211000  6392.000000  0.346000  761.900000
5120225  0.895000  0.836000  5726.100000  -0.166000  424.900000
5121173  2.142000  3.102000  7924.000000  1.538000  1774.900000
5121511  nan  nan  nan  nan  nan
5122112  1.198000  1.180000  6487.400000  0.344000  1283.600000
5124254  0.616000  0.610000  4180.000000  -0.985000  385.900000
5124667  1.088000  1.040000  6462.600000  0.232000  393.100000
5125048  1.864000  2.824000  7191.800000  1.287000  1008.600000
5125196  1.109000  1.085000  6291.700000  0.224000  1316.400000
5125347  1.094000  1.112000  6096.800000  0.182000  1364.500000
5126182  0.986000  0.986000  5803.300000  -0.001000  851.900000
5126627  nan  nan  nan  nan  nan
5126932  nan  nan  nan  nan  nan
5128673  1.173000  1.162000  6215.800000  0.261000  800.200000
5128966  1.461000  2.171000  6345.500000  0.842000  1785.700000
5129453  0.740000  0.742000  4561.800000  -0.666000  569.200000
5130369  2.121000  2.142000  8988.200000  1.438000  2589.100000
5130380  1.070000  1.849000  5548.800000  0.454000  2832.700000
5130563  1.149000  1.352000  6097.100000  0.359000  814.900000
5130740  1.819000  2.072000  7707.400000  1.138000  1043.000000
5130890  3.199000  3.524000  11012.200000  2.227000  2071.200000
5130983  1.196000  1.188000  6448.900000  0.343000  1006.300000
5131180  nan  nan  nan  nan  nan
5131276  1.107000  86.487000  3442.800000  2.983000  2966.300000
5164255  0.811000  0.820000  5019.000000  -0.413000  1121.200000
5164794  nan  nan  nan  nan  nan
5166811  nan  nan  nan  nan  nan
5168498  1.561000  3.544000  5361.100000  0.976000  1053.400000
5171707  0.906000  1.095000  5501.100000  0.000000  1335.700000
5172274  1.541000  1.644000  7340.900000  0.852000  886.500000
5174492  1.983000  2.470000  8035.200000  1.366000  1292.700000
5174677  1.244000  1.736000  6052.200000  0.568000  2217.700000
5174858  0.802000  0.789000  5036.400000  -0.440000  770.700000
5174920  1.946000  2.090000  8386.000000  1.294000  858.600000
5175024  1.406000  1.938000  6419.600000  0.763000  1486.100000
5175986  0.664000  0.643000  4535.900000  -0.800000  657.500000
5177065  1.806000  3.077000  6530.200000  1.194000  1034.200000
5177104  1.069000  1.073000  6054.800000  0.147000  976.600000
5177859  1.011000  0.936000  5794.000000  -0.049000  464.600000
5179609  1.377000  3.891000  4830.700000  0.875000  924.600000
5181086  0.642000  0.636000  4265.600000  -0.919000  232.200000
5181299  1.013000  3.632000  5002.700000  0.874000  1531.100000
5181455  1.045000  1.237000  5873.100000  0.218000  1569.800000
5181804  1.044000  1.110000  5938.700000  0.144000  1881.800000
5181817  1.098000  1.316000  5948.100000  0.293000  641.000000
5183357  1.128000  1.317000  6098.900000  0.339000  1047.000000
5184144  0.879000  1.150000  5202.400000  -0.054000  1239.600000
5184584  1.191000  1.734000  5955.000000  0.535000  2261.400000
5184709  1.018000  1.128000  6005.500000  0.175000  1082.500000
5184911  0.705000  0.686000  4601.200000  -0.720000  482.300000
5185765  1.429000  2.049000  6229.800000  0.759000  1030.800000
5185897  0.669000  0.657000  4409.100000  -0.829000  177.000000
5192660  1.149000  1.754000  5875.500000  0.521000  594.600000
5193077  1.125000  1.214000  5791.800000  0.176000  547.300000
5193384  nan  nan  nan  nan  nan
5193386  1.306000  4.953000  5091.300000  1.174000  2393.000000
5193400  1.296000  1.818000  6154.700000  0.633000  2972.800000
5193439  1.144000  1.895000  6072.200000  0.646000  1684.500000
5193659  1.122000  1.477000  5785.600000  0.346000  1573.800000
5193813  1.068000  1.100000  6353.600000  0.251000  682.600000
5195172  1.067000  1.277000  5890.300000  0.250000  754.100000
5195945  1.056000  6.402000  4838.700000  1.310000  1638.900000
5196851  1.863000  2.306000  7524.500000  1.186000  1162.900000
5196864  nan  nan  nan  nan  nan
5197233  1.234000  1.295000  6396.200000  0.404000  1238.200000
5199426  1.455000  2.884000  5894.000000  0.961000  1969.600000
5199978  1.289000  5.073000  4871.800000  1.120000  1581.200000
5200084  1.941000  1.973000  7690.400000  1.092000  267.300000
5201115  1.147000  1.528000  5826.700000  0.384000  553.400000
5201593  1.386000  1.741000  6009.800000  0.559000  976.500000
5202905  1.633000  1.516000  8108.700000  0.955000  808.400000
5206233  0.914000  0.872000  5649.900000  -0.156000  982.300000
5208962  1.069000  1.151000  6117.800000  0.224000  1248.300000
5209845  0.631000  0.621000  4244.000000  -0.944000  509.800000
5210475  1.073000  1.154000  5995.600000  0.189000  1326.500000
5211199  0.909000  0.905000  5503.100000  -0.167000  349.900000
5211470  1.245000  11.130000  4711.800000  1.743000  2242.900000
5211631  1.513000  1.685000  7233.900000  0.851000  544.600000
5211922  0.921000  0.930000  5567.800000  -0.123000  917.600000
5212220  1.314000  2.075000  6020.900000  0.712000  946.900000
5213005  1.363000  1.762000  6590.300000  0.725000  1364.500000
5213230  nan  nan  nan  nan  nan
5213404  1.109000  1.718000  6121.400000  0.576000  1250.000000
5213811  1.798000  3.077000  6586.700000  1.211000  1144.800000
5213902  1.152000  1.132000  6380.600000  0.284000  845.900000
5215251  1.067000  1.115000  6012.600000  0.169000  1628.700000
5215508  1.431000  1.668000  6678.300000  0.701000  407.100000
5215700  1.297000  2.322000  5871.200000  0.765000  2646.600000
5215980  0.786000  0.742000  5233.400000  -0.428000  705.100000
5216727  nan  nan  nan  nan  nan
5217574  1.098000  1.140000  6098.300000  0.213000  1671.800000
5217586  1.346000  1.907000  6205.400000  0.690000  1278.600000
5217733  nan  nan  nan  nan  nan
5217891  0.941000  1.224000  5581.600000  0.121000  1409.800000
5218014  2.011000  8.278000  4861.200000  1.545000  2026.900000
5218441  1.283000  1.604000  6283.000000  0.562000  1832.800000
5219234  0.827000  0.792000  5089.600000  -0.419000  875.200000
5252423  0.786000  0.766000  4979.800000  -0.485000  658.000000
5253802  nan  nan  nan  nan  nan
5254230  1.152000  2.830000  5687.900000  0.882000  2375.000000
5255259  0.817000  0.782000  5215.700000  -0.387000  873.200000
5255552  0.883000  1.243000  5263.000000  0.033000  1031.100000
5257082  1.011000  1.028000  5871.800000  0.056000  1023.800000
5260419  0.819000  0.839000  5103.100000  -0.364000  966.600000
5262539  1.014000  1.265000  5778.100000  0.209000  1009.500000
5263167  0.993000  1.161000  5760.600000  0.129000  1497.400000
5263802  1.439000  2.121000  6765.500000  0.931000  593.000000
5264304  0.864000  1.055000  5237.100000  -0.119000  1231.200000
5265982  1.300000  4.041000  4957.600000  0.953000  851.300000
5266937  1.462000  5.077000  4999.000000  1.165000  3290.200000
5268955  1.626000  2.460000  6406.900000  0.966000  673.400000
5269407  1.049000  1.552000  5719.900000  0.368000  984.100000
5269467  0.701000  0.689000  4630.100000  -0.704000  608.000000
5270698  1.111000  1.613000  5892.100000  0.457000  1709.200000
5271090  1.192000  2.628000  5126.700000  0.639000  2538.300000
5271608  nan  nan  nan  nan  nan
5271637  1.131000  1.426000  5644.500000  0.272000  386.100000
5271803  1.477000  1.680000  7261.200000  0.853000  1404.000000
5272233  nan  nan  nan  nan  nan
5272571  1.254000  3.559000  5390.200000  0.988000  1004.200000
5272878  0.947000  0.947000  5671.400000  -0.075000  1019.800000
5273713  1.663000  3.146000  6348.900000  1.163000  2653.000000
5276332  1.201000  1.429000  6073.600000  0.402000  451.200000
5280587  0.938000  0.915000  5674.900000  -0.104000  1061.000000
5281113  1.028000  1.078000  6103.200000  0.165000  628.200000
5281714  1.181000  1.602000  5985.500000  0.474000  2005.700000
5282049  1.019000  1.112000  5857.500000  0.121000  1283.100000
5282051  1.111000  2.107000  5373.500000  0.526000  1335.200000
5282437  1.105000  1.205000  6071.200000  0.252000  1382.800000
5282477  1.054000  1.110000  5965.900000  0.150000  1223.900000
5282656  1.238000  1.666000  6080.200000  0.539000  2000.800000
5283458  0.941000  0.915000  5713.100000  -0.092000  1325.100000
5283542  0.824000  0.758000  5701.500000  -0.260000  1044.500000
5283728  1.098000  1.905000  5561.900000  0.500000  2426.000000
5284133  1.748000  1.715000  8142.200000  1.071000  1005.600000
5285607  1.703000  2.947000  6473.700000  1.141000  777.700000
5286786  1.006000  2.017000  5169.800000  0.418000  1848.400000
5287983  1.014000  1.080000  5853.700000  0.095000  1432.700000
5288543  1.223000  1.908000  6493.400000  0.768000  1134.900000
5288570  nan  nan  nan  nan  nan
5288577  1.213000  1.228000  6421.000000  0.367000  1219.900000
5288744  1.331000  1.996000  6032.500000  0.679000  1086.500000
5289854  0.930000  0.906000  5667.000000  -0.115000  1354.600000
5289857  0.694000  0.685000  4736.400000  -0.671000  271.500000
5294739  1.408000  5.313000  4936.600000  1.182000  1712.000000
5294945  1.158000  1.364000  6107.700000  0.370000  1171.800000
5295206  1.508000  2.020000  6764.500000  0.871000  1455.800000
5297298  1.344000  1.709000  6624.300000  0.708000  929.800000
5298620  0.811000  0.800000  5080.600000  -0.412000  818.500000
5299459  0.971000  0.933000  5479.700000  -0.149000  575.300000
5300878  0.865000  1.060000  5180.500000  -0.135000  648.300000
5301093  0.791000  0.751000  5189.100000  -0.430000  817.500000
5301750  1.074000  1.196000  6091.300000  0.248000  1151.400000
5301955  0.701000  0.678000  4526.900000  -0.757000  164.100000
5302006  1.679000  2.215000  7158.100000  1.064000  3132.400000
5302643  1.545000  1.840000  7088.500000  0.892000  3089.200000
5303185  1.192000  1.533000  6055.500000  0.460000  1579.800000
5303346  0.719000  0.677000  5088.000000  -0.554000  467.000000
5303551  0.922000  0.912000  5582.900000  -0.135000  776.100000
5303557  nan  nan  nan  nan  nan
5305225  0.845000  0.778000  5681.000000  -0.242000  487.300000
5305240  0.926000  0.868000  5838.600000  -0.098000  266.400000
5305399  1.177000  1.263000  6248.300000  0.350000  1216.800000
5305404  1.210000  1.416000  6216.000000  0.434000  1328.600000
5305451  1.282000  2.041000  6021.100000  0.696000  2348.500000
5305471  1.744000  3.752000  6070.800000  1.239000  2548.400000
5306383  1.119000  1.520000  5894.000000  0.403000  729.400000
5306720  1.551000  2.490000  6311.200000  0.938000  3213.600000
5306862  1.359000  1.911000  6374.600000  0.736000  843.200000
5306984  1.052000  1.060000  5994.900000  0.119000  484.200000
5307568  0.943000  0.966000  5637.800000  -0.069000  646.900000
5307574  1.325000  2.387000  5922.200000  0.801000  2324.200000
5307858  1.367000  2.191000  6109.500000  0.774000  3141.200000
5307990  1.978000  1.602000  9712.500000  1.318000  1017.300000
5308296  1.079000  1.182000  5999.800000  0.218000  1850.500000
5308387  2.121000  4.495000  6836.900000  1.614000  2156.500000
5308419  1.458000  2.059000  6491.500000  0.834000  1210.300000
5308537  1.168000  1.214000  6012.600000  0.242000  447.800000
5308663  1.124000  1.199000  6132.400000  0.268000  1639.100000
5308666  1.465000  54.524000  3987.700000  2.834000  8140.500000
5308777  1.385000  7.462000  4689.800000  1.387000  1926.900000
5308778  1.665000  11.440000  4937.200000  1.849000  1699.700000
5309353  nan  nan  nan  nan  nan
5310435  1.833000  4.417000  5913.000000  1.337000  1729.900000
5339567  1.180000  1.311000  5889.200000  0.273000  859.400000
5340644  0.626000  0.609000  4383.600000  -0.907000  323.100000
5340878  0.791000  0.744000  5263.300000  -0.416000  469.000000
5342061  1.030000  1.097000  5896.200000  0.121000  1261.200000
5342473  1.125000  1.248000  6102.200000  0.292000  1029.100000
5343976  1.029000  1.020000  5948.100000  0.072000  396.200000
5347537  1.129000  1.510000  5782.800000  0.364000  1021.600000
5347784  1.326000  2.156000  5784.000000  0.672000  902.800000
5350244  1.131000  1.104000  6354.700000  0.256000  539.300000
5350447  0.892000  0.861000  5492.700000  -0.214000  903.900000
5351250  0.943000  0.888000  5587.400000  -0.157000  896.300000
5352640  0.843000  0.944000  5202.300000  -0.227000  1162.100000
5353137  nan  nan  nan  nan  nan
5353938  0.590000  0.599000  4043.400000  -1.064000  327.900000
5356593  nan  nan  nan  nan  nan
5357470  1.020000  1.013000  5924.200000  0.059000  1027.700000
5357545  nan  nan  nan  nan  nan
5357901  0.883000  0.865000  5138.700000  -0.325000  644.800000
5358241  0.924000  1.084000  5567.400000  0.011000  1342.100000
5358624  0.814000  0.775000  5049.400000  -0.452000  692.300000
5359678  nan  nan  nan  nan  nan
5360082  0.948000  3.571000  4715.700000  0.759000  2033.500000
5360920  0.915000  0.936000  5547.400000  -0.123000  1298.900000
5360974  0.953000  2.168000  4947.000000  0.408000  2398.300000
5364071  0.607000  0.618000  4095.600000  -1.016000  307.600000
5364090  0.680000  0.677000  4436.400000  -0.795000  189.100000
5369827  0.910000  0.856000  5394.600000  -0.252000  406.100000
5370302  nan  nan  nan  nan  nan
5370944  1.262000  1.679000  6137.300000  0.560000  1236.600000
5371776  0.703000  0.679000  4596.500000  -0.729000  437.000000
5371777  1.211000  1.294000  6204.100000  0.353000  1493.800000
5372966  0.757000  0.720000  5065.800000  -0.509000  746.800000
5374403  0.861000  0.854000  5530.200000  -0.209000  555.800000
5374838  1.003000  1.187000  5792.800000  0.158000  1513.700000
5374854  nan  nan  nan  nan  nan
5375194  0.867000  0.823000  5210.800000  -0.345000  455.400000
5376067  1.021000  1.313000  5768.300000  0.238000  1625.400000
5376836  1.274000  1.690000  6176.900000  0.576000  1189.700000
5380812  1.483000  1.791000  7223.900000  0.901000  423.600000
5383248  0.985000  0.946000  5702.900000  -0.068000  122.900000
5384079  1.296000  1.289000  6744.000000  0.493000  572.200000
5384713  0.507000  0.518000  3682.700000  -1.350000  88.800000
5384802  1.366000  1.735000  6509.900000  0.689000  1173.200000
5385139  1.019000  1.015000  5922.700000  0.056000  1471.300000
5385150  1.016000  1.234000  5767.100000  0.166000  1394.000000
5385269  1.092000  1.223000  6004.800000  0.252000  993.200000
5385304  1.295000  1.295000  6717.000000  0.490000  699.900000
5385410  1.299000  1.714000  6346.900000  0.636000  1038.100000
5385439  1.182000  2.070000  5715.400000  0.615000  1323.100000
5385469  1.622000  1.819000  7834.100000  1.052000  1194.100000
5385471  0.967000  0.905000  5856.400000  -0.069000  1387.900000
5385491  1.061000  1.221000  5675.900000  0.147000  600.500000
5385509  0.816000  0.859000  5064.400000  -0.356000  821.000000
5385548  1.857000  3.045000  7418.300000  1.414000  1726.400000
5385566  0.863000  0.819000  5437.800000  -0.276000  898.900000
5385575  0.795000  0.833000  4830.100000  -0.466000  426.100000
5385647  0.924000  1.178000  5545.100000  0.075000  665.100000
5385667  0.939000  0.951000  5626.000000  -0.086000  440.800000
5385697  0.853000  0.825000  5322.900000  -0.304000  975.500000
5385773  1.021000  1.282000  5788.300000  0.224000  1063.400000
5385778  1.417000  4.997000  4763.700000  1.066000  1136.900000
5386163  1.036000  1.225000  5931.600000  0.226000  614.500000
5386264  0.733000  0.715000  4692.800000  -0.649000  448.000000
5386904  1.521000  1.585000  7370.000000  0.832000  1506.000000
5387843  1.109000  1.311000  6005.600000  0.306000  1348.600000
5388229  nan  nan  nan  nan  nan
5389184  1.493000  3.013000  5901.300000  1.004000  2094.300000
5389540  nan  nan  nan  nan  nan
5389632  0.822000  0.763000  5578.000000  -0.290000  1025.200000
5389956  1.044000  1.382000  5791.800000  0.289000  1500.900000
5390913  1.663000  2.682000  6545.800000  1.077000  811.400000
5391407  1.759000  3.061000  6416.200000  1.158000  2468.200000
5391911  1.379000  15.227000  4442.800000  1.913000  1489.600000
5392702  0.947000  0.926000  5708.200000  -0.084000  1090.300000
5392871  1.780000  3.053000  6527.100000  1.188000  1802.400000
5392897  1.312000  1.848000  6195.700000  0.656000  2792.300000
5393558  1.104000  1.391000  5931.600000  0.337000  845.500000
5394585  1.646000  2.397000  7021.900000  1.102000  784.900000
5396122  1.004000  0.988000  5919.500000  0.036000  1460.800000
5397106  1.167000  1.177000  6321.000000  0.301000  1220.800000
5397166  1.545000  2.719000  6019.400000  0.941000  1351.900000
5397905  0.901000  1.345000  5346.700000  0.108000  571.500000
5398002  2.694000  3.913000  9015.000000  1.967000  1889.500000
5425643  0.647000  0.640000  4269.300000  -0.915000  440.500000
5425908  1.305000  1.831000  6143.800000  0.636000  718.000000
5428199  0.622000  0.642000  4067.100000  -0.993000  119.700000
5428471  0.980000  1.050000  5753.600000  0.041000  1406.300000
5428657  0.743000  0.745000  4559.700000  -0.666000  500.000000
5428668  1.016000  1.110000  5848.200000  0.117000  1523.000000
5431027  1.092000  1.849000  5613.600000  0.489000  1406.500000
5435816  1.001000  1.509000  5598.900000  0.308000  2183.400000
5436013  0.818000  0.847000  5471.500000  -0.235000  629.200000
5436161  0.863000  1.054000  5248.000000  -0.116000  832.300000
5436338  0.686000  0.668000  4501.700000  -0.779000  612.500000
5436415  1.490000  8.059000  4640.300000  1.435000  1910.100000
5436455  1.383000  1.770000  6519.400000  0.709000  725.400000
5436502  1.257000  1.604000  5825.100000  0.430000  1778.700000
5437348  1.730000  2.827000  6648.600000  1.151000  827.200000
5437762  1.124000  1.224000  6027.800000  0.253000  823.100000
5437945  nan  nan  nan  nan  nan
5438099  0.766000  0.769000  4975.200000  -0.483000  767.600000
5438757  0.984000  1.604000  5605.200000  0.363000  1357.600000
5439000  1.014000  1.578000  5921.800000  0.444000  1113.900000
5440317  nan  nan  nan  nan  nan
5440435  1.586000  2.263000  6175.900000  0.830000  1027.500000
5440472  1.231000  1.327000  6358.200000  0.414000  1554.600000
5440651  0.943000  0.896000  5921.500000  -0.049000  1464.100000
5441980  0.991000  0.947000  5687.000000  -0.071000  705.500000
5443320  0.806000  0.790000  5085.900000  -0.422000  750.700000
5443604  0.691000  0.666000  4672.700000  -0.719000  462.800000
5443775  1.514000  2.209000  6123.700000  0.794000  1023.700000
5443837  1.187000  1.770000  5901.500000  0.537000  1597.600000
5444276  1.187000  1.305000  6378.800000  0.406000  628.600000
5444334  nan  nan  nan  nan  nan
5444384  1.105000  1.225000  6053.500000  0.263000  1792.400000
5444392  1.290000  2.267000  5948.900000  0.766000  489.200000
5444491  1.116000  1.799000  5741.300000  0.504000  1947.900000
5444548  0.952000  1.098000  5478.100000  -0.006000  813.700000
5444549  0.945000  1.097000  5628.300000  0.040000  1838.700000
5445681  0.963000  1.541000  5815.000000  0.391000  986.500000
5446285  0.959000  0.910000  5399.500000  -0.196000  376.500000
5446961  nan  nan  nan  nan  nan
5449777  1.127000  1.343000  5978.800000  0.321000  1124.500000
5450814  0.821000  0.896000  4921.200000  -0.372000  773.500000
5450893  1.152000  1.123000  6440.800000  0.293000  530.600000
5456023  0.796000  0.841000  4809.900000  -0.466000  399.300000
5456319  0.873000  0.948000  5380.000000  -0.165000  665.800000
5456651  0.812000  0.772000  4925.900000  -0.496000  648.300000
5456979  0.966000  1.106000  5697.300000  0.068000  1422.400000
5457326  0.805000  0.847000  4907.400000  -0.426000  645.600000
5460434  2.029000  3.280000  7043.500000  1.381000  719.300000
5460835  1.134000  1.716000  6060.000000  0.556000  1396.000000
5461440  0.834000  0.845000  5747.300000  -0.150000  701.100000
5462901  0.666000  0.668000  4384.800000  -0.827000  511.800000
5466109  1.099000  1.164000  6076.800000  0.224000  1421.800000
5467102  1.132000  1.553000  5908.700000  0.424000  1746.700000
5467113  nan  nan  nan  nan  nan
5467124  1.009000  1.163000  5853.100000  0.157000  675.800000
5467126  1.770000  11.207000  4825.900000  1.783000  1936.700000
5468555  1.077000  1.066000  6342.000000  0.219000  734.500000
5470739  0.996000  1.084000  5796.100000  0.080000  1235.200000
5470851  1.016000  0.994000  5937.600000  0.041000  1448.600000
5470960  0.903000  1.055000  5494.700000  -0.034000  1313.300000
5471010  0.929000  1.083000  5574.000000  0.007000  1294.100000
5471059  1.112000  1.425000  5927.700000  0.358000  1197.600000
5471068  1.088000  1.108000  6089.600000  0.185000  1213.200000
5471108  nan  nan  nan  nan  nan
5471141  1.671000  2.324000  7019.800000  1.075000  1571.000000
5471158  0.965000  0.991000  5714.400000  -0.024000  1266.500000
5471192  1.452000  1.621000  7010.300000  0.756000  1413.800000
5471202  1.235000  1.232000  6483.000000  0.379000  1381.000000
5471217  0.911000  0.856000  5729.200000  -0.145000  621.900000
5471271  1.243000  1.281000  6674.100000  0.469000  842.300000
5471289  1.220000  1.294000  6343.100000  0.381000  1440.600000
5471328  nan  nan  nan  nan  nan
5471415  1.797000  1.719000  8329.800000  1.107000  1108.400000
5471480  0.996000  0.961000  5952.000000  0.018000  1394.100000
5471489  1.456000  2.190000  6337.200000  0.846000  1038.400000
5471496  0.677000  0.653000  4609.400000  -0.757000  604.500000
5471566  0.861000  0.869000  5314.800000  -0.262000  933.200000
5471574  1.208000  1.766000  6594.900000  0.736000  1063.500000
5471606  nan  nan  nan  nan  nan
5471617  nan  nan  nan  nan  nan
5471675  2.043000  1.564000  10302.900000  1.405000  1714.300000
5471688  1.096000  1.237000  6018.200000  0.260000  1349.700000
5471690  1.377000  2.069000  6607.200000  0.868000  972.900000
5471769  1.061000  1.254000  5909.800000  0.241000  1246.100000
5471770  1.069000  1.088000  6108.800000  0.174000  663.400000
5471792  0.788000  0.795000  5385.000000  -0.318000  339.500000
5473535  1.468000  1.619000  7056.400000  0.775000  1660.600000
5473556  1.399000  2.063000  6449.100000  0.824000  1205.500000
5474613  nan  nan  nan  nan  nan
5474733  1.210000  1.609000  6040.600000  0.496000  1145.900000
5475042  0.929000  0.942000  5594.300000  -0.104000  1025.000000
5475431  0.759000  0.683000  5638.700000  -0.371000  538.200000
5475494  1.043000  1.010000  6199.500000  0.135000  1302.900000
5475641  0.750000  0.725000  4828.400000  -0.589000  393.900000
5475712  1.898000  3.175000  6672.200000  1.259000  1923.400000
5475735  0.868000  0.830000  5402.600000  -0.276000  557.200000
5475736  1.158000  1.754000  5885.000000  0.525000  1136.300000
5476671  1.156000  1.508000  5982.600000  0.420000  1329.700000
5477805  1.095000  1.232000  6025.500000  0.258000  691.300000
5478055  1.087000  1.404000  5880.400000  0.333000  1139.500000
5478083  nan  nan  nan  nan  nan
5479717  0.886000  1.042000  5428.400000  -0.065000  1251.800000
5479802  1.361000  1.868000  6317.600000  0.703000  2357.600000
5479973  1.593000  2.571000  6368.900000  0.993000  2753.600000
5480640  1.115000  1.606000  5930.600000  0.461000  1211.600000
5480736  1.566000  2.611000  6254.500000  0.974000  2827.900000
5480884  0.737000  0.715000  4794.800000  -0.612000  753.200000
5481148  1.257000  1.867000  6030.000000  0.621000  1790.100000
5481416  0.732000  0.709000  4774.700000  -0.627000  693.100000
5481426  nan  nan  nan  nan  nan
5482603  nan  nan  nan  nan  nan
5511081  1.304000  1.710000  6270.400000  0.613000  550.800000
5511659  0.884000  0.816000  5779.200000  -0.172000  1043.600000
5512513  nan  nan  nan  nan  nan
5512580  1.029000  1.382000  5754.800000  0.278000  1633.200000
5513012  0.902000  0.865000  5556.800000  -0.193000  566.700000
5513648  1.822000  4.327000  6030.500000  1.355000  748.600000
5513822  0.903000  1.152000  5478.100000  0.033000  509.400000
5513833  0.368000  0.386000  3499.900000  -1.693000  106.900000
5513857  0.904000  0.869000  5564.200000  -0.184000  992.500000
5513861  1.639000  2.524000  6836.500000  1.102000  726.500000
5513866  nan  nan  nan  nan  nan
5513893  1.065000  1.008000  6163.800000  0.123000  466.900000
5513897  0.881000  0.810000  5518.800000  -0.258000  467.200000
5514383  1.156000  1.195000  6118.500000  0.259000  228.200000
5520547  nan  nan  nan  nan  nan
5521300  1.179000  1.551000  6008.600000  0.456000  1736.200000
5524229  1.327000  4.841000  5082.300000  1.151000  722.700000
5524881  0.911000  0.850000  5956.400000  -0.084000  1309.400000
5525484  1.409000  6.054000  4790.000000  1.242000  1649.200000
5526527  0.657000  0.649000  4313.800000  -0.879000  330.300000
5526717  1.202000  1.208000  5918.600000  0.207000  918.800000
5527172  0.974000  1.181000  5823.600000  0.167000  446.600000
5529385  0.886000  1.013000  5687.700000  -0.011000  485.300000
5529501  1.281000  1.557000  6276.600000  0.536000  632.200000
5529552  0.857000  0.815000  5407.200000  -0.289000  879.000000
5529560  1.014000  1.165000  5820.300000  0.150000  1391.100000
5529643  0.973000  1.078000  5724.500000  0.055000  1699.800000
5529738  1.050000  1.219000  5901.100000  0.213000  1339.200000
5530112  1.107000  1.093000  6212.200000  0.207000  905.600000
5530881  1.272000  1.722000  6129.500000  0.580000  1059.400000
5530882  0.920000  0.971000  5556.900000  -0.089000  745.800000
5531576  0.825000  0.781000  4768.800000  -0.544000  753.000000
5531694  1.102000  1.445000  6271.800000  0.466000  884.500000
5531953  nan  nan  nan  nan  nan
5534476  1.447000  1.759000  7036.900000  0.837000  801.900000
5534702  1.530000  2.066000  6926.200000  0.950000  1691.300000
5534814  1.150000  1.855000  5782.900000  0.545000  2152.100000
5534941  1.013000  1.921000  5307.600000  0.423000  684.600000
5534965  1.289000  1.932000  6394.300000  0.752000  1082.600000
5535280  1.132000  1.391000  6014.400000  0.361000  1459.400000
5535890  1.109000  1.181000  6117.900000  0.248000  566.500000
5536715  1.379000  1.536000  6760.200000  0.652000  1321.300000
5542466  0.765000  0.754000  4976.500000  -0.501000  732.200000
5542983  1.345000  1.936000  6288.500000  0.726000  1062.400000
5544450  1.375000  1.457000  6787.700000  0.610000  582.500000
5544903  1.257000  1.763000  6079.700000  0.586000  2530.200000
5545815  0.992000  0.983000  5835.400000  0.007000  893.700000
5546277  1.236000  1.359000  6086.800000  0.361000  802.300000
5546691  1.522000  2.389000  6317.700000  0.921000  2787.500000
5546761  1.206000  1.896000  5955.800000  0.613000  1849.200000
5547424  0.659000  0.653000  4272.900000  -0.891000  542.900000
5547480  0.996000  0.968000  5900.500000  0.012000  942.300000
5551228  0.971000  1.221000  5673.700000  0.146000  1429.800000
5551240  1.344000  1.485000  6653.600000  0.592000  1359.300000
5551504  0.883000  1.135000  5389.600000  -0.005000  672.500000
5551672  0.231000  0.259000  3631.200000  -1.980000  165.000000
5552562  1.141000  1.273000  6124.300000  0.327000  1635.800000
5552808  1.527000  1.826000  7413.000000  0.959000  718.600000
5553624  1.138000  1.392000  5803.500000  0.299000  964.200000
5553652  0.895000  0.891000  5475.000000  -0.189000  1158.900000
5553959  nan  nan  nan  nan  nan
5556726  1.812000  5.155000  4938.700000  1.159000  977.200000
5556804  1.658000  2.832000  6340.000000  1.074000  4251.300000
5557821  0.970000  1.039000  5724.900000  0.022000  1123.300000
5559651  1.199000  1.501000  6110.500000  0.458000  1075.400000
5560830  1.250000  1.272000  6507.600000  0.418000  1139.800000
5560831  1.391000  2.177000  6145.400000  0.794000  2516.000000
5561278  1.411000  1.902000  6458.500000  0.756000  554.400000
5562090  0.821000  0.845000  5112.500000  -0.355000  865.500000
5562784  0.738000  0.727000  4668.100000  -0.644000  384.400000
5563057  1.791000  1.837000  7467.700000  0.978000  933.700000
5563080  0.938000  1.101000  5605.200000  0.037000  750.700000
5563300  0.843000  0.907000  5221.100000  -0.258000  639.000000
5563937  1.330000  1.921000  6169.300000  0.686000  2480.900000
5564082  1.034000  1.029000  5912.500000  0.069000  171.800000
5564247  0.947000  1.109000  5630.100000  0.048000  1513.500000
5565261  1.573000  6.333000  4978.500000  1.353000  2696.300000
5565486  1.916000  3.039000  7099.800000  1.350000  3895.300000
5565497  2.006000  1.998000  8745.900000  1.329000  811.400000
5565707  1.552000  1.937000  7002.500000  0.912000  1004.400000
5596440  1.470000  2.101000  6677.000000  0.901000  1195.500000
5597361  1.197000  1.449000  6046.200000  0.406000  1318.200000
5597970  0.742000  0.769000  5166.500000  -0.419000  226.700000
5598216  0.874000  1.225000  6033.100000  0.255000  696.300000
5598595  0.770000  0.743000  4960.300000  -0.518000  672.600000
5598639  1.938000  8.613000  4961.300000  1.612000  751.000000
5598645  1.452000  3.925000  5152.100000  0.997000  694.900000
5599774  0.815000  0.820000  5090.200000  -0.388000  909.700000
5601258  0.582000  0.595000  3913.200000  -1.125000  218.900000
5602409  1.281000  6.624000  4783.900000  1.318000  2573.400000
5602588  0.984000  1.129000  5634.200000  0.067000  1779.600000
5603270  1.060000  1.549000  5958.000000  0.437000  700.700000
5607631  1.051000  1.182000  5925.800000  0.194000  1133.200000
5608566  0.985000  1.499000  5565.100000  0.292000  1237.400000
5609593  0.734000  0.711000  4775.200000  -0.624000  734.600000
5610698  1.729000  4.211000  5851.600000  1.282000  2486.100000
5612111  1.009000  0.984000  5935.600000  0.036000  1050.600000
5612697  nan  nan  nan  nan  nan
5613330  1.497000  2.080000  6260.100000  0.780000  1135.300000
5613821  0.965000  0.910000  5800.100000  -0.072000  487.300000
5616489  1.194000  10.871000  4856.300000  1.772000  2908.600000
5616628  1.040000  1.505000  5704.800000  0.339000  2186.600000
5617259  1.770000  2.550000  7410.200000  1.249000  972.100000
5617510  1.962000  3.398000  6644.800000  1.311000  830.300000
5617854  0.598000  0.589000  4183.100000  -1.012000  248.000000
5618071  1.155000  5.877000  4778.900000  1.214000  2259.500000
5621125  1.420000  1.656000  6805.700000  0.730000  803.800000
5621294  1.860000  2.327000  7734.400000  1.246000  2212.300000
5621299  1.437000  1.580000  6862.500000  0.704000  1352.300000
5621333  1.262000  1.890000  5950.400000  0.608000  2008.700000
5621586  0.996000  1.042000  5811.400000  0.051000  1456.800000
5622250  1.297000  1.551000  6364.100000  0.554000  1302.700000
5623137  0.949000  0.911000  5753.600000  -0.085000  715.800000
5623839  1.219000  1.594000  5947.300000  0.461000  936.500000
5629353  0.955000  0.928000  5780.400000  -0.056000  831.200000
5629538  1.028000  1.003000  6000.600000  0.072000  947.000000
5629985  1.141000  1.625000  5886.300000  0.461000  1304.200000
5631630  1.343000  1.385000  6782.200000  0.564000  828.000000
5632701  0.965000  0.930000  6020.500000  0.011000  664.200000
5632781  1.790000  3.889000  6283.100000  1.331000  1189.000000
5633259  1.052000  1.418000  5791.200000  0.311000  1699.900000
5636642  0.938000  0.928000  5662.800000  -0.085000  1635.800000
5636648  1.059000  1.358000  5844.300000  0.279000  1527.600000
5637036  nan  nan  nan  nan  nan
5638699  1.102000  1.166000  5958.000000  0.191000  869.200000
5640085  0.688000  0.673000  4511.400000  -0.771000  373.400000
5640511  1.723000  1.978000  7508.000000  1.051000  550.400000
5641294  nan  nan  nan  nan  nan
5642620  0.705000  0.677000  4761.000000  -0.672000  508.900000
5642688  nan  nan  nan  nan  nan
5643492  1.011000  0.994000  5911.300000  0.037000  891.300000
5644412  0.746000  0.713000  4957.500000  -0.556000  634.000000
5645170  0.898000  0.853000  5585.100000  -0.195000  910.400000
5647008  0.967000  1.108000  5656.000000  0.060000  819.100000
5647638  1.999000  4.829000  6094.600000  1.461000  2413.000000
5648449  1.031000  76.744000  3462.400000  2.892000  2108.500000
5649206  nan  nan  nan  nan  nan
5649215  1.063000  1.047000  6079.200000  0.135000  1096.200000
5649325  1.189000  2.536000  5998.300000  0.877000  1345.300000
5649833  1.368000  1.529000  6718.800000  0.635000  993.300000
5649836  nan  nan  nan  nan  nan
5649837  1.207000  1.516000  6120.900000  0.466000  1803.800000
5649956  1.050000  1.699000  5598.200000  0.412000  2008.400000
5650314  0.720000  0.713000  4488.400000  -0.731000  675.200000
5650420  1.280000  11.727000  4641.900000  1.763000  2026.000000
5650930  1.497000  2.198000  6779.500000  0.965000  895.900000
5651104  0.861000  1.039000  5248.500000  -0.128000  831.700000
5651829  0.876000  1.553000  5577.100000  0.326000  713.400000
5651846  0.944000  0.896000  5826.700000  -0.078000  1030.300000
5652237  nan  nan  nan  nan  nan
5652260  nan  nan  nan  nan  nan
5652893  nan  nan  nan  nan  nan
5652983  1.566000  3.255000  5417.100000  0.913000  726.800000
5653072  2.137000  52.493000  4171.500000  2.868000  4741.600000
5653126  1.822000  2.732000  6472.900000  1.075000  1317.000000
5653152  0.681000  0.665000  4459.300000  -0.794000  523.500000
5653163  nan  nan  nan  nan  nan
5653795  1.857000  3.265000  6378.300000  1.204000  1555.300000
5653849  nan  nan  nan  nan  nan
5683219  1.030000  1.930000  5825.100000  0.590000  904.000000
5683743  1.167000  1.248000  6225.900000  0.327000  1014.300000
5685113  1.000000  1.999000  5141.200000  0.404000  1352.400000
5686174  0.644000  0.645000  4216.700000  -0.921000  276.800000
5686974  1.165000  1.419000  6079.500000  0.399000  916.100000
5687700  1.071000  1.366000  5863.600000  0.301000  1841.500000
5687986  1.357000  2.554000  5873.700000  0.847000  1145.000000
5688683  0.713000  0.698000  4300.200000  -0.822000  189.000000
5688790  0.436000  0.441000  3776.600000  -1.448000  222.700000
5688910  0.975000  0.979000  5766.700000  -0.018000  1233.600000
5688997  1.170000  1.959000  5635.500000  0.547000  1469.200000
5689351  0.792000  0.750000  4868.000000  -0.544000  408.300000
5695396  1.027000  1.005000  5699.300000  -0.016000  228.600000
5695524  1.015000  1.148000  6094.500000  0.217000  812.900000
5695615  1.156000  1.689000  5904.000000  0.497000  2254.100000
5695904  0.518000  0.525000  3757.900000  -1.302000  226.200000
5696518  0.777000  0.798000  4761.900000  -0.529000  338.400000
5696909  0.934000  1.028000  5606.300000  -0.023000  971.400000
5696918  0.513000  0.502000  4207.400000  -1.147000  208.200000
5697395  0.765000  0.745000  4928.800000  -0.528000  506.100000
5697628  0.723000  0.723000  5038.400000  -0.516000  586.900000
5698524  1.072000  1.033000  6249.000000  0.169000  527.800000
5700330  1.315000  2.244000  5635.000000  0.664000  1205.700000
5700900  0.997000  1.398000  5656.300000  0.259000  2044.200000
5702637  1.635000  1.827000  7241.900000  0.925000  814.600000
5702770  1.092000  1.562000  5816.400000  0.404000  1643.600000
5702939  0.996000  1.455000  5630.500000  0.285000  992.800000
5705819  0.903000  0.947000  5296.400000  -0.191000  1169.700000
5706592  1.138000  1.122000  6064.600000  0.188000  1395.300000
5706595  1.025000  1.042000  5753.000000  0.033000  1162.400000
5706966  0.658000  0.656000  4355.300000  -0.854000  321.700000
5709014  1.048000  1.225000  6246.400000  0.316000  807.200000
5709103  1.051000  1.083000  6192.500000  0.193000  518.000000
5709226  nan  nan  nan  nan  nan
5709725  0.870000  0.850000  5268.300000  -0.297000  680.000000
5709889  0.613000  0.607000  4227.400000  -0.970000  257.700000
5709906  1.132000  1.462000  5737.400000  0.321000  910.400000
5710069  1.023000  1.187000  5836.500000  0.172000  1630.200000
5716244  nan  nan  nan  nan  nan
5716508  nan  nan  nan  nan  nan
5716763  1.043000  1.477000  5640.200000  0.301000  433.800000
5716932  1.456000  1.582000  6701.300000  0.660000  1052.800000
5717567  1.252000  1.535000  6076.900000  0.461000  379.100000
5725087  0.939000  26.344000  4077.700000  2.242000  1486.800000
5725851  nan  nan  nan  nan  nan
5726910  0.863000  0.813000  5487.900000  -0.263000  616.200000
5728139  1.370000  2.274000  6024.700000  0.791000  1847.000000
5728283  1.280000  1.989000  6024.400000  0.676000  2706.300000
5730380  1.264000  1.392000  6408.200000  0.473000  380.200000
5730389  nan  nan  nan  nan  nan
5730394  nan  nan  nan  nan  nan
5730445  0.741000  0.713000  4884.800000  -0.581000  563.700000
5731312  0.780000  0.874000  5186.500000  -0.300000  371.100000
5731623  1.220000  1.300000  6353.800000  0.397000  1680.500000
5732636  1.767000  3.048000  6541.900000  1.187000  396.800000
5734702  1.493000  1.929000  7141.700000  0.945000  807.900000
5735762  0.881000  0.847000  5113.800000  -0.353000  306.700000
5735878  1.427000  2.088000  6564.200000  0.852000  1062.200000
5736461  1.321000  2.374000  5885.100000  0.786000  3025.600000
5736801  1.067000  1.244000  5927.900000  0.241000  1586.100000
5737869  1.037000  1.067000  5936.800000  0.107000  901.500000
5738346  0.593000  0.597000  4104.300000  -1.044000  372.900000
5738496  1.079000  1.071000  6110.700000  0.161000  1043.100000
5738506  nan  nan  nan  nan  nan
5738634  1.194000  1.258000  6434.700000  0.389000  662.000000
5738698  1.767000  2.746000  7240.600000  1.275000  930.100000
5768816  0.872000  0.812000  5378.500000  -0.302000  547.300000
5768927  1.311000  1.354000  6468.100000  0.464000  687.500000
5769810  1.337000  1.361000  6794.500000  0.554000  860.100000
5769943  0.569000  0.576000  3992.000000  -1.120000  467.600000
5770074  1.126000  1.073000  6143.800000  0.171000  653.600000
5771589  1.238000  1.657000  6046.000000  0.496000  457.300000
5771719  nan  nan  nan  nan  nan
5773121  0.871000  0.825000  5140.100000  -0.367000  717.500000
5774349  0.747000  0.714000  4942.400000  -0.563000  559.200000
5774375  1.204000  2.871000  5089.300000  0.700000  1323.300000
5775090  0.722000  0.718000  4480.800000  -0.726000  620.400000
5775129  0.972000  1.176000  5719.200000  0.127000  1256.900000
5779606  1.559000  2.664000  6181.600000  0.971000  1844.300000
5779852  1.165000  1.521000  6218.500000  0.496000  1230.500000
5780194  0.839000  0.834000  5223.300000  -0.327000  1029.800000
5780460  nan  nan  nan  nan  nan
5780715  0.940000  1.104000  5618.000000  0.042000  1034.200000
5780855  1.305000  1.520000  6455.600000  0.558000  1148.700000
5780885  1.435000  1.994000  6164.000000  0.717000  918.200000
5780930  0.671000  0.653000  4467.500000  -0.815000  332.100000
5781192  0.968000  1.305000  5634.900000  0.192000  533.600000
5781991  0.897000  0.857000  5481.300000  -0.222000  732.900000
5783732  1.090000  1.701000  6086.500000  0.556000  954.800000
5783938  1.007000  1.084000  5829.700000  0.090000  1326.100000
5784777  0.775000  0.747000  4974.000000  -0.510000  662.800000
5784803  0.992000  0.928000  5523.600000  -0.139000  593.900000
5785279  0.838000  0.792000  5367.500000  -0.326000  766.400000
5786676  0.800000  0.785000  4965.000000  -0.469000  335.000000
5787131  1.027000  1.319000  5777.300000  0.245000  2093.600000
5790807  1.744000  2.785000  6595.800000  1.122000  404.000000
5791705  1.243000  1.555000  6183.000000  0.504000  1004.200000
5791713  1.066000  1.083000  5938.900000  0.121000  1291.300000
5791986  0.864000  0.841000  5198.800000  -0.329000  647.100000
5792202  0.848000  0.783000  5330.900000  -0.349000  1111.400000
5793275  1.030000  1.092000  5800.900000  0.088000  1021.800000
5794240  0.600000  0.620000  3895.500000  -1.097000  379.300000
5794379  0.753000  0.754000  4652.200000  -0.619000  545.000000
5794570  0.958000  0.911000  5584.400000  -0.136000  299.400000
5794687  0.812000  0.872000  4949.200000  -0.384000  694.200000
5795648  1.254000  1.592000  6169.400000  0.505000  399.900000
5796185  nan  nan  nan  nan  nan
5796186  1.009000  1.095000  6164.700000  0.196000  764.200000
5796675  0.877000  1.156000  5233.800000  -0.042000  495.900000
5801571  nan  nan  nan  nan  nan
5802205  1.054000  1.353000  5831.700000  0.282000  269.700000
5802246  1.008000  1.443000  5666.000000  0.289000  1400.000000
5802285  0.835000  0.897000  5129.700000  -0.300000  865.500000
5802292  1.050000  1.310000  5842.100000  0.256000  2120.200000
5802470  1.071000  1.229000  5741.400000  0.173000  695.400000
5802478  1.019000  1.010000  5921.000000  0.055000  815.100000
5802486  0.868000  1.015000  5348.800000  -0.115000  1229.900000
5802637  0.835000  0.860000  5188.700000  -0.312000  964.900000
5806800  1.008000  1.077000  5767.700000  0.065000  761.800000
5807579  1.171000  1.504000  5990.100000  0.419000  832.900000
5807616  nan  nan  nan  nan  nan
5807769  1.056000  1.167000  5928.400000  0.183000  1047.700000
5809372  1.192000  1.364000  6205.800000  0.399000  691.300000
5809890  0.794000  0.773000  4897.000000  -0.507000  398.600000
5809954  0.623000  0.643000  4059.000000  -0.995000  209.300000
5812648  1.394000  2.640000  6875.900000  1.151000  1343.300000
5812701  1.437000  1.491000  6943.400000  0.668000  398.900000
5812960  0.794000  0.750000  5241.800000  -0.416000  617.800000
5814013  1.177000  2.091000  5659.100000  0.602000  2708.800000
5814635  1.671000  1.672000  7867.200000  0.987000  633.900000
5816144  1.132000  1.129000  6251.300000  0.244000  883.000000
5816165  0.855000  0.914000  5292.400000  -0.224000  941.300000
5816806  nan  nan  nan  nan  nan
5816811  1.240000  1.482000  6254.400000  0.482000  1513.700000
5817533  1.032000  1.609000  5624.500000  0.370000  1675.300000
5817553  1.322000  1.514000  6527.400000  0.579000  1216.400000
5817566  nan  nan  nan  nan  nan
5817613  1.140000  1.936000  5668.900000  0.551000  2623.600000
5817685  1.165000  1.591000  5951.800000  0.461000  1404.800000
5817712  0.939000  1.233000  5569.300000  0.124000  1304.800000
5817957  nan  nan  nan  nan  nan
5817986  1.142000  1.329000  6086.800000  0.345000  1708.100000
5818068  1.135000  1.516000  5935.400000  0.411000  2154.000000
5819801  1.222000  1.950000  5630.400000  0.539000  574.500000
5820218  0.619000  0.617000  4190.000000  -0.972000  324.100000
5823557  1.360000  1.434000  7009.900000  0.654000  1094.200000
5856571  0.912000  0.846000  5447.100000  -0.244000  342.100000
5857540  0.766000  0.750000  4857.300000  -0.547000  686.100000
5857656  1.004000  1.050000  5914.500000  0.085000  460.500000
5858519  1.033000  1.925000  6169.200000  0.688000  1960.700000
5858919  0.990000  127.217000  3816.200000  3.495000  9392.700000
5859725  1.224000  1.426000  5878.500000  0.341000  635.600000
5860347  0.803000  0.822000  5209.500000  -0.347000  335.100000
5860968  1.061000  1.278000  5895.300000  0.252000  1318.400000
5864975  1.078000  1.419000  5850.500000  0.330000  2089.500000
5865654  nan  nan  nan  nan  nan
5866099  0.970000  0.895000  5593.900000  -0.149000  467.900000
5866104  nan  nan  nan  nan  nan
5866724  1.256000  1.446000  6166.500000  0.439000  302.800000
5868793  0.182000  0.217000  3233.300000  -2.334000  78.800000
5869272  1.102000  1.397000  5925.000000  0.339000  2318.600000
5871116  0.746000  0.713000  4961.500000  -0.554000  650.200000
5871918  0.691000  0.689000  4290.200000  -0.840000  465.200000
5871985  0.711000  0.698000  4535.800000  -0.729000  472.700000
5872139  0.984000  0.973000  5838.500000  -0.001000  1631.800000
5872150  0.984000  1.184000  5728.100000  0.136000  1061.200000
5876360  nan  nan  nan  nan  nan
5876368  0.981000  0.982000  5785.200000  -0.009000  948.300000
5876805  1.187000  2.263000  5458.300000  0.617000  3275.200000
5877292  1.057000  1.099000  5984.900000  0.147000  1293.200000
5878506  0.643000  0.633000  4242.100000  -0.924000  395.800000
5879448  1.069000  1.905000  5939.800000  0.615000  956.900000
5880320  1.195000  1.560000  6266.000000  0.532000  1487.700000
5881120  1.273000  1.599000  6002.300000  0.475000  1000.900000
5881307  0.985000  0.934000  6135.100000  0.049000  1612.200000
5881688  1.055000  1.216000  5723.400000  0.159000  1399.500000
5881813  0.867000  0.913000  5398.800000  -0.193000  924.000000
5887316  1.085000  1.228000  6004.600000  0.250000  892.900000
5887393  2.176000  2.839000  7536.600000  1.371000  1023.800000
5888187  0.852000  0.817000  5097.900000  -0.390000  380.300000
5893123  1.246000  1.367000  6602.700000  0.508000  989.500000
5894073  1.053000  1.035000  5966.100000  0.089000  705.500000
5894182  1.950000  3.555000  6613.200000  1.340000  1138.000000
5894825  1.830000  2.676000  6833.300000  1.151000  1531.800000
5894972  1.614000  2.607000  6465.800000  1.032000  1423.500000
5895083  2.045000  1.474000  10892.600000  1.444000  1397.200000
5895158  0.895000  0.850000  5554.300000  -0.207000  801.100000
5895588  1.022000  1.008000  5967.700000  0.065000  1437.300000
5897826  1.439000  1.915000  6332.300000  0.729000  922.400000
5898983  1.062000  1.055000  5825.200000  0.062000  497.700000
5899544  1.069000  1.519000  5770.900000  0.368000  1976.200000
5900235  1.207000  1.213000  6430.300000  0.357000  1038.100000
5900390  1.877000  1.492000  9697.600000  1.251000  1229.700000
5903301  1.342000  2.124000  6094.800000  0.752000  2418.400000
5903312  0.983000  0.938000  5930.300000  -0.006000  335.300000
5903749  nan  nan  nan  nan  nan
5905728  0.937000  1.170000  5374.300000  0.016000  203.100000
5905822  1.153000  1.474000  5959.400000  0.395000  259.200000
5906426  nan  nan  nan  nan  nan
5906694  0.715000  0.697000  4616.900000  -0.699000  420.900000
5908086  1.742000  2.432000  7454.100000  1.218000  754.100000
5938970  0.650000  0.645000  4444.400000  -0.834000  243.400000
5940165  0.724000  0.712000  4594.100000  -0.690000  395.900000
5941160  1.023000  0.973000  6058.500000  0.062000  667.900000
5942093  0.980000  1.487000  5553.000000  0.281000  1577.200000
5942112  1.139000  3.060000  4946.600000  0.707000  2481.000000
5942808  0.773000  0.768000  4846.000000  -0.531000  719.500000
5942949  0.710000  0.691000  4617.100000  -0.705000  633.100000
5946568  0.860000  0.821000  5323.300000  -0.310000  308.700000
5949765  1.280000  1.263000  6760.100000  0.479000  483.000000
5951140  0.638000  0.666000  4063.900000  -0.964000  181.600000
5951416  1.024000  1.230000  5822.000000  0.198000  1269.100000
5951458  1.256000  1.782000  6137.900000  0.611000  739.300000
5952309  1.056000  1.335000  5849.100000  0.277000  1391.700000
5952366  nan  nan  nan  nan  nan
5952403  1.578000  12.546000  4666.600000  1.833000  235.200000
5952448  0.860000  0.812000  5457.900000  -0.277000  931.500000
5952457  0.955000  2.357000  4901.500000  0.465000  1946.300000
5953297  0.773000  0.771000  4761.700000  -0.558000  336.300000
5954001  1.226000  1.626000  5946.400000  0.473000  1037.100000
5954894  0.903000  0.868000  5355.300000  -0.251000  259.800000
5955197  0.822000  0.829000  5154.400000  -0.358000  955.900000
5955321  1.313000  1.805000  6205.500000  0.642000  2575.800000
5955427  0.730000  0.723000  4577.700000  -0.682000  557.900000
5955621  1.066000  1.013000  5864.600000  0.041000  452.500000
5956038  1.262000  10.943000  4912.000000  1.799000  4715.300000
5956171  1.231000  1.711000  6039.100000  0.547000  1686.300000
5956342  0.972000  0.966000  5890.800000  0.009000  1279.900000
5956354  1.078000  1.298000  5925.400000  0.276000  1492.200000
5956633  0.875000  0.950000  5387.700000  -0.160000  1128.400000
5956656  0.984000  1.494000  5310.800000  0.208000  1587.700000
5956776  nan  nan  nan  nan  nan
5956787  1.837000  11.549000  5101.000000  1.913000  2544.200000
5956977  1.432000  9.048000  4871.600000  1.620000  1923.500000
5957181  nan  nan  nan  nan  nan
5959719  0.792000  0.815000  5101.500000  -0.390000  433.200000
5959753  0.778000  0.785000  4934.800000  -0.480000  600.500000
5961350  1.399000  1.592000  6878.500000  0.711000  1157.500000
5962262  0.743000  0.725000  4931.100000  -0.552000  485.100000
5962509  0.885000  1.241000  5339.700000  0.058000  1347.200000
5962514  1.566000  2.351000  6555.000000  0.967000  2958.400000
5962716  nan  nan  nan  nan  nan
5963222  nan  nan  nan  nan  nan
5963582  1.176000  2.210000  5347.700000  0.560000  781.300000
5963591  nan  nan  nan  nan  nan
5964985  1.835000  3.089000  6747.800000  1.253000  2124.000000
5965629  0.911000  0.931000  5539.000000  -0.130000  1126.800000
5965819  1.270000  1.723000  5960.400000  0.530000  1870.100000
5966154  1.162000  1.244000  6235.300000  0.327000  633.200000
5966322  0.870000  1.003000  5583.700000  -0.053000  289.000000
5966660  1.248000  1.320000  6681.400000  0.498000  887.600000
5966732  1.575000  2.508000  6386.200000  0.979000  3765.200000
5966810  1.318000  1.937000  6140.600000  0.681000  2292.400000
5967194  1.408000  5.086000  4746.800000  1.076000  1064.100000
5972334  0.965000  0.912000  5678.600000  -0.104000  871.500000
5977470  0.778000  0.734000  5281.500000  -0.423000  972.000000
5977541  1.618000  2.180000  6852.000000  0.978000  810.800000
5977804  1.212000  1.605000  6050.900000  0.497000  1444.400000
5978170  nan  nan  nan  nan  nan
5978361  0.902000  0.864000  5564.100000  -0.189000  774.800000
5978559  1.010000  0.946000  6393.800000  0.130000  1028.800000
5979863  0.995000  0.970000  5866.100000  -0.004000  1100.200000
5980061  0.798000  0.755000  5251.500000  -0.405000  803.100000
5980208  0.629000  0.614000  4255.000000  -0.946000  318.900000
5980354  nan  nan  nan  nan  nan
5980783  1.087000  1.134000  6059.100000  0.195000  1378.300000
5980800  1.136000  1.711000  5838.300000  0.493000  1503.300000
5981058  0.938000  1.259000  5792.700000  0.210000  1199.900000
5982353  1.678000  2.548000  6632.300000  1.055000  545.800000
5982368  1.185000  1.658000  5968.100000  0.497000  1087.800000
5983348  1.389000  1.421000  7026.400000  0.659000  1611.300000
5983532  0.709000  0.701000  4460.100000  -0.754000  422.400000
5985713  1.158000  1.117000  6610.000000  0.332000  410.100000
5986209  0.955000  1.153000  5650.700000  0.091000  1068.300000
5986270  1.899000  12.058000  4844.200000  1.860000  2010.900000
5988031  0.902000  0.968000  5492.400000  -0.111000  820.000000
5989391  1.704000  2.619000  6799.400000  1.123000  567.600000
5990753  2.208000  9.243000  4945.300000  1.668000  958.900000
5991070  1.142000  1.318000  5982.700000  0.305000  599.600000
5991765  1.311000  1.593000  6463.200000  0.604000  905.800000
5991936  2.870000  2.229000  11900.100000  1.950000  2671.300000
5992210  1.004000  0.937000  6440.600000  0.136000  704.800000
5992270  0.677000  0.665000  4371.100000  -0.836000  335.900000
6019872  1.208000  2.634000  5224.800000  0.674000  1450.600000
6019971  0.810000  0.817000  5044.700000  -0.404000  640.500000
6020753  0.706000  0.681000  4883.800000  -0.622000  285.100000
6021193  1.268000  1.587000  5804.200000  0.414000  759.900000
6021275  0.963000  1.005000  5940.000000  0.060000  272.400000
6021655  1.196000  2.296000  5453.600000  0.628000  2785.400000
6021840  1.012000  1.193000  5805.600000  0.167000  1508.600000
6022556  0.952000  1.034000  5674.600000  0.003000  1264.200000
6023571  1.442000  6.256000  4745.900000  1.255000  2134.900000
6023859  0.655000  0.676000  4193.500000  -0.897000  376.800000
6025124  1.108000  1.368000  5964.000000  0.331000  1184.400000
6025174  1.136000  1.301000  6088.600000  0.325000  1377.000000
6026438  0.702000  0.683000  4590.800000  -0.727000  555.000000
6026737  1.252000  1.320000  6325.700000  0.403000  730.300000
6026924  1.599000  2.448000  6374.300000  0.953000  996.400000
6028860  1.025000  1.362000  5755.600000  0.266000  1035.700000
6029130  0.924000  1.319000  5483.300000  0.155000  1154.300000
6029239  0.929000  0.923000  5761.200000  -0.071000  337.500000
6032318  0.832000  0.881000  5168.500000  -0.299000  1242.000000
6032497  1.066000  1.570000  5749.100000  0.388000  1954.500000
6032517  1.080000  1.322000  5916.100000  0.290000  1232.200000
6032730  1.614000  1.866000  7334.800000  0.961000  181.500000
6032920  1.003000  1.404000  5534.000000  0.225000  713.200000
6032981  0.786000  8.243000  5349.200000  1.704000  1700.200000
6033602  0.963000  1.318000  5606.800000  0.193000  1540.300000
6034379  nan  nan  nan  nan  nan
6034834  0.876000  0.829000  5486.300000  -0.251000  508.300000
6034945  0.920000  0.955000  5555.700000  -0.104000  828.100000
6035124  0.896000  0.843000  5285.700000  -0.299000  421.100000
6035335  1.385000  1.516000  7205.200000  0.751000  568.500000
6036286  0.426000  0.436000  3626.600000  -1.524000  149.700000
6037187  1.142000  1.809000  5798.200000  0.526000  1542.400000
6037581  1.280000  1.611000  6023.800000  0.493000  965.200000
6038152  1.231000  1.523000  6187.500000  0.492000  1442.500000
6041511  1.838000  2.432000  6976.100000  1.104000  1870.600000
6041734  0.996000  0.961000  5742.100000  -0.042000  1195.700000
6042031  nan  nan  nan  nan  nan
6042116  2.151000  2.874000  7572.200000  1.391000  1411.200000
6042214  1.127000  1.745000  6415.000000  0.670000  1456.400000
6042663  0.880000  0.951000  5408.900000  -0.153000  1077.800000
6043490  1.034000  3.431000  5122.600000  0.867000  1294.000000
6043538  1.266000  2.312000  6061.600000  0.818000  2492.200000
6043562  0.708000  0.681000  4962.700000  -0.595000  763.600000
6043574  nan  nan  nan  nan  nan
6044064  1.274000  4.138000  4934.700000  0.965000  3049.800000
6044553  0.822000  0.803000  5157.800000  -0.383000  818.700000
6045093  0.898000  0.875000  5348.300000  -0.246000  780.200000
6045250  1.078000  1.187000  5998.500000  0.219000  1333.400000
6045404  1.036000  1.443000  5743.700000  0.300000  2098.500000
6046311  nan  nan  nan  nan  nan
6046540  1.250000  1.317000  6072.700000  0.328000  1167.100000
6047072  nan  nan  nan  nan  nan
6047498  0.867000  0.953000  5282.200000  -0.193000  1002.800000
6047853  1.486000  2.735000  6113.600000  0.980000  1791.800000
6048024  1.519000  1.874000  6327.900000  0.708000  891.200000
6048106  1.395000  2.110000  6165.900000  0.766000  1618.100000
6048255  1.492000  1.675000  7084.300000  0.806000  1408.700000
6049190  1.201000  1.372000  6188.100000  0.400000  1521.400000
6049470  0.637000  0.665000  4051.400000  -0.970000  25.300000
6056992  nan  nan  nan  nan  nan
6057684  0.981000  0.963000  5808.100000  -0.021000  805.500000
6057750  1.793000  2.051000  7316.500000  1.038000  1625.000000
6058614  1.171000  1.379000  6130.400000  0.388000  1779.000000
6058816  1.459000  2.049000  6190.600000  0.743000  1087.100000
6058875  0.973000  2.144000  5005.000000  0.418000  2179.400000
6058896  1.199000  1.908000  5910.100000  0.602000  1745.200000
6060203  1.030000  1.207000  5760.300000  0.163000  1058.000000
6060580  1.091000  1.778000  5675.300000  0.475000  843.700000
6061119  1.119000  1.716000  5795.200000  0.480000  2006.400000
6061773  0.807000  0.783000  4941.300000  -0.481000  264.000000
6062088  1.078000  1.032000  6101.700000  0.127000  706.200000
6062298  nan  nan  nan  nan  nan
6062929  0.846000  0.841000  5254.700000  -0.310000  894.200000
6063220  0.782000  0.754000  4684.200000  -0.607000  208.300000
6063448  1.698000  2.170000  7170.600000  1.057000  1538.400000
6065010  1.364000  1.544000  6674.900000  0.633000  758.100000
6065351  1.968000  2.184000  7901.300000  1.226000  1442.800000
6066107  2.346000  2.443000  9779.600000  1.710000  1056.600000
6066379  1.227000  1.365000  6302.300000  0.431000  1775.600000
6066403  1.346000  1.663000  6483.000000  0.646000  960.100000
6066416  1.501000  2.204000  7012.000000  1.026000  648.100000
6067545  1.045000  1.040000  6202.000000  0.160000  519.100000
6068947  1.206000  1.417000  5822.200000  0.321000  684.300000
6069674  1.371000  2.541000  6412.700000  0.992000  1620.300000
6070337  1.345000  2.277000  6024.700000  0.793000  2899.200000
6071903  0.841000  0.804000  5030.400000  -0.426000  246.800000
6072593  1.233000  1.696000  6030.400000  0.537000  1241.900000
6103049  1.295000  2.408000  5765.900000  0.765000  2507.700000
6103377  1.118000  1.237000  6115.500000  0.289000  1382.600000
6105359  0.866000  0.879000  5333.600000  -0.247000  619.400000
6105462  nan  nan  nan  nan  nan
6106046  0.869000  0.820000  5517.900000  -0.249000  934.600000
6106282  0.621000  0.626000  4170.700000  -0.970000  286.800000
6109688  1.647000  2.082000  7113.000000  0.999000  890.900000
6111011  0.971000  1.247000  5662.700000  0.162000  1551.500000
6113752  1.027000  1.169000  5865.400000  0.166000  571.500000
6114140  1.093000  1.175000  6050.500000  0.225000  1647.100000
6115356  1.208000  2.275000  5533.100000  0.644000  2592.200000
6115516  1.081000  1.394000  5873.400000  0.322000  1735.400000
6116035  1.104000  1.862000  5763.600000  0.539000  1018.600000
6116172  1.893000  2.577000  7579.900000  1.300000  2919.500000
6116605  nan  nan  nan  nan  nan
6117415  1.340000  1.819000  6397.300000  0.701000  323.100000
6118370  1.083000  1.606000  5767.200000  0.414000  2294.500000
6118840  0.782000  0.738000  5229.300000  -0.432000  816.600000
6119141  nan  nan  nan  nan  nan
6119605  1.441000  3.129000  5362.800000  0.862000  1982.700000
6119877  0.713000  0.693000  4663.600000  -0.686000  732.400000
6119921  1.209000  2.115000  5750.500000  0.648000  2129.400000
6119923  0.761000  0.750000  4798.700000  -0.568000  546.400000
6124137  1.180000  1.986000  6183.100000  0.719000  1412.500000
6124512  1.096000  2.058000  5236.300000  0.454000  1541.300000
6124941  0.325000  0.339000  3757.900000  -1.685000  61.900000
6125481  1.163000  1.257000  6257.600000  0.341000  784.200000
6126076  1.186000  1.254000  6294.700000  0.350000  581.600000
6128027  0.886000  1.556000  5099.500000  0.166000  1708.100000
6128141  1.414000  2.194000  6164.200000  0.805000  1818.700000
6128245  0.953000  0.924000  5734.700000  -0.077000  909.300000
6129524  0.820000  0.826000  5108.400000  -0.377000  959.300000
6129632  1.597000  7.185000  4938.700000  1.446000  1118.700000
6129694  1.572000  1.838000  7212.100000  0.917000  1327.200000
6131130  0.784000  0.760000  5159.500000  -0.431000  838.300000
6131236  1.018000  1.108000  5949.000000  0.145000  1466.800000
6131659  nan  nan  nan  nan  nan
6137681  1.293000  2.638000  5368.900000  0.721000  2687.600000
6137704  0.851000  0.993000  5242.100000  -0.171000  548.400000
6137779  1.202000  2.016000  6400.400000  0.793000  1188.800000
6139220  1.075000  1.696000  5981.500000  0.524000  1902.000000
6140059  1.528000  2.347000  6077.800000  0.834000  1375.900000
6142862  0.687000  0.670000  4485.800000  -0.784000  365.000000
6143819  nan  nan  nan  nan  nan
6144039  1.024000  0.954000  5759.300000  -0.043000  800.300000
6145201  1.443000  1.783000  6742.500000  0.777000  934.700000
6145939  nan  nan  nan  nan  nan
6146418  1.246000  1.719000  5925.600000  0.518000  481.400000
6146838  1.131000  1.349000  5906.000000  0.302000  599.100000
6147122  1.697000  1.547000  8370.300000  1.027000  663.900000
6147573  nan  nan  nan  nan  nan
6147851  1.005000  0.968000  5961.400000  0.026000  775.300000
6148271  1.283000  1.256000  6852.000000  0.501000  1008.700000
6149553  0.481000  0.485000  3786.900000  -1.360000  224.700000
6149910  nan  nan  nan  nan  nan
6149980  1.264000  1.247000  6620.700000  0.430000  978.900000
6150977  0.875000  0.819000  5749.900000  -0.175000  1072.400000
6152521  1.623000  2.119000  7122.400000  1.021000  1006.000000
6152974  0.849000  0.814000  5129.100000  -0.382000  574.900000
6153201  1.578000  2.322000  6634.900000  0.980000  3316.200000
6153407  nan  nan  nan  nan  nan
6153672  1.016000  1.261000  5782.400000  0.208000  1460.800000
6182019  nan  nan  nan  nan  nan
6182093  1.707000  2.914000  6574.900000  1.158000  352.800000
6182508  0.578000  0.584000  4019.300000  -1.095000  338.400000
6182846  1.091000  1.316000  6271.900000  0.386000  1402.800000
6182849  1.233000  1.414000  6311.700000  0.460000  930.700000
6183511  0.596000  0.614000  3879.400000  -1.112000  251.000000
6184894  0.917000  0.877000  5357.300000  -0.241000  317.700000
6185331  0.980000  1.747000  5314.200000  0.345000  2250.800000
6185476  nan  nan  nan  nan  nan
6185496  0.754000  0.737000  4809.800000  -0.579000  699.500000
6185711  1.030000  1.201000  5859.000000  0.188000  674.800000
6185717  1.093000  1.154000  6064.400000  0.212000  635.300000
6186182  0.874000  0.926000  5380.500000  -0.184000  1152.000000
6186964  0.645000  0.655000  4196.600000  -0.921000  447.100000
6187341  nan  nan  nan  nan  nan
6187508  0.851000  0.887000  5271.100000  -0.258000  839.500000
6187888  0.729000  0.713000  4656.800000  -0.665000  536.500000
6190535  0.878000  1.151000  5339.200000  -0.008000  1262.700000
6191521  1.086000  1.316000  5731.200000  0.229000  1476.400000
6191945  0.893000  1.048000  5260.900000  -0.116000  549.200000
6195669  0.941000  1.351000  5522.500000  0.188000  1368.300000
6195792  nan  nan  nan  nan  nan
6196457  1.124000  1.840000  5508.600000  0.451000  476.700000
6197038  1.022000  4.709000  4728.800000  1.003000  1473.500000
6197215  1.185000  1.424000  6112.100000  0.409000  624.000000
6197344  nan  nan  nan  nan  nan
6197658  1.131000  1.605000  5895.800000  0.451000  1620.700000
6198182  0.935000  1.019000  5531.200000  -0.055000  298.100000
6198256  1.315000  1.400000  6807.400000  0.582000  923.200000
6198670  0.918000  1.063000  5552.600000  -0.011000  1071.600000
6198999  0.707000  0.691000  4553.900000  -0.730000  507.900000
6199056  1.178000  1.584000  6299.500000  0.553000  1027.900000
6199702  0.950000  0.995000  5660.300000  -0.035000  913.200000
6199716  1.241000  2.045000  5895.000000  0.661000  3223.500000
6199864  0.641000  0.646000  4197.100000  -0.931000  446.300000
6200235  0.799000  0.768000  5098.300000  -0.441000  700.800000
6200529  0.640000  0.638000  4223.400000  -0.932000  469.400000
6200612  0.976000  0.982000  5765.900000  -0.015000  1035.100000
6200709  nan  nan  nan  nan  nan
6200715  1.206000  1.205000  6464.400000  0.362000  1514.900000
6200810  1.340000  1.768000  6339.900000  0.661000  2546.100000
6201203  0.969000  1.092000  5709.900000  0.061000  1525.500000
6203955  1.014000  1.002000  5908.800000  0.045000  947.800000
6205228  1.122000  1.269000  5919.000000  0.254000  1208.900000
6205384  0.924000  1.034000  6017.400000  0.103000  720.900000
6205405  nan  nan  nan  nan  nan
6205460  0.917000  3.581000  4822.300000  0.799000  795.200000
6205468  1.013000  1.135000  5829.700000  0.131000  1508.800000
6205481  0.786000  0.758000  5044.800000  -0.473000  857.900000
6205566  1.130000  1.571000  5896.100000  0.432000  1854.900000
6205897  nan  nan  nan  nan  nan
6206214  1.508000  2.280000  6234.000000  0.853000  1473.900000
6206470  0.989000  1.065000  5771.300000  0.057000  618.900000
6206559  1.445000  2.678000  5859.600000  0.889000  749.500000
6206751  1.481000  1.813000  6827.200000  0.810000  685.400000
6207053  0.728000  0.710000  4689.300000  -0.658000  628.500000
6209225  1.225000  2.209000  6573.100000  0.918000  1827.600000
6209347  0.902000  1.365000  5366.500000  0.148000  1349.800000
6209637  1.674000  2.600000  6623.100000  1.071000  1591.300000
6209677  0.975000  0.934000  5580.700000  -0.116000  868.300000
6209798  0.977000  0.929000  5932.700000  -0.015000  469.100000
6211812  0.830000  0.839000  5167.900000  -0.342000  915.000000
6220312  1.100000  1.766000  5711.800000  0.479000  1989.400000
6220470  1.949000  2.415000  7248.000000  1.165000  2236.700000
6221385  1.053000  1.098000  5971.700000  0.141000  856.900000
6222898  1.067000  1.536000  5754.800000  0.375000  1548.000000
6223324  1.191000  1.303000  6215.700000  0.364000  1675.200000
6226290  0.952000  0.907000  5816.200000  -0.071000  1191.200000
6226908  0.906000  0.874000  5549.100000  -0.179000  926.500000
6227560  0.813000  0.877000  4901.800000  -0.397000  790.600000
6228703  1.885000  2.578000  6988.500000  1.158000  1119.300000
6230649  1.214000  1.366000  6469.200000  0.472000  416.300000
6231401  1.478000  1.945000  6693.000000  0.840000  2044.100000
6231721  0.922000  0.871000  5815.700000  -0.097000  1039.100000
6233466  nan  nan  nan  nan  nan
6233483  1.071000  1.033000  6222.300000  0.160000  712.800000
6233573  1.407000  2.554000  6045.100000  0.898000  1395.200000
6233890  1.343000  2.447000  5973.500000  0.838000  1057.700000
6233903  1.251000  1.744000  6093.800000  0.579000  3465.600000
6263468  1.418000  4.869000  4979.300000  1.121000  3857.000000
6263593  nan  nan  nan  nan  nan
6264750  1.363000  1.995000  6284.500000  0.751000  1455.500000
6265665  0.831000  0.793000  4991.600000  -0.452000  310.200000
6265792  1.160000  1.280000  5945.200000  0.270000  749.700000
6265961  1.086000  1.053000  5807.300000  0.057000  614.900000
6266741  1.040000  1.001000  5563.300000  -0.061000  735.600000
6266866  0.991000  1.086000  5627.000000  0.030000  178.500000
6267425  0.773000  0.766000  4860.400000  -0.529000  869.900000
6267535  1.091000  2.207000  5271.500000  0.533000  988.100000
6268648  0.912000  0.941000  5907.300000  -0.011000  237.800000
6268722  1.007000  1.185000  6456.700000  0.345000  494.400000
6269070  1.204000  1.238000  6327.900000  0.350000  700.700000
6272413  0.803000  0.791000  5039.100000  -0.437000  726.100000
6276477  0.878000  0.871000  5391.500000  -0.236000  772.300000
6276791  0.919000  1.085000  5550.600000  0.006000  1303.100000
6276994  1.048000  1.571000  5706.500000  0.375000  1252.900000
6277410  0.889000  0.904000  5434.300000  -0.189000  1029.700000
6277594  1.328000  2.200000  6137.800000  0.792000  1192.800000
6278670  1.300000  3.745000  4820.300000  0.835000  1457.200000
6278762  0.754000  0.814000  4993.400000  -0.429000  36.000000
6279823  nan  nan  nan  nan  nan
6279974  1.025000  1.253000  5860.200000  0.225000  826.200000
6281127  1.195000  1.660000  5977.900000  0.503000  1458.800000
6283224  0.883000  1.300000  5238.800000  0.065000  1337.600000
6285094  1.166000  1.956000  5763.300000  0.584000  1974.300000
6285396  1.125000  1.446000  5953.700000  0.376000  2282.000000
6285397  0.628000  0.606000  4557.300000  -0.843000  648.500000
6285906  0.893000  1.218000  5408.200000  0.062000  1273.800000
6286155  1.322000  6.500000  4872.500000  1.333000  2623.200000
6286161  nan  nan  nan  nan  nan
6286633  2.260000  10.218000  4969.500000  1.762000  1039.500000
6287131  0.867000  0.983000  5356.800000  -0.140000  1064.700000
6287313  1.081000  1.240000  5922.600000  0.236000  1631.400000
6289257  1.169000  1.583000  6062.300000  0.488000  707.700000
6289344  0.817000  0.818000  5099.300000  -0.387000  818.100000
6289459  nan  nan  nan  nan  nan
6289650  1.001000  1.238000  5968.400000  0.246000  932.100000
6289897  1.266000  1.485000  6434.500000  0.537000  911.100000
6290382  1.182000  1.142000  6722.600000  0.384000  711.300000
6290467  1.215000  1.522000  6140.700000  0.474000  1869.400000
6290935  1.126000  1.474000  6076.900000  0.426000  973.900000
6291033  1.277000  2.184000  5727.800000  0.670000  2039.200000
6291653  0.959000  0.944000  5422.300000  -0.156000  989.700000
6291837  1.236000  1.402000  6276.700000  0.445000  519.000000
6292162  0.987000  0.990000  5815.200000  0.007000  1316.600000
6292732  1.214000  1.536000  5813.700000  0.388000  991.400000
6294819  1.007000  1.004000  5909.700000  0.048000  1660.800000
6300348  nan  nan  nan  nan  nan
6301030  nan  nan  nan  nan  nan
6301035  nan  nan  nan  nan  nan
6305192  1.152000  1.496000  5958.400000  0.422000  1024.400000
6307000  0.789000  0.798000  4917.300000  -0.474000  786.700000
6307062  0.876000  0.971000  5394.500000  -0.140000  810.600000
6307063  1.168000  1.866000  5858.900000  0.571000  1021.100000
6307083  0.799000  0.775000  4983.700000  -0.475000  178.000000
6307243  2.185000  2.186000  9187.800000  1.494000  776.700000
6307521  0.879000  0.875000  5333.700000  -0.252000  845.200000
6307537  1.510000  4.493000  4981.800000  1.055000  870.500000
6309264  0.861000  0.848000  5393.800000  -0.258000  781.600000
6309307  2.061000  9.571000  4958.500000  1.700000  1805.800000
6309763  1.292000  1.289000  6723.600000  0.488000  1046.000000
6310636  1.248000  1.607000  5946.600000  0.466000  1300.700000
6311520  1.535000  2.146000  6691.500000  0.922000  1611.000000
6311637  1.533000  2.347000  6163.400000  0.857000  1086.100000
6311681  0.990000  0.992000  5816.300000  0.009000  1124.000000
6311891  0.952000  0.923000  5517.700000  -0.146000  858.600000
6312171  0.988000  1.041000  5782.100000  0.040000  1068.100000
6312314  1.054000  1.231000  5906.800000  0.224000  879.600000
6312521  0.677000  0.661000  4483.100000  -0.799000  1005.300000
6312534  0.782000  0.770000  4928.300000  -0.502000  744.900000
6314173  nan  nan  nan  nan  nan
6314185  1.025000  1.053000  5926.800000  0.093000  1010.900000
6342333  0.859000  0.809000  5643.800000  -0.222000  614.200000
6342980  1.125000  1.455000  5919.800000  0.372000  798.300000
6343170  1.065000  1.029000  6269.500000  0.171000  1413.100000
6343576  1.020000  3.446000  4990.500000  0.824000  1259.200000
6345732  1.311000  1.487000  6229.400000  0.480000  999.000000
6345758  1.009000  1.639000  5532.500000  0.359000  1543.600000
6346809  0.821000  0.802000  5488.800000  -0.278000  730.900000
6346894  0.985000  1.042000  5654.400000  0.002000  330.900000
6347299  1.029000  0.992000  5902.900000  0.033000  687.500000
6347434  0.612000  0.626000  4064.400000  -1.015000  392.200000
6347890  0.952000  0.968000  5713.300000  -0.040000  1130.600000
6349881  0.732000  0.754000  5237.100000  -0.412000  925.800000
6350031  1.300000  1.503000  6172.600000  0.475000  1298.500000
6350476  0.839000  0.812000  5241.300000  -0.346000  465.600000
6350522  0.822000  0.902000  4846.400000  -0.392000  525.500000
6350882  0.982000  1.033000  5766.600000  0.030000  1503.400000
6351097  0.852000  0.822000  5728.400000  -0.183000  660.900000
6356207  0.771000  0.767000  4827.900000  -0.538000  705.600000
6356400  0.673000  0.660000  4364.900000  -0.845000  486.100000
6356506  1.144000  1.430000  6012.500000  0.386000  1710.700000
6356692  1.050000  1.596000  5699.400000  0.386000  401.300000
6356885  0.980000  1.071000  5750.900000  0.056000  1275.700000
6357290  0.911000  0.916000  5532.800000  -0.147000  1225.700000
6358937  1.159000  2.105000  5208.700000  0.472000  1318.400000
6359175  0.917000  1.257000  5428.100000  0.101000  1391.400000
6359320  0.998000  1.674000  5451.600000  0.352000  2185.300000
6359798  1.013000  1.574000  5605.500000  0.346000  623.000000
6359802  0.672000  0.667000  4270.200000  -0.870000  345.000000
6359820  0.936000  0.954000  5616.900000  -0.085000  995.600000
6359881  0.964000  1.285000  5625.900000  0.177000  1499.000000
6359926  1.050000  1.580000  5703.900000  0.379000  1557.900000
6359929  0.829000  0.774000  5352.900000  -0.351000  841.100000
6362386  1.432000  1.774000  7052.200000  0.852000  1018.800000
6362874  0.840000  0.843000  5264.500000  -0.305000  397.900000
6363494  2.182000  2.597000  8628.500000  1.533000  4429.100000
6363560  1.408000  2.423000  6115.300000  0.870000  1463.300000
6364064  0.926000  1.333000  5480.400000  0.163000  1336.000000
6364067  1.064000  1.355000  5692.400000  0.243000  1786.400000
6364126  0.939000  1.662000  5261.400000  0.285000  1239.600000
6364143  0.934000  1.114000  5597.200000  0.044000  919.500000
6364162  1.025000  1.331000  5771.600000  0.251000  1437.400000
6364195  0.752000  0.737000  4782.900000  -0.590000  811.600000
6364200  1.184000  1.548000  6039.000000  0.460000  2548.500000
6364215  1.120000  1.104000  5787.600000  0.094000  1572.000000
6364247  1.333000  1.809000  5829.700000  0.534000  1067.700000
6364276  0.632000  0.645000  4156.300000  -0.954000  339.900000
6364294  1.220000  1.353000  6303.300000  0.416000  2050.200000
6364307  0.922000  1.125000  5550.700000  0.038000  1569.000000
6364327  1.222000  2.094000  5832.900000  0.663000  1791.400000
6364582  0.859000  1.192000  5656.100000  0.120000  492.800000
6365156  1.212000  1.579000  6088.300000  0.495000  845.300000
6365321  0.964000  1.073000  5698.300000  0.042000  1232.700000
6366559  1.383000  3.160000  5167.400000  0.810000  935.000000
6367439  1.231000  4.420000  4969.400000  1.033000  1713.000000
6367628  1.949000  4.645000  5604.100000  1.288000  1788.100000
6367663  1.267000  1.734000  6098.800000  0.577000  1618.300000
6368175  1.020000  1.235000  6363.700000  0.356000  883.000000
6368222  nan  nan  nan  nan  nan
6368230  1.104000  1.380000  5941.900000  0.333000  1813.500000
6368905  0.814000  0.818000  5086.400000  -0.392000  957.500000
6369131  1.193000  1.809000  5837.700000  0.536000  1679.600000
6369548  1.432000  6.525000  4710.000000  1.278000  1398.600000
6369845  1.673000  9.961000  4811.000000  1.684000  3235.300000
6370120  0.648000  0.632000  4365.200000  -0.882000  454.800000
6372194  0.859000  0.971000  5313.500000  -0.162000  1228.500000
6372268  0.958000  5.696000  4591.800000  1.117000  644.200000
6373680  1.140000  1.678000  5869.800000  0.481000  2204.100000
6381846  0.977000  0.919000  5672.500000  -0.101000  871.300000
6382217  0.622000  0.639000  4097.000000  -0.985000  386.400000
6383595  1.646000  2.289000  6946.300000  1.043000  1248.700000
6383785  1.109000  1.088000  6131.200000  0.180000  1127.700000
6383821  1.292000  1.625000  5877.900000  0.452000  1308.700000
6384840  1.039000  1.043000  5975.100000  0.107000  1317.300000
6385302  1.157000  1.322000  5833.100000  0.263000  1371.400000
6386784  1.369000  1.685000  6947.300000  0.781000  554.800000
6387450  0.891000  1.086000  5448.200000  -0.024000  718.400000
6387542  1.229000  1.711000  6028.200000  0.543000  1964.300000
6387557  1.226000  1.557000  6024.400000  0.462000  1412.600000
6387887  nan  nan  nan  nan  nan
6387969  1.468000  1.790000  6373.200000  0.681000  466.400000
6388770  1.587000  2.245000  6778.400000  0.986000  1606.700000
6390236  1.046000  1.043000  5990.200000  0.103000  217.700000
6390824  1.369000  1.650000  6580.700000  0.667000  2206.200000
6392727  1.009000  1.003000  5889.400000  0.041000  1151.500000
6421137  1.627000  3.094000  6192.000000  1.102000  948.800000
6421188  nan  nan  nan  nan  nan
6421483  1.207000  2.259000  5248.100000  0.545000  764.600000
6421503  0.781000  0.735000  5255.100000  -0.428000  703.800000
6421937  1.249000  4.862000  4876.800000  1.082000  2075.500000
6422070  0.950000  1.101000  5648.500000  0.049000  1213.900000
6422155  1.043000  0.997000  5582.200000  -0.059000  830.600000
6422367  nan  nan  nan  nan  nan
6423922  0.323000  0.346000  3455.300000  -1.811000  85.200000
6424561  1.161000  1.557000  5969.200000  0.447000  1836.800000
6425377  1.302000  5.291000  4828.800000  1.138000  1838.200000
6425597  0.969000  1.065000  5716.400000  0.041000  1390.000000
6425957  0.609000  0.598000  4278.700000  -0.963000  158.900000
6426592  0.929000  1.216000  5547.700000  0.105000  1330.600000
6428602  1.023000  6.383000  4797.700000  1.293000  1837.600000
6428700  0.724000  0.695000  4826.400000  -0.625000  604.900000
6428794  0.855000  0.804000  5216.100000  -0.363000  585.900000
6428942  nan  nan  nan  nan  nan
6429812  0.926000  0.913000  5670.900000  -0.108000  622.800000
6431670  0.870000  1.099000  5294.200000  -0.062000  1658.900000
6432059  0.942000  1.331000  5536.800000  0.179000  1185.400000
6432345  0.890000  0.874000  5437.400000  -0.219000  702.500000
6435936  0.540000  0.554000  3686.100000  -1.288000  271.500000
6436029  0.693000  0.670000  4629.200000  -0.728000  620.400000
6436505  0.791000  0.757000  5127.500000  -0.444000  1002.100000
6437226  0.953000  1.153000  5642.800000  0.088000  1376.500000
6437617  1.028000  1.050000  5913.400000  0.086000  886.200000
6437993  0.830000  0.786000  4947.300000  -0.476000  229.200000
6438099  0.868000  0.838000  5406.500000  -0.264000  1175.800000
6438379  1.311000  2.476000  5748.400000  0.785000  2051.800000
6441738  0.819000  1.067000  5860.200000  0.086000  1107.600000
6442246  1.271000  1.853000  6056.700000  0.622000  1026.200000
6442340  1.042000  1.070000  5872.000000  0.091000  592.800000
6442377  1.226000  1.323000  6566.100000  0.471000  855.900000
6442602  0.735000  0.717000  4715.100000  -0.636000  613.500000
6442735  1.126000  1.112000  5896.900000  0.131000  794.200000
6443093  0.986000  1.330000  5670.500000  0.219000  1106.800000
6443274  0.670000  0.656000  4360.400000  -0.851000  382.600000
6443392  1.679000  3.762000  5879.000000  1.184000  1302.500000
6444896  0.199000  0.232000  3396.300000  -2.189000  92.200000
6445531  1.102000  1.152000  6102.500000  0.223000  1877.400000
6447326  0.970000  0.927000  5916.900000  -0.022000  1370.900000
6447372  0.695000  0.693000  4761.400000  -0.651000  476.000000
6448768  1.273000  2.289000  6186.100000  0.842000  1444.900000
6448890  1.341000  4.189000  4755.700000  0.909000  908.500000
6449291  1.591000  3.842000  5273.300000  1.018000  1876.200000
6449358  1.706000  2.265000  7546.900000  1.178000  811.700000
6449552  0.901000  1.090000  5484.900000  -0.010000  959.900000
6451125  1.271000  1.367000  6564.100000  0.496000  940.500000
6451368  1.402000  1.429000  6998.600000  0.648000  725.900000
6451936  0.983000  1.113000  5726.200000  0.082000  828.300000
6452742  0.968000  1.011000  5739.000000  0.003000  916.300000
6461675  2.063000  8.437000  4969.600000  1.595000  1822.600000
6461850  0.869000  0.905000  5352.100000  -0.216000  1127.000000
6462863  1.339000  1.330000  6837.100000  0.544000  478.700000
6462874  0.685000  0.670000  4458.200000  -0.796000  489.600000
6463499  1.488000  3.092000  6132.100000  1.085000  1839.000000
6464285  1.155000  1.433000  5758.900000  0.312000  735.800000
6466939  nan  nan  nan  nan  nan
6467363  1.121000  1.505000  5904.500000  0.397000  932.800000
6468138  1.055000  1.083000  6028.800000  0.147000  581.800000
6468337  1.247000  1.674000  6094.000000  0.545000  471.400000
6468904  0.930000  0.899000  5651.800000  -0.126000  830.800000
6468938  1.334000  1.743000  6236.800000  0.620000  902.100000
6469946  0.837000  0.812000  5253.500000  -0.342000  921.300000
6470149  1.620000  6.666000  4933.500000  1.381000  1295.100000
6470516  nan  nan  nan  nan  nan
6470521  1.169000  1.171000  6285.600000  0.288000  856.000000
6470917  1.439000  2.121000  6333.500000  0.817000  2351.100000
6471021  0.961000  0.915000  5781.400000  -0.074000  305.200000
6471229  1.229000  1.541000  6035.200000  0.457000  1079.800000
6471230  1.095000  1.533000  5837.900000  0.393000  740.700000
6497146  0.618000  0.642000  3956.700000  -1.040000  184.200000
6500206  0.966000  0.922000  5398.700000  -0.185000  728.900000
6501635  0.848000  0.824000  5279.800000  -0.321000  619.500000
6504534  0.769000  0.758000  4994.100000  -0.489000  409.700000
6504954  1.007000  1.095000  5828.100000  0.098000  1293.100000
6507334  1.194000  2.433000  5563.800000  0.712000  2396.300000
6507427  1.183000  1.784000  5835.400000  0.524000  1526.600000
6507433  1.013000  1.046000  5866.500000  0.070000  1501.900000
6508221  0.775000  0.754000  5083.400000  -0.464000  440.800000
6508734  0.494000  0.500000  3756.900000  -1.345000  223.800000
6509282  1.758000  12.265000  4805.000000  1.862000  4066.400000
6511182  0.861000  0.902000  5316.800000  -0.229000  1070.300000
6515335  0.891000  1.057000  5452.500000  -0.047000  1404.900000
6515722  2.167000  2.478000  8738.100000  1.514000  1216.700000
6516185  0.851000  0.979000  5250.800000  -0.180000  1263.200000
6516529  1.096000  1.558000  5833.600000  0.405000  965.700000
6516874  1.019000  1.479000  5666.800000  0.312000  2191.800000
6517064  0.886000  0.931000  5424.100000  -0.167000  967.500000
6517200  0.921000  0.891000  5493.400000  -0.183000  1233.500000
6517255  1.234000  7.034000  4582.600000  1.296000  2575.200000
6519865  0.925000  1.338000  5472.000000  0.164000  1731.100000
6520519  0.949000  1.007000  5609.900000  -0.041000  1251.600000
6520753  0.844000  0.884000  5238.200000  -0.272000  1140.900000
6521045  1.140000  1.526000  5818.400000  0.383000  303.700000
6521174  1.060000  1.844000  5503.000000  0.452000  1864.400000
6521526  0.595000  0.614000  3867.200000  -1.118000  202.000000
6521542  1.201000  1.554000  6073.100000  0.471000  1232.000000
6522124  0.819000  0.791000  5170.000000  -0.393000  774.400000
6522242  0.769000  0.907000  5446.500000  -0.184000  870.900000
6522353  0.820000  0.790000  5197.200000  -0.384000  923.000000
6522745  1.083000  1.257000  5960.900000  0.259000  2120.600000
6522750  1.006000  1.330000  5696.300000  0.227000  257.100000
6522824  0.710000  0.740000  4890.000000  -0.549000  675.800000
6523058  0.880000  0.857000  5495.300000  -0.216000  1309.600000
6523216  1.144000  2.165000  6337.800000  0.837000  1210.800000
6523351  0.922000  0.929000  5436.600000  -0.166000  395.900000
6525106  0.956000  1.691000  5758.100000  0.456000  2093.300000
6525185  0.889000  0.841000  5619.600000  -0.194000  1298.600000
6525193  0.962000  0.970000  5729.000000  -0.038000  1453.300000
6525196  0.992000  1.438000  6124.300000  0.420000  194.100000
6525209  0.841000  1.866000  5191.200000  0.362000  1414.200000
6525249  0.925000  0.970000  5579.600000  -0.082000  1559.100000
6525280  0.864000  1.157000  5875.600000  0.160000  611.100000
6525398  0.710000  0.694000  4592.600000  -0.713000  660.000000
6525946  1.121000  1.090000  6278.000000  0.223000  1554.900000
6526377  2.001000  11.882000  4842.600000  1.849000  1894.700000
6526710  1.173000  2.230000  5821.100000  0.716000  2750.300000
6527016  1.340000  3.891000  5011.700000  0.939000  2346.600000
6527050  1.061000  1.489000  5768.000000  0.348000  2314.900000
6527078  0.851000  0.861000  5229.300000  -0.299000  367.200000
6527229  1.034000  1.630000  5605.600000  0.377000  2286.700000
6528141  0.937000  0.912000  5685.800000  -0.104000  1207.000000
6528464  nan  nan  nan  nan  nan
6531143  1.245000  1.855000  6008.600000  0.609000  3178.900000
6531485  0.958000  1.262000  5615.800000  0.159000  1554.100000
6531491  0.996000  1.299000  5707.100000  0.210000  1780.700000
6531496  0.990000  1.630000  5455.200000  0.331000  2451.400000
6531617  1.758000  7.712000  5032.600000  1.503000  4928.800000
6531801  1.436000  1.634000  6899.500000  0.736000  1250.900000
6541920  1.068000  1.071000  5969.100000  0.120000  645.600000
6543192  0.976000  0.902000  5592.100000  -0.142000  677.300000
6543645  1.231000  1.356000  6244.600000  0.403000  755.800000
6543674  1.407000  2.624000  6516.600000  1.052000  1522.900000
6543682  nan  nan  nan  nan  nan
6543683  1.377000  1.719000  6557.900000  0.694000  1223.300000
6543893  nan  nan  nan  nan  nan
6545018  1.489000  2.355000  6418.100000  0.932000  1458.500000
6545051  0.877000  0.848000  5440.600000  -0.245000  1025.500000
6545358  1.744000  2.634000  6925.100000  1.159000  4546.300000
6546508  1.070000  1.660000  5696.300000  0.421000  2004.800000
6546528  1.006000  0.999000  5879.000000  0.034000  868.200000
6547322  1.343000  1.946000  6288.600000  0.731000  1226.300000
6548429  1.050000  1.048000  6020.000000  0.115000  1150.100000
6548447  1.641000  3.368000  5663.600000  1.028000  1071.700000
6551106  1.097000  1.148000  6083.100000  0.211000  1433.700000
6579806  1.015000  1.353000  5909.200000  0.306000  1645.600000
6583107  0.901000  1.374000  6114.200000  0.379000  819.200000
6584167  0.959000  1.113000  6139.000000  0.202000  662.900000
6584273  1.079000  1.241000  5971.900000  0.249000  885.700000
6584278  1.360000  1.853000  6297.700000  0.690000  1376.000000
6586746  0.766000  0.747000  4865.200000  -0.548000  621.300000
6587002  0.831000  0.791000  5191.600000  -0.387000  452.100000
6587105  0.948000  0.930000  5545.600000  -0.130000  972.500000
6587280  0.824000  0.830000  5134.900000  -0.362000  691.000000
6587796  1.059000  1.000000  5927.600000  0.048000  320.800000
6590307  0.822000  0.794000  5201.100000  -0.379000  890.100000
6590362  0.921000  1.401000  5425.800000  0.188000  1372.300000
6590726  0.930000  0.957000  5298.200000  -0.184000  1042.500000
6591789  1.012000  1.660000  5520.500000  0.366000  1793.400000
6592335  0.391000  0.406000  3571.100000  -1.615000  171.300000
6592832  1.183000  1.886000  5870.600000  0.584000  2283.100000
6593150  0.910000  1.419000  5357.200000  0.178000  1827.200000
6593363  0.934000  1.303000  5998.500000  0.299000  552.300000
6593734  0.993000  1.103000  5780.400000  0.090000  1498.500000
6593968  0.664000  0.653000  4322.400000  -0.870000  500.900000
6594945  1.195000  1.621000  6397.500000  0.602000  825.600000
6594972  0.960000  1.128000  5677.600000  0.079000  826.100000
6595662  1.004000  1.160000  5797.000000  0.140000  1038.400000
6599305  0.933000  0.888000  5722.500000  -0.117000  746.700000
6599919  0.904000  0.922000  5493.700000  -0.154000  870.300000
6599949  1.028000  1.273000  5796.300000  0.221000  1578.400000
6599975  1.096000  1.108000  6271.100000  0.235000  748.100000
6600492  1.083000  1.386000  5883.900000  0.319000  1310.400000
6600515  1.248000  1.751000  6078.600000  0.579000  1780.400000
6603043  2.218000  2.152000  9365.300000  1.511000  984.500000
6603756  1.024000  1.917000  5293.100000  0.419000  1930.300000
6603765  0.795000  0.774000  5028.700000  -0.460000  770.800000
6604328  0.968000  1.036000  5718.300000  0.018000  1623.500000
6605493  1.090000  1.118000  5926.900000  0.145000  727.600000
6606282  0.906000  0.972000  5508.900000  -0.097000  375.900000
6606438  0.980000  0.963000  5835.000000  -0.011000  1391.700000
6606653  1.911000  3.617000  6479.400000  1.323000  2671.800000
6606669  1.586000  13.057000  4565.300000  1.828000  1918.500000
6606934  1.300000  2.124000  6021.900000  0.730000  2316.600000
6607286  0.974000  0.922000  5934.900000  -0.021000  1024.900000
6607357  1.180000  1.623000  5796.200000  0.430000  835.500000
6607447  1.218000  1.263000  6374.800000  0.378000  907.100000
6607610  1.288000  3.224000  4841.600000  0.715000  2225.100000
6607644  0.896000  0.878000  5300.000000  -0.258000  613.400000
6608090  0.918000  0.983000  5359.000000  -0.141000  462.300000
6609270  0.595000  0.608000  3994.200000  -1.071000  339.000000
6610064  1.265000  2.548000  4991.000000  0.564000  1331.200000
6610219  1.372000  2.210000  6145.500000  0.799000  1171.100000
6610433  1.787000  1.922000  7557.100000  1.040000  405.800000
6611330  nan  nan  nan  nan  nan
6611779  nan  nan  nan  nan  nan
6612284  1.039000  1.516000  5690.400000  0.344000  2254.600000
6612327  nan  nan  nan  nan  nan
6612411  1.891000  2.578000  7551.600000  1.293000  1364.200000
6612973  1.136000  1.085000  6664.300000  0.323000  443.800000
6613006  nan  nan  nan  nan  nan
6614629  1.199000  1.577000  5706.800000  0.378000  513.700000
6614748  1.296000  1.448000  6477.500000  0.528000  2118.900000
6614926  1.053000  1.750000  5582.800000  0.431000  1265.700000
6615511  0.940000  1.212000  5581.900000  0.112000  1647.400000
6615600  0.910000  0.873000  5634.000000  -0.158000  1349.100000
6616218  0.942000  0.897000  5241.600000  -0.261000  268.700000
6619815  1.060000  1.090000  6007.400000  0.148000  1497.300000
6620003  0.702000  0.701000  4324.300000  -0.812000  422.900000
6621116  1.101000  1.876000  5267.900000  0.388000  1696.000000
6627507  1.812000  4.013000  5679.500000  1.186000  1116.500000
6628237  1.136000  1.209000  6160.000000  0.281000  1037.400000
6628740  2.013000  3.650000  6922.000000  1.440000  2266.600000
6628926  1.472000  1.747000  6922.100000  0.799000  1334.100000
6629156  1.601000  2.144000  6939.000000  0.984000  2367.600000
6629332  1.120000  1.327000  6026.400000  0.325000  865.600000
6629588  1.473000  2.733000  6676.400000  1.127000  1973.400000
6629993  nan  nan  nan  nan  nan
6630943  0.887000  1.160000  5393.100000  0.020000  767.500000
6631721  0.952000  1.116000  6176.800000  0.216000  751.200000
6634112  0.897000  1.146000  5452.700000  0.024000  650.100000
6634133  0.869000  1.028000  5357.700000  -0.101000  575.900000
6635813  1.095000  1.429000  5886.300000  0.348000  1247.800000
6636020  1.202000  1.713000  5984.300000  0.534000  2243.200000
6636320  0.849000  0.802000  5418.500000  -0.300000  861.900000
6664842  1.014000  1.130000  5702.800000  0.085000  930.600000
6665064  0.922000  1.124000  5670.000000  0.074000  1179.200000
6665223  1.101000  2.458000  5042.200000  0.551000  1479.300000
6665512  0.812000  0.885000  4940.800000  -0.375000  545.800000
6665695  0.774000  0.764000  5101.500000  -0.447000  414.400000
6665860  1.167000  1.457000  5922.500000  0.375000  1250.000000
6666233  0.627000  0.647000  4090.700000  -0.976000  252.700000
6670075  1.815000  1.598000  8802.300000  1.144000  1078.800000
6670610  0.649000  0.645000  4242.800000  -0.912000  407.600000
6670742  1.962000  2.434000  7876.400000  1.315000  325.000000
6672229  1.063000  1.853000  5500.600000  0.456000  2246.000000
6674908  0.657000  0.681000  4180.400000  -0.893000  182.900000
6675056  0.787000  0.776000  4952.200000  -0.484000  789.600000
6675060  nan  nan  nan  nan  nan
6675757  0.988000  0.979000  5644.800000  -0.055000  614.500000
6676725  1.133000  1.222000  6142.400000  0.285000  1260.500000
6677256  1.102000  1.140000  6101.900000  0.213000  1076.000000
6677267  1.642000  2.494000  6116.000000  0.898000  1061.800000
6677415  0.801000  0.802000  5014.900000  -0.433000  924.600000
6677841  1.248000  1.393000  6574.100000  0.517000  1031.600000
6678383  0.878000  1.032000  5910.600000  0.071000  399.500000
6679295  0.593000  0.612000  3876.800000  -1.122000  350.600000
6679504  0.959000  1.746000  5245.500000  0.323000  2275.600000
6680177  1.013000  2.223000  5031.300000  0.460000  2088.400000
6680911  1.076000  1.501000  5715.200000  0.337000  856.200000
6681233  0.783000  0.747000  5087.500000  -0.470000  638.000000
6681473  1.081000  2.582000  5211.600000  0.649000  859.800000
6681546  1.553000  3.376000  5568.600000  1.000000  3684.300000
6681618  0.954000  0.940000  5737.400000  -0.061000  1525.800000
6681687  0.963000  1.008000  5706.600000  -0.010000  1210.400000
6685403  0.888000  0.872000  5446.800000  -0.217000  1046.800000
6685526  0.766000  0.736000  5085.100000  -0.484000  592.500000
6685609  1.369000  1.678000  6181.500000  0.570000  874.000000
6685646  1.757000  3.995000  5812.300000  1.221000  3329.500000
6688318  2.057000  8.373000  5011.800000  1.600000  1027.200000
6690082  1.002000  0.975000  5682.500000  -0.047000  779.600000
6690171  0.878000  0.876000  5036.000000  -0.349000  1034.300000
6690523  1.359000  5.182000  4828.500000  1.120000  1986.700000
6690836  0.848000  0.800000  4958.900000  -0.456000  734.500000
6691169  1.182000  1.300000  6224.100000  0.366000  2317.600000
6692742  0.947000  1.350000  5540.500000  0.193000  1490.800000
6692833  1.213000  1.685000  6007.200000  0.524000  1731.500000
6693640  1.099000  1.161000  6180.400000  0.250000  968.200000
6694186  0.871000  0.821000  5269.600000  -0.327000  233.500000
6695622  1.068000  1.081000  6043.300000  0.150000  1209.500000
6695801  0.962000  0.917000  5852.200000  -0.048000  858.000000
6695889  0.916000  1.216000  5500.300000  0.090000  1530.600000
6696462  0.948000  0.976000  5510.700000  -0.098000  938.200000
6696580  nan  nan  nan  nan  nan
6697605  nan  nan  nan  nan  nan
6697716  0.884000  1.466000  5146.300000  0.137000  849.900000
6697756  0.584000  0.571000  4264.700000  -1.010000  201.700000
6697817  0.988000  0.961000  6066.700000  0.054000  813.100000
6697976  1.040000  1.806000  5474.400000  0.425000  1623.400000
6698670  1.106000  1.104000  6298.700000  0.239000  526.400000
6699368  1.088000  1.361000  5912.900000  0.312000  1114.800000
6699562  1.683000  3.888000  6355.300000  1.344000  2419.200000
6705026  1.209000  1.347000  6279.300000  0.407000  1261.900000
6705137  1.322000  2.170000  5921.700000  0.715000  1911.600000
6705142  0.912000  0.923000  5543.600000  -0.136000  1363.800000
6706287  0.906000  1.220000  5474.300000  0.083000  488.000000
6707260  1.417000  1.458000  6962.300000  0.657000  852.700000
6707833  1.130000  1.343000  6038.900000  0.339000  1150.300000
6707835  1.014000  0.971000  5762.400000  -0.027000  558.000000
6707908  1.085000  1.713000  5703.900000  0.451000  2091.100000
6707942  0.794000  0.813000  4876.100000  -0.470000  320.700000
6715997  1.252000  1.585000  6194.100000  0.529000  1247.400000
6716021  1.194000  1.218000  6246.500000  0.308000  771.600000
6716545  1.248000  1.538000  6499.300000  0.581000  1021.700000
6717252  0.895000  0.976000  5442.300000  -0.121000  550.100000
6718474  1.399000  1.469000  7109.800000  0.698000  741.400000
6719052  1.923000  2.267000  7677.800000  1.211000  1963.200000
6719086  0.824000  0.804000  5170.700000  -0.374000  828.600000
6720773  1.208000  1.697000  5998.200000  0.530000  1757.600000
6721123  1.314000  1.475000  6531.900000  0.553000  652.100000
6721380  1.336000  1.466000  6457.700000  0.533000  993.300000
6721603  1.129000  1.377000  6125.900000  0.386000  696.100000
6750902  1.015000  1.335000  5743.900000  0.245000  1200.900000
6751874  1.104000  1.803000  5778.200000  0.517000  1399.700000
6752002  nan  nan  nan  nan  nan
6752502  nan  nan  nan  nan  nan
6755944  1.151000  1.195000  6084.400000  0.249000  673.400000
6756202  0.855000  0.964000  5298.300000  -0.177000  597.700000
6756369  1.129000  4.413000  4879.300000  1.001000  1813.000000
6756669  0.917000  0.970000  5545.900000  -0.094000  1062.500000
6758917  0.998000  1.087000  5803.300000  0.085000  842.700000
6761777  1.181000  1.540000  5907.400000  0.417000  1383.200000
6762188  1.650000  11.525000  4663.100000  1.758000  4004.200000
6762829  1.111000  1.806000  5855.700000  0.541000  1167.900000
6763884  1.049000  1.009000  5863.100000  0.036000  303.900000
6765135  1.100000  1.177000  6073.600000  0.232000  1395.100000
6765563  1.050000  4.122000  4914.500000  0.954000  1726.700000
6766583  0.881000  0.998000  5415.300000  -0.109000  1295.300000
6766634  1.079000  1.568000  5987.000000  0.458000  974.000000
6766748  1.293000  1.651000  6341.600000  0.602000  1352.400000
6767227  1.246000  1.389000  6502.700000  0.492000  730.600000
6767337  0.999000  1.110000  5765.500000  0.091000  412.000000
6767840  0.949000  0.919000  5733.100000  -0.083000  1058.900000
6768394  1.131000  1.434000  6023.900000  0.390000  1019.200000
6768616  0.932000  0.992000  5598.200000  -0.057000  1072.500000
6773862  0.616000  0.621000  4149.900000  -0.988000  301.600000
6774408  1.043000  0.976000  5850.800000  0.004000  392.500000
6774537  0.786000  0.739000  4797.600000  -0.581000  621.700000
6774826  1.437000  1.468000  7167.400000  0.712000  1489.300000
6774880  1.000000  1.007000  5702.500000  -0.013000  1097.500000
6775985  1.407000  1.938000  6423.900000  0.764000  1612.400000
6776401  0.775000  0.736000  5079.500000  -0.486000  571.300000
6776555  nan  nan  nan  nan  nan
6778008  1.082000  1.431000  5855.300000  0.339000  1730.100000
6778019  1.005000  1.041000  5839.600000  0.058000  1004.900000
6778289  1.464000  1.903000  6627.900000  0.803000  1060.700000
6779260  0.861000  0.807000  5236.100000  -0.353000  174.700000
6779726  0.843000  0.788000  5522.200000  -0.282000  1074.200000
6780158  1.104000  2.454000  5110.400000  0.571000  836.500000
6780367  1.182000  3.330000  4945.800000  0.780000  1176.600000
6781047  1.676000  2.800000  6397.300000  1.075000  965.200000
6781535  nan  nan  nan  nan  nan
6781548  0.969000  0.967000  5764.100000  -0.029000  1438.200000
6783732  1.029000  1.049000  6248.400000  0.181000  778.700000
6784235  1.049000  1.068000  5815.100000  0.073000  1386.200000
6784887  1.240000  1.962000  5972.000000  0.647000  2132.100000
6786037  1.239000  1.568000  5812.400000  0.407000  1504.300000
6786224  0.950000  0.941000  5583.700000  -0.109000  647.700000
6786348  0.922000  1.306000  5476.000000  0.133000  1715.000000
6790592  nan  nan  nan  nan  nan
6792124  1.618000  2.661000  6300.800000  1.000000  1396.000000
6792908  1.416000  1.937000  6581.300000  0.804000  1145.100000
6795089  1.280000  8.423000  4735.600000  1.510000  2686.400000
6802536  0.798000  0.785000  5003.100000  -0.457000  428.800000
6803202  nan  nan  nan  nan  nan
6803855  1.215000  1.327000  6194.200000  0.372000  843.800000
6804648  1.542000  1.972000  6932.300000  0.909000  840.900000
6805146  1.507000  2.068000  6995.800000  0.968000  1177.000000
6805414  1.309000  1.660000  6326.400000  0.603000  2109.500000
6806632  3.526000  2.774000  13328.400000  2.340000  3521.200000
6806695  0.949000  1.000000  5667.600000  -0.029000  774.400000
6837146  0.852000  0.852000  5273.400000  -0.293000  858.000000
6837283  1.455000  2.104000  6622.300000  0.886000  781.700000
6838050  0.917000  0.978000  5546.000000  -0.086000  863.100000
6839010  1.106000  1.171000  5893.400000  0.177000  655.800000
6841577  0.984000  1.315000  5671.400000  0.210000  1227.000000
6842345  1.026000  1.098000  5884.200000  0.118000  1491.300000
6842682  0.978000  0.995000  5765.400000  -0.004000  894.300000
6842807  nan  nan  nan  nan  nan
6846544  1.327000  1.512000  6553.800000  0.582000  786.600000
6846911  0.932000  1.022000  5601.200000  -0.031000  918.300000
6847018  1.118000  1.118000  6286.500000  0.246000  663.700000
6848529  nan  nan  nan  nan  nan
6849046  1.055000  0.992000  5657.800000  -0.040000  632.300000
6849310  0.901000  0.886000  5395.900000  -0.219000  1036.000000
6850504  0.922000  0.888000  5438.400000  -0.205000  282.400000
6850665  1.460000  7.016000  4892.600000  1.407000  1493.800000
6851425  0.834000  1.243000  5354.100000  0.065000  575.600000
6852354  0.837000  0.851000  5208.600000  -0.316000  1118.400000
6852488  1.706000  2.945000  6595.400000  1.172000  2328.600000
6853172  1.135000  1.295000  6093.400000  0.322000  1873.900000
6859546  0.748000  0.721000  4860.000000  -0.580000  592.200000
6859801  0.794000  0.781000  4987.000000  -0.465000  533.800000
6859813  1.429000  2.146000  6357.100000  0.834000  672.100000
6862328  0.944000  0.895000  5646.000000  -0.133000  916.700000
6862332  0.933000  0.925000  5633.800000  -0.107000  1230.800000
6862603  1.028000  1.187000  5848.700000  0.176000  1650.600000
6862721  0.809000  0.760000  5362.900000  -0.363000  1004.800000
6863158  0.590000  0.602000  3967.000000  -1.091000  344.200000
6863161  nan  nan  nan  nan  nan
6863187  0.969000  1.180000  5681.900000  0.120000  1558.500000
6863839  1.124000  1.837000  5735.900000  0.520000  1643.400000
6863840  0.875000  1.118000  5190.200000  -0.084000  958.900000
6863998  0.822000  0.783000  5035.500000  -0.447000  668.400000
6864569  2.898000  2.248000  11930.500000  1.969000  706.000000
6864706  1.003000  2.151000  5032.900000  0.433000  1650.200000
6864859  1.444000  2.206000  6674.600000  0.943000  655.600000
6864885  0.895000  0.849000  5624.100000  -0.186000  1169.000000
6864891  0.618000  0.635000  4073.000000  -1.000000  390.600000
6864893  0.777000  0.729000  5267.000000  -0.430000  636.100000
6866228  1.108000  1.924000  5587.700000  0.516000  1977.900000
6866251  2.161000  9.443000  5075.200000  1.728000  1485.400000
6867155  0.696000  0.685000  4311.400000  -0.833000  401.200000
6867219  0.915000  0.858000  5851.800000  -0.107000  1155.800000
6867555  nan  nan  nan  nan  nan
6867588  0.960000  1.302000  5375.400000  0.109000  873.300000
6867766  1.117000  1.380000  6115.600000  0.385000  1197.100000
6869184  0.879000  1.072000  5322.900000  -0.076000  1320.400000
6869373  0.850000  1.074000  5498.700000  -0.018000  1024.300000
6871071  1.123000  1.351000  5856.000000  0.288000  1256.300000
6875342  1.196000  1.269000  6305.700000  0.364000  1103.700000
6876575  1.620000  1.627000  8504.100000  1.098000  326.500000
6877673  1.477000  2.234000  6329.300000  0.858000  1382.600000
6877871  1.300000  1.378000  6568.600000  0.505000  1588.600000
6878167  1.407000  2.581000  6011.700000  0.899000  2192.300000
6878240  0.804000  0.804000  5149.800000  -0.385000  975.800000
6878408  0.938000  0.998000  5622.000000  -0.042000  1429.800000
6879171  1.005000  1.074000  5633.500000  0.022000  467.300000
6879183  1.074000  1.583000  5757.000000  0.399000  1952.000000
6879865  1.210000  1.757000  5983.600000  0.554000  1667.400000
6880123  1.489000  2.057000  6716.900000  0.895000  1648.200000
6880517  0.848000  0.790000  5579.800000  -0.260000  1073.700000
6880531  1.198000  1.536000  6079.400000  0.465000  1890.800000
6887030  0.854000  0.797000  5525.400000  -0.271000  692.300000
6887321  1.047000  1.008000  5799.000000  0.017000  628.100000
6889235  2.230000  1.748000  10472.900000  1.520000  700.500000
6890618  1.205000  1.654000  5996.600000  0.505000  1377.700000
6891124  nan  nan  nan  nan  nan
6891366  1.236000  1.544000  6269.000000  0.524000  955.800000
6891512  1.402000  2.152000  6040.800000  0.747000  460.200000
6891513  1.033000  1.019000  6000.200000  0.086000  1468.200000
6891543  0.907000  0.914000  5505.100000  -0.159000  695.800000
6891637  0.681000  0.659000  4572.400000  -0.765000  594.000000
6921944  0.639000  0.654000  4167.300000  -0.938000  330.800000
6922203  1.071000  1.404000  5843.800000  0.319000  1371.500000
6922244  1.264000  1.545000  6365.300000  0.551000  1017.600000
6922710  1.054000  1.004000  6134.500000  0.110000  281.300000
6924203  0.923000  1.103000  5564.000000  0.024000  1065.600000
6925263  0.887000  0.856000  5490.700000  -0.219000  1087.600000
6927629  1.134000  1.517000  5930.600000  0.411000  1842.300000
6928906  1.944000  2.161000  7504.500000  1.129000  1091.600000
6929016  1.061000  1.405000  5817.800000  0.312000  2027.900000
6929285  0.873000  0.841000  5415.100000  -0.258000  809.100000
6929841  0.793000  0.805000  4941.700000  -0.455000  566.400000
6932987  0.883000  0.855000  5448.200000  -0.235000  976.200000
6933567  0.838000  0.838000  5209.800000  -0.328000  850.600000
6933781  0.884000  1.795000  5469.700000  0.417000  319.100000
6934045  1.372000  1.805000  6341.200000  0.678000  1158.300000
6934291  0.754000  0.729000  4958.900000  -0.535000  575.800000
6934587  1.080000  1.617000  5930.900000  0.466000  849.000000
6934986  1.120000  1.689000  5830.000000  0.475000  1715.600000
6936909  0.921000  1.213000  5515.000000  0.092000  1741.800000
6936966  1.035000  1.016000  5718.700000  -0.000000  272.800000
6936977  0.870000  0.895000  5352.200000  -0.225000  614.500000
6937402  1.087000  1.890000  5545.100000  0.487000  2395.500000
6937529  1.165000  1.407000  6091.600000  0.395000  1213.600000
6937692  1.209000  1.599000  6048.700000  0.494000  1823.400000
6938264  nan  nan  nan  nan  nan
6939670  1.331000  2.672000  5491.500000  0.771000  2367.600000
6939913  0.923000  0.881000  5683.700000  -0.135000  950.100000
6941084  0.961000  0.952000  5725.300000  -0.056000  1173.600000
6945786  0.736000  0.741000  4903.700000  -0.541000  752.500000
6946199  1.014000  0.961000  6256.700000  0.108000  1109.700000
6946681  1.772000  1.959000  7905.100000  1.134000  972.500000
6946708  1.109000  1.914000  5747.700000  0.559000  1492.300000
6946985  3.158000  3.176000  11320.600000  2.179000  737.100000
6947062  0.876000  0.892000  5385.000000  -0.217000  1035.400000
6947164  1.279000  2.134000  5718.200000  0.647000  1942.900000
6947623  0.850000  0.840000  5267.900000  -0.307000  669.800000
6947668  0.830000  0.788000  5329.500000  -0.344000  1025.400000
6947837  1.696000  1.673000  7987.300000  1.014000  941.500000
6948054  0.845000  0.806000  5135.800000  -0.388000  873.300000
6948480  1.026000  1.242000  5767.500000  0.190000  1515.900000
6948815  1.325000  1.630000  6444.600000  0.608000  2390.200000
6949061  1.103000  1.212000  5860.800000  0.196000  922.600000
6949550  0.995000  1.181000  5757.700000  0.144000  1302.800000
6949607  0.684000  0.664000  4499.300000  -0.786000  439.700000
6949898  0.908000  0.846000  5496.900000  -0.229000  964.300000
6950275  0.910000  0.884000  5590.100000  -0.160000  1265.700000
6952570  1.372000  2.479000  5969.500000  0.851000  3003.100000
6952971  1.228000  1.430000  6258.400000  0.459000  1570.300000
6953219  1.196000  2.543000  5172.500000  0.626000  1995.500000
6953281  1.085000  1.244000  5977.300000  0.255000  1755.100000
6955671  1.170000  1.491000  6037.900000  0.426000  2409.500000
6956014  0.932000  36.315000  3835.500000  2.415000  2350.100000
6956136  1.308000  2.204000  6024.900000  0.763000  809.800000
6956176  2.159000  9.424000  4975.700000  1.693000  3504.200000
6956216  1.549000  2.547000  6219.500000  0.944000  2209.600000
6956233  0.790000  0.760000  5091.500000  -0.453000  980.900000
6960445  1.074000  1.680000  5707.200000  0.434000  986.800000
6960446  nan  nan  nan  nan  nan
6960456  0.875000  0.897000  5375.100000  -0.215000  716.200000
6960487  1.198000  1.967000  5856.300000  0.616000  2231.800000
6960913  0.650000  0.653000  4216.500000  -0.913000  330.000000
6962018  0.726000  0.734000  4418.500000  -0.730000  329.100000
6962109  0.818000  0.782000  5237.300000  -0.380000  954.900000
6962901  0.923000  0.973000  5406.200000  -0.135000  294.300000
6962977  0.867000  0.832000  5330.500000  -0.295000  1067.800000
6964043  1.193000  2.207000  5560.600000  0.627000  2552.900000
6964159  0.889000  0.978000  5446.700000  -0.117000  852.400000
6964929  1.060000  1.010000  6021.200000  0.084000  987.900000
6965293  1.578000  2.216000  6773.100000  0.972000  1045.800000
6967278  1.311000  65.259000  3672.300000  2.849000  5026.200000
6967430  1.037000  1.037000  6229.400000  0.166000  892.300000
6973796  0.656000  0.646000  4307.800000  -0.891000  502.000000
6974658  0.846000  0.873000  5244.600000  -0.283000  401.000000
6974867  1.111000  1.939000  5594.900000  0.523000  542.700000
6975129  1.365000  1.679000  6325.100000  0.611000  794.700000
6975615  0.860000  0.826000  5361.100000  -0.293000  624.800000
7008149  0.781000  0.759000  4976.900000  -0.495000  802.200000
7008211  0.812000  0.793000  5099.100000  -0.415000  719.800000
7009548  1.137000  1.092000  6406.300000  0.261000  443.700000
7009828  1.370000  2.499000  5970.400000  0.858000  2624.200000
7011044  0.917000  0.860000  5871.100000  -0.099000  1119.900000
7013635  0.801000  0.781000  5046.800000  -0.446000  109.500000
7013923  0.777000  0.772000  4879.100000  -0.514000  837.600000
7017274  1.557000  2.195000  6608.900000  0.921000  728.500000
7017372  1.116000  1.311000  6029.800000  0.313000  985.600000
7017437  1.070000  8.172000  4707.500000  1.473000  2606.900000
7018210  1.460000  1.938000  6799.900000  0.863000  1534.500000
7019489  0.820000  0.861000  5089.500000  -0.346000  1137.300000
7019524  0.910000  0.985000  5522.300000  -0.087000  863.500000
7019580  1.549000  4.876000  4848.500000  1.077000  861.200000
7020168  1.715000  4.871000  5196.400000  1.199000  2183.800000
7021177  1.025000  1.629000  5578.900000  0.369000  1987.400000
7021534  1.058000  1.093000  6080.600000  0.170000  801.200000
7021681  0.617000  0.634000  4065.500000  -1.004000  275.300000
7022573  0.877000  1.130000  5334.100000  -0.020000  1888.200000
7022603  1.232000  48.759000  3802.200000  2.655000  914.600000
7023960  0.999000  1.309000  5716.700000  0.219000  1335.000000
7024045  0.765000  0.788000  4612.600000  -0.595000  413.100000
7024222  0.728000  0.710000  4504.300000  -0.727000  168.300000
7024511  nan  nan  nan  nan  nan
7024530  0.963000  0.957000  5746.800000  -0.043000  1296.100000
7025526  0.751000  0.731000  4762.800000  -0.604000  119.500000
7025540  0.821000  0.899000  4947.900000  -0.358000  836.600000
7025846  0.982000  1.108000  5750.600000  0.085000  899.900000
7025851  1.160000  1.374000  6104.900000  0.379000  1218.500000
7026477  1.093000  1.824000  6116.900000  0.626000  1439.500000
7031066  0.781000  0.758000  4970.100000  -0.498000  560.600000
7031126  1.039000  3.387000  4983.000000  0.809000  1529.900000
7031132  0.995000  0.958000  5759.000000  -0.039000  370.200000
7031208  1.142000  1.390000  6038.800000  0.368000  1914.100000
7031340  1.552000  3.788000  5250.800000  0.997000  2588.400000
7031430  0.494000  0.503000  3699.200000  -1.368000  191.800000
7031517  1.075000  1.428000  5900.700000  0.351000  1669.100000
7031638  1.053000  1.012000  6212.500000  0.141000  536.000000
7031726  nan  nan  nan  nan  nan
7031732  1.260000  2.361000  5661.600000  0.715000  1335.300000
7031742  1.209000  1.627000  6038.600000  0.505000  2133.300000
7031767  1.103000  1.652000  5807.200000  0.450000  1239.800000
7031898  1.398000  1.720000  6504.800000  0.681000  881.000000
7031942  0.929000  0.870000  5532.300000  -0.193000  502.700000
7031948  0.620000  0.631000  4134.500000  -0.983000  373.800000
7031992  1.306000  2.726000  5335.300000  0.740000  3517.400000
7032001  0.977000  0.930000  5706.800000  -0.081000  900.100000
7032117  0.822000  0.896000  5048.200000  -0.325000  633.000000
7032174  0.981000  0.994000  5755.200000  -0.008000  277.000000
7032383  1.649000  6.084000  5006.900000  1.327000  5571.200000
7032421  1.029000  0.994000  5602.100000  -0.054000  902.900000
7032568  0.901000  1.191000  6107.300000  0.253000  806.100000
7032687  1.080000  1.170000  6012.000000  0.212000  1901.200000
7032968  1.139000  1.134000  6199.600000  0.236000  316.600000
7033233  0.730000  0.701000  4565.700000  -0.714000  489.100000
7033671  1.055000  1.653000  5485.500000  0.351000  964.800000
7033713  nan  nan  nan  nan  nan
7033748  1.632000  3.426000  6044.900000  1.151000  2222.400000
7035812  0.925000  0.939000  5582.300000  -0.110000  1122.400000
7037540  0.905000  1.065000  5868.100000  0.087000  900.600000
7038096  1.026000  1.033000  5922.200000  0.076000  1038.400000
7038988  0.926000  1.080000  5566.000000  0.007000  1374.100000
7040629  1.197000  1.227000  6308.700000  0.334000  773.600000
7041972  1.241000  2.207000  5771.100000  0.691000  1455.900000
7045435  1.130000  1.529000  5911.200000  0.408000  1156.700000
7045496  0.869000  0.839000  5396.700000  -0.267000  811.800000
7045605  1.593000  2.057000  7223.400000  1.020000  1315.600000
7046035  1.333000  1.985000  6136.800000  0.705000  2597.900000
7046804  0.866000  0.834000  5373.200000  -0.280000  587.900000
7047207  1.244000  1.799000  5927.800000  0.559000  1709.300000
7047299  0.994000  1.080000  5791.900000  0.076000  796.600000
7047363  0.816000  0.781000  5235.700000  -0.381000  1016.500000
7047824  0.736000  0.723000  4670.200000  -0.649000  590.200000
7047922  1.082000  1.267000  5962.100000  0.265000  1075.500000
7049486  nan  nan  nan  nan  nan
7049771  1.320000  6.299000  4803.100000  1.282000  1529.500000
7050060  1.321000  2.336000  5873.300000  0.768000  1455.100000
7050754  1.499000  2.206000  6472.900000  0.891000  1466.700000
7050989  1.179000  1.487000  5983.200000  0.410000  419.200000
7051180  1.269000  2.460000  5305.600000  0.638000  898.200000
7051984  nan  nan  nan  nan  nan
7052511  0.767000  0.749000  4881.800000  -0.539000  734.500000
7053328  2.203000  3.464000  7585.200000  1.557000  1436.200000
7090524  1.041000  1.026000  5682.600000  -0.003000  834.400000
7090801  nan  nan  nan  nan  nan
7090867  1.121000  6.401000  4691.000000  1.255000  1966.200000
7091432  0.853000  0.994000  5270.700000  -0.160000  676.700000
7093401  0.952000  1.768000  5201.800000  0.319000  1674.900000
7094486  0.654000  0.686000  4157.100000  -0.898000  345.900000
7094944  0.717000  0.691000  4757.700000  -0.654000  604.500000
7097534  0.960000  0.945000  5724.200000  -0.061000  770.900000
7097571  1.723000  2.828000  6193.000000  1.025000  759.600000
7097965  1.209000  1.610000  6091.800000  0.511000  908.200000
7098255  0.668000  0.648000  4509.400000  -0.803000  532.500000
7098355  0.832000  0.828000  5175.400000  -0.351000  659.900000
7100673  0.969000  1.169000  5612.900000  0.089000  397.800000
7101726  0.902000  0.985000  5457.600000  -0.097000  945.000000
7101828  0.715000  0.712000  4405.600000  -0.764000  260.100000
7102227  0.747000  0.726000  4804.700000  -0.595000  696.000000
7102316  0.827000  0.805000  5212.600000  -0.363000  1092.700000
7103300  1.138000  1.172000  6428.700000  0.326000  298.400000
7103919  0.874000  0.971000  5243.200000  -0.189000  691.800000
7105574  1.123000  1.932000  5860.900000  0.601000  1379.700000
7106173  1.149000  1.126000  5928.200000  0.151000  477.600000
7106437  1.381000  1.550000  6906.300000  0.691000  883.300000
7106438  1.082000  1.429000  5854.200000  0.338000  1755.400000
7107561  1.171000  1.715000  5939.600000  0.520000  978.700000
7107567  1.377000  1.723000  6553.600000  0.694000  1718.500000
7107802  1.034000  1.044000  5795.500000  0.046000  983.500000
7108433  1.498000  2.119000  6572.000000  0.881000  2920.800000
7109675  0.865000  0.819000  5160.500000  -0.366000  781.800000
7109680  1.211000  1.333000  6078.400000  0.343000  630.500000
7109851  nan  nan  nan  nan  nan
7115200  1.186000  1.399000  6247.200000  0.435000  595.700000
7115291  1.096000  2.085000  5693.600000  0.618000  2273.100000
7115332  1.155000  1.324000  6130.000000  0.353000  1502.200000
7115384  1.220000  64.150000  3652.700000  2.825000  2278.500000
7115463  1.080000  1.423000  5853.500000  0.333000  1647.200000
7115550  0.947000  1.048000  5651.300000  0.006000  731.900000
7115597  0.899000  1.179000  5446.400000  0.047000  1704.000000
7115661  nan  nan  nan  nan  nan
7115671  nan  nan  nan  nan  nan
7115785  0.953000  0.909000  5541.900000  -0.152000  577.200000
7115878  0.950000  0.900000  5825.500000  -0.071000  920.200000
7115925  1.393000  2.029000  6404.000000  0.797000  818.100000
7116024  1.069000  1.042000  6064.400000  0.124000  321.800000
7116043  0.855000  0.814000  5363.100000  -0.303000  601.100000
7116117  1.882000  1.887000  8006.700000  1.123000  405.100000
7116226  1.046000  1.222000  5887.300000  0.212000  1567.200000
7116236  1.015000  1.613000  5565.600000  0.356000  2147.200000
7116282  0.851000  0.870000  5270.600000  -0.275000  950.100000
7116519  1.177000  2.119000  5618.200000  0.609000  2962.700000
7116859  nan  nan  nan  nan  nan
7117003  0.956000  1.204000  5640.300000  0.124000  832.600000
7117050  1.783000  11.388000  4661.700000  1.741000  1163.100000
7117126  1.001000  1.006000  5468.200000  -0.087000  539.800000
7117147  1.353000  1.992000  6139.400000  0.708000  849.300000
7117355  0.944000  0.949000  5654.800000  -0.078000  910.300000
7117485  0.980000  1.032000  5761.200000  0.027000  1313.500000
7117513  0.941000  1.265000  5552.900000  0.141000  1870.300000
7117541  0.960000  0.934000  5790.000000  -0.051000  1425.900000
7117549  1.165000  1.340000  6146.800000  0.368000  1645.600000
7117710  0.972000  0.906000  5386.900000  -0.204000  471.800000
7118364  1.042000  1.414000  5641.800000  0.264000  1432.900000
7118545  1.056000  1.429000  6079.300000  0.402000  1173.200000
7119080  0.828000  0.876000  5146.700000  -0.311000  746.400000
7119481  1.069000  1.064000  6076.200000  0.146000  1026.100000
7120108  0.762000  0.736000  4885.300000  -0.555000  430.700000
7121885  1.180000  1.718000  6068.000000  0.561000  2123.700000
7122259  1.372000  2.027000  6212.900000  0.745000  3131.500000
7123580  1.058000  1.336000  5851.500000  0.278000  1398.100000
7123614  1.099000  1.106000  6046.500000  0.169000  809.100000
7124026  1.195000  1.912000  5904.300000  0.605000  973.500000
7124613  1.278000  1.278000  6622.900000  0.455000  781.700000
7125636  0.755000  0.759000  4651.200000  -0.614000  593.000000
7125794  1.298000  1.310000  6486.700000  0.439000  678.800000
7128918  1.018000  1.521000  5629.400000  0.325000  2049.200000
7129465  0.879000  1.139000  5159.400000  -0.079000  1106.500000
7130418  1.011000  1.119000  5829.600000  0.118000  1382.900000
7130612  0.608000  0.604000  4163.100000  -1.003000  534.400000
7131760  0.842000  0.791000  5434.400000  -0.309000  871.000000
7132015  0.889000  88.176000  3621.000000  3.086000  6824.900000
7132462  1.616000  2.642000  6391.100000  1.026000  1542.300000
7132542  1.537000  2.886000  6111.600000  1.002000  3173.500000
7132798  0.928000  0.992000  5584.500000  -0.062000  698.700000
7133286  0.895000  9.144000  4629.400000  1.543000  1606.400000
7133294  1.315000  2.075000  6125.900000  0.740000  1273.100000
7134626  1.666000  1.861000  7271.300000  0.952000  1009.700000
7134976  0.823000  0.779000  4955.000000  -0.481000  630.100000
7135549  1.155000  1.334000  6074.300000  0.343000  934.800000
7135852  0.720000  0.717000  4548.400000  -0.702000  565.300000
7136729  0.888000  0.870000  5444.700000  -0.220000  539.900000
7136958  1.148000  1.420000  6029.500000  0.386000  1771.700000
7137213  1.250000  1.427000  6471.800000  0.509000  575.500000
7137725  1.348000  1.546000  6612.600000  0.612000  828.500000
7137798  1.579000  2.490000  6690.100000  1.051000  1482.800000
7138841  1.242000  1.230000  6525.000000  0.394000  788.600000
7174349  nan  nan  nan  nan  nan
7174351  0.978000  1.381000  5616.200000  0.236000  1732.200000
7174617  0.846000  0.879000  5163.400000  -0.303000  403.300000
7174911  0.808000  0.788000  4956.800000  -0.469000  739.400000
7175184  1.157000  1.156000  6423.200000  0.313000  384.900000
7176424  0.865000  0.854000  5343.500000  -0.268000  810.100000
7177553  nan  nan  nan  nan  nan
7177555  0.689000  0.676000  4437.800000  -0.796000  337.100000
7177766  1.459000  2.952000  5231.300000  0.775000  643.400000
7177892  1.293000  1.769000  6266.400000  0.640000  460.500000
7183745  0.736000  0.723000  5034.200000  -0.517000  845.600000
7184556  0.819000  0.793000  5195.700000  -0.382000  985.200000
7185487  0.443000  0.455000  3572.100000  -1.517000  242.200000
7185710  1.311000  4.486000  4930.800000  1.034000  3200.200000
7186259  nan  nan  nan  nan  nan
7186436  0.907000  0.893000  5518.700000  -0.174000  747.000000
7186665  1.092000  1.310000  5956.100000  0.292000  1163.900000
7189825  0.861000  1.118000  5471.500000  0.008000  624.500000
7190639  1.625000  2.831000  6447.700000  1.099000  1915.300000
7191523  0.930000  0.877000  5690.700000  -0.138000  594.700000
7191646  0.947000  1.160000  5623.100000  0.087000  1588.700000
7192680  0.837000  0.829000  5221.200000  -0.334000  1069.300000
7198587  1.389000  4.701000  4847.700000  1.043000  1262.600000
7198648  nan  nan  nan  nan  nan
7198881  1.384000  1.585000  6393.800000  0.579000  966.300000
7199060  1.357000  1.437000  6774.200000  0.593000  816.000000
7199397  1.445000  2.469000  6205.800000  0.913000  422.500000
7199644  1.002000  1.112000  5807.400000  0.106000  840.700000
7199724  1.013000  1.241000  5787.400000  0.194000  1100.200000
7199756  0.581000  0.593000  3939.000000  -1.117000  317.800000
7199774  0.960000  1.183000  5541.800000  0.077000  570.300000
7199883  1.048000  1.489000  5748.000000  0.339000  878.600000
7199906  1.058000  1.465000  5698.100000  0.312000  1577.000000
7199935  1.163000  1.864000  5843.700000  0.565000  1022.300000
7200102  0.884000  1.260000  5233.400000  0.035000  1182.700000
7200225  0.940000  1.095000  5619.800000  0.035000  1299.600000
7200301  0.907000  1.002000  5473.600000  -0.076000  871.300000
7200485  0.979000  1.119000  5686.100000  0.087000  1199.900000
7202957  0.973000  0.945000  5682.800000  -0.075000  113.000000
7203179  1.930000  3.210000  6391.000000  1.191000  1898.900000
7203194  1.142000  1.191000  6195.200000  0.276000  980.300000
7203326  0.951000  1.376000  5949.000000  0.334000  969.900000
7203858  1.993000  3.162000  7454.600000  1.447000  1392.700000
7204073  0.633000  0.622000  4199.500000  -0.952000  111.100000
7204233  0.770000  0.760000  4847.000000  -0.539000  490.800000
7204981  0.860000  0.821000  5356.400000  -0.299000  848.400000
7205717  1.155000  2.023000  5669.100000  0.583000  1266.400000
7206422  1.416000  4.527000  4873.200000  1.022000  654.000000
7207061  0.763000  0.770000  5183.000000  -0.410000  954.700000
7207081  0.969000  1.210000  6242.700000  0.304000  836.400000
7210749  nan  nan  nan  nan  nan
7211141  1.008000  1.328000  5611.000000  0.200000  1971.100000
7211221  0.958000  1.001000  5772.500000  0.002000  592.000000
7211469  1.012000  1.137000  5837.300000  0.144000  1115.300000
7211879  0.971000  0.937000  5847.100000  -0.031000  1246.600000
7212066  0.890000  1.495000  5199.000000  0.171000  1444.400000
7212184  0.991000  1.321000  5954.800000  0.299000  1585.900000
7212722  1.283000  1.598000  6285.000000  0.560000  1112.700000
7213311  1.624000  6.138000  4944.500000  1.315000  2514.000000
7214090  1.008000  1.114000  5821.700000  0.113000  1535.300000
7215603  1.267000  1.500000  6164.500000  0.469000  399.200000
7215678  1.103000  1.139000  6105.300000  0.211000  983.400000
7216284  0.881000  0.891000  5418.100000  -0.197000  1039.500000
7217088  0.985000  1.220000  6012.200000  0.247000  1197.700000
7219761  1.022000  1.928000  5331.800000  0.434000  180.700000
7219825  1.257000  1.290000  6571.700000  0.447000  1006.100000
7219906  0.964000  1.100000  5697.000000  0.063000  785.100000
7220320  nan  nan  nan  nan  nan
7220322  0.948000  0.875000  6293.800000  0.034000  370.200000
7220429  nan  nan  nan  nan  nan
7222086  1.615000  2.082000  7653.400000  1.130000  577.200000
7255336  1.168000  1.564000  6220.100000  0.520000  401.400000
7255910  0.893000  0.953000  6083.800000  0.052000  628.800000
7256460  1.144000  1.486000  5875.300000  0.377000  793.100000
7256914  1.192000  1.872000  5758.000000  0.543000  1244.400000
7257363  0.820000  0.799000  5157.400000  -0.388000  866.900000
7257373  0.986000  2.028000  5436.900000  0.514000  950.300000
7257966  0.862000  0.852000  5340.200000  -0.271000  1001.100000
7258902  0.840000  0.947000  5149.800000  -0.243000  956.800000
7259249  0.978000  1.000000  5764.900000  0.000000  1115.100000
7259298  1.164000  1.386000  6112.900000  0.387000  886.200000
7265298  1.010000  1.184000  5870.700000  0.179000  1417.500000
7266212  0.994000  1.220000  5744.000000  0.167000  1168.500000
7269493  0.884000  1.142000  5346.300000  -0.014000  403.500000
7269881  0.799000  0.769000  5085.300000  -0.446000  467.300000
7269974  1.019000  1.059000  5650.700000  0.016000  932.600000
7270230  0.844000  0.898000  5240.200000  -0.258000  1253.400000
7272132  1.059000  1.186000  5944.700000  0.203000  1408.500000
7273277  1.096000  1.331000  5757.100000  0.247000  558.000000
7277317  1.140000  2.597000  4861.200000  0.534000  1061.100000
7280953  0.614000  0.634000  3989.200000  -1.037000  90.500000
7281217  0.908000  1.445000  5337.200000  0.187000  1695.200000
7281229  0.963000  1.037000  5700.800000  0.014000  1695.400000
7281356  1.126000  1.381000  6002.700000  0.351000  1602.100000
7281399  0.719000  0.714000  4466.200000  -0.737000  655.700000
7281410  1.600000  49.896000  4041.400000  2.781000  3958.600000
7281411  1.296000  3.784000  4988.000000  0.907000  4169.900000
7281454  1.287000  3.244000  5052.700000  0.794000  2190.300000
7281484  1.354000  1.737000  6357.300000  0.648000  687.700000
7281616  0.761000  0.750000  4814.500000  -0.563000  831.400000
7281668  0.888000  0.989000  5354.500000  -0.137000  469.600000
7281694  0.711000  0.688000  4675.100000  -0.689000  297.500000
7281699  0.882000  1.212000  5335.900000  0.036000  1535.300000
7282008  0.808000  0.790000  5097.500000  -0.418000  1000.400000
7282042  1.279000  1.402000  6365.500000  0.469000  899.300000
7282154  0.949000  1.830000  5137.600000  0.327000  2214.600000
7282168  0.918000  1.012000  5554.000000  -0.054000  958.500000
7282470  1.340000  4.328000  4970.000000  1.014000  1080.000000
7282872  1.293000  1.549000  6374.200000  0.554000  769.700000
7283710  0.732000  0.702000  4892.100000  -0.593000  738.300000
7284688  nan  nan  nan  nan  nan
7285616  1.702000  2.703000  6312.500000  1.023000  1283.500000
7285673  1.244000  1.676000  6085.100000  0.544000  1503.100000
7285757  0.774000  0.739000  5376.000000  -0.384000  924.900000
7286173  1.020000  0.963000  5678.800000  -0.059000  549.000000
7286911  0.890000  0.833000  5354.300000  -0.292000  752.100000
7287028  0.941000  0.935000  5745.600000  -0.064000  534.700000
7287391  0.677000  0.672000  4296.100000  -0.855000  332.900000
7287415  1.007000  0.989000  5802.600000  0.002000  995.600000
7287677  0.794000  0.822000  5505.900000  -0.250000  826.300000
7287683  1.744000  1.897000  7751.700000  1.073000  851.500000
7287995  0.647000  0.633000  4330.900000  -0.893000  347.500000
7288306  0.834000  1.008000  5312.400000  -0.133000  1180.500000
7288444  1.076000  1.786000  5593.700000  0.453000  1872.500000
7289139  0.927000  0.910000  5624.500000  -0.124000  1180.800000
7289157  1.241000  1.634000  6099.800000  0.527000  740.300000
7289162  1.304000  1.880000  6074.500000  0.640000  1197.900000
7289165  1.154000  1.156000  6202.300000  0.253000  529.600000
7289317  0.896000  0.834000  5445.500000  -0.259000  755.800000
7289338  1.076000  1.356000  5789.400000  0.273000  1846.500000
7289577  0.826000  0.883000  5144.600000  -0.305000  781.500000
7293937  nan  nan  nan  nan  nan
7294743  1.212000  1.976000  5569.400000  0.532000  870.000000
7295235  0.910000  0.878000  5375.800000  -0.235000  278.900000
7295570  1.213000  2.010000  5883.200000  0.642000  1504.700000
7296086  0.958000  1.290000  5603.100000  0.171000  1040.200000
7296094  nan  nan  nan  nan  nan
7296438  1.145000  1.403000  5757.100000  0.293000  165.900000
7300182  1.153000  1.137000  6354.300000  0.277000  993.200000
7303253  0.784000  0.772000  4934.600000  -0.494000  622.600000
7303287  1.051000  1.004000  6080.600000  0.096000  706.900000
7304449  0.347000  0.366000  3535.200000  -1.723000  133.700000
7335514  0.668000  0.670000  4404.800000  -0.816000  171.600000
7335713  0.894000  4.197000  5101.000000  1.034000  1037.600000
7335972  0.878000  0.883000  5391.000000  -0.224000  969.900000
7336093  0.868000  2.141000  4609.900000  0.292000  1180.600000
7336754  1.111000  2.013000  5638.000000  0.572000  1277.600000
7340624  1.168000  1.532000  6000.800000  0.442000  2145.900000
7345136  0.923000  0.966000  5569.100000  -0.089000  1259.900000
7345248  1.180000  2.311000  5906.900000  0.771000  1087.200000
7345335  0.901000  0.898000  5486.200000  -0.180000  783.500000
7347246  0.972000  1.065000  5722.700000  0.043000  1631.900000
7350067  0.355000  0.374000  3482.000000  -1.727000  126.900000
7351237  0.844000  0.882000  5237.700000  -0.274000  1106.800000
7352727  1.825000  10.536000  4843.700000  1.745000  925.400000
7353970  0.895000  1.014000  5477.600000  -0.077000  579.600000
7357531  1.019000  1.355000  5746.800000  0.259000  1241.000000
7362450  0.870000  0.942000  5340.800000  -0.183000  342.800000
7362534  1.018000  1.409000  5715.900000  0.283000  839.800000
7362632  1.130000  1.656000  5858.400000  0.466000  2191.400000
7362696  1.106000  2.734000  5159.300000  0.684000  2799.100000
7362852  1.268000  2.350000  5718.300000  0.730000  2645.800000
7363829  1.195000  1.736000  5757.500000  0.475000  1991.300000
7364176  0.872000  0.932000  5775.000000  -0.058000  374.400000
7365447  1.781000  3.199000  6426.900000  1.200000  3023.100000
7366036  nan  nan  nan  nan  nan
7366065  1.168000  1.289000  6201.800000  0.350000  1159.000000
7366258  0.930000  0.863000  5534.600000  -0.200000  924.900000
7366501  0.987000  0.963000  5856.800000  -0.005000  1053.100000
7366895  1.070000  1.455000  5890.900000  0.364000  860.000000
7367164  1.252000  2.161000  5841.300000  0.694000  2062.100000
7368103  1.887000  2.822000  7497.900000  1.368000  2210.000000
7368137  0.850000  0.812000  5339.800000  -0.314000  730.400000
7368664  1.242000  1.306000  6043.500000  0.313000  1213.100000
7369523  1.318000  2.289000  5974.200000  0.783000  2451.900000
7369865  1.538000  3.679000  5115.500000  0.928000  1700.600000
7373451  0.769000  0.747000  5040.500000  -0.488000  879.800000
7373877  0.695000  0.671000  4672.900000  -0.714000  619.700000
7374746  nan  nan  nan  nan  nan
7375100  0.840000  0.792000  4811.400000  -0.517000  385.000000
7375348  0.901000  1.269000  5506.500000  0.128000  323.800000
7375795  1.067000  1.739000  5931.800000  0.530000  831.900000
7376490  0.826000  0.838000  5507.000000  -0.233000  366.500000
7376500  1.064000  1.701000  5644.400000  0.427000  1548.700000
7376982  0.997000  1.063000  5733.900000  0.044000  602.600000
7376983  0.736000  0.725000  4650.600000  -0.653000  591.500000
7377033  0.890000  1.306000  5339.000000  0.102000  1369.200000
7377200  1.714000  2.661000  6539.100000  1.070000  1623.400000
7377343  nan  nan  nan  nan  nan
7379385  1.333000  1.685000  6403.100000  0.635000  1560.900000
7380537  0.769000  0.744000  4942.000000  -0.524000  738.700000
7380829  1.093000  1.091000  6138.400000  0.185000  1118.400000
7381580  1.132000  1.317000  6046.400000  0.339000  1326.700000
7381695  0.936000  0.953000  5626.900000  -0.082000  1256.600000
7382313  1.000000  1.009000  5898.000000  0.048000  957.300000
7383840  0.878000  0.886000  5394.000000  -0.222000  932.100000
7385387  0.939000  0.962000  5635.600000  -0.072000  1245.700000
7385478  1.651000  2.417000  6910.600000  1.080000  589.200000
7385509  1.416000  12.664000  4847.200000  1.909000  4242.900000
7386200  1.351000  1.948000  6184.900000  0.703000  1805.600000
7386391  nan  nan  nan  nan  nan
7386827  0.900000  0.856000  5575.600000  -0.193000  766.500000
7416016  0.659000  0.682000  4210.200000  -0.885000  281.800000
7416306  1.247000  2.878000  5171.100000  0.731000  1306.800000
7416646  0.907000  0.871000  5202.500000  -0.298000  308.800000
7418173  1.348000  3.528000  5066.200000  0.872000  1316.900000
7419318  0.863000  0.852000  5259.600000  -0.299000  302.400000
7421876  1.790000  2.344000  6941.600000  1.062000  706.100000
7422883  1.689000  2.637000  6896.200000  1.154000  693.100000
7427764  0.831000  0.813000  5200.000000  -0.358000  845.100000
7428316  1.079000  1.318000  5918.500000  0.287000  1368.400000
7428736  0.821000  0.792000  5117.400000  -0.410000  547.700000
7429240  0.890000  0.837000  5360.900000  -0.281000  838.800000
7429287  0.889000  1.571000  5643.900000  0.355000  327.200000
7430034  0.982000  1.535000  5595.400000  0.324000  831.100000
7430876  nan  nan  nan  nan  nan
7431665  1.260000  8.117000  4676.500000  1.455000  843.800000
7431709  0.768000  0.742000  4923.100000  -0.533000  596.200000
7433585  1.116000  1.784000  5752.200000  0.500000  1838.500000
7434875  0.789000  0.805000  4910.300000  -0.467000  654.800000
7435780  1.266000  1.385000  6430.500000  0.474000  1779.300000
7436177  1.293000  2.114000  6027.000000  0.728000  1983.800000
7436215  0.834000  0.846000  5182.100000  -0.330000  760.100000
7439316  0.702000  0.682000  4600.200000  -0.725000  649.400000
7440715  1.340000  5.088000  4901.500000  1.132000  2844.400000
7440748  0.821000  0.775000  4904.800000  -0.502000  436.100000
7445445  0.877000  0.823000  5695.900000  -0.189000  609.700000
7446631  1.256000  1.669000  6042.300000  0.527000  1339.300000
7447200  0.679000  0.675000  4417.100000  -0.803000  231.500000
7447895  0.881000  0.956000  5413.500000  -0.147000  771.600000
7448023  0.648000  0.633000  4342.400000  -0.890000  483.900000
7449136  1.482000  2.172000  6246.000000  0.818000  589.500000
7449541  0.955000  1.842000  5508.800000  0.453000  2378.500000
7449554  0.957000  1.211000  5599.000000  0.117000  1589.600000
7449844  1.459000  2.320000  6661.200000  0.982000  1688.500000
7450747  1.389000  2.084000  6016.800000  0.713000  2539.000000
7451315  1.045000  1.489000  5736.100000  0.338000  1895.300000
7455287  0.518000  0.522000  3853.900000  -1.266000  268.100000
7455553  1.358000  1.543000  6592.400000  0.610000  840.900000
7455981  0.969000  1.670000  5525.700000  0.372000  860.300000
7456001  1.033000  1.154000  5886.700000  0.161000  1078.200000
7456380  0.864000  0.855000  5331.500000  -0.272000  623.000000
7456521  0.988000  1.231000  5720.500000  0.168000  1211.500000
7457278  1.240000  1.577000  5814.700000  0.412000  342.500000
7457296  nan  nan  nan  nan  nan
7458309  0.963000  1.011000  5798.700000  0.019000  678.600000
7458433  1.250000  1.238000  6409.600000  0.369000  1020.900000
7458743  1.268000  5.317000  4842.100000  1.148000  1683.100000
7458762  1.024000  1.091000  5879.900000  0.109000  1082.400000
7461307  0.975000  1.103000  5729.200000  0.075000  901.600000
7461314  1.045000  1.070000  5958.900000  0.116000  1064.400000
7461521  1.437000  2.213000  6207.200000  0.819000  2153.800000
7463685  1.188000  1.213000  6347.100000  0.336000  1435.300000
7464205  1.848000  3.090000  6814.800000  1.269000  1314.200000
7466270  0.689000  0.671000  4583.800000  -0.746000  564.900000
7466863  1.060000  1.408000  6202.000000  0.422000  923.900000
7468295  1.129000  4.453000  4961.800000  1.036000  1602.900000
7470491  1.736000  88.667000  3680.900000  3.115000  6244.800000
7499398  0.880000  0.977000  5416.600000  -0.119000  1170.400000
7499571  0.963000  0.924000  5692.600000  -0.091000  936.800000
7501646  0.854000  0.892000  5286.900000  -0.249000  1104.200000
7503885  0.993000  1.153000  5767.100000  0.125000  1274.300000
7504328  0.947000  0.939000  5651.900000  -0.089000  848.300000
7504778  1.116000  1.520000  5889.300000  0.401000  1696.800000
7509886  0.825000  0.789000  4954.600000  -0.469000  309.600000
7510820  0.732000  0.709000  4756.000000  -0.632000  681.800000
7512982  0.726000  0.712000  4907.500000  -0.574000  836.800000
7515212  1.222000  1.456000  5969.400000  0.386000  685.100000
7515336  1.218000  1.973000  5591.800000  0.539000  702.900000
7515670  1.042000  1.170000  5871.100000  0.174000  1446.500000
7515679  1.556000  1.911000  6994.700000  0.898000  843.600000
7515762  1.121000  1.454000  5846.000000  0.349000  1814.800000
7516073  0.883000  1.210000  5735.200000  0.157000  589.200000
7516809  0.983000  1.417000  5608.600000  0.256000  1793.400000
7517261  1.462000  1.990000  6723.000000  0.866000  1467.200000
7522911  1.135000  1.433000  5984.300000  0.379000  2028.700000
7523542  nan  nan  nan  nan  nan
7529266  1.459000  2.154000  6276.300000  0.816000  1409.700000
7531677  1.066000  1.219000  5942.800000  0.225000  922.400000
7532973  1.379000  2.360000  6081.100000  0.839000  1385.800000
7534267  1.101000  1.484000  5685.100000  0.318000  1102.700000
7537660  1.579000  3.516000  5438.700000  0.992000  1811.900000
7537945  0.934000  1.094000  5602.400000  0.029000  1057.100000
7538434  0.846000  0.841000  5277.300000  -0.311000  958.100000
7538450  nan  nan  nan  nan  nan
7539174  1.260000  9.481000  4694.200000  1.603000  1668.500000
7539277  1.103000  1.133000  5721.600000  0.096000  891.400000
7541502  0.754000  0.794000  5039.200000  -0.434000  141.600000
7541746  1.456000  1.931000  6929.500000  0.887000  846.200000
7542369  1.128000  1.095000  6459.300000  0.283000  960.400000
7542813  1.209000  1.375000  6250.600000  0.414000  1566.400000
7543649  1.258000  1.757000  6076.100000  0.582000  2066.100000
7549209  1.085000  1.092000  6108.500000  0.179000  1240.100000
7550875  0.825000  0.794000  5213.000000  -0.374000  748.800000
7552344  0.879000  1.021000  5380.100000  -0.113000  1037.500000
7552701  1.234000  1.464000  6537.200000  0.549000  950.000000
7581535  0.922000  1.168000  5538.200000  0.067000  1499.300000
7582689  1.266000  1.577000  6258.600000  0.538000  485.400000
7582691  0.571000  0.577000  4021.500000  -1.108000  262.400000
7583650  1.225000  1.334000  6206.100000  0.382000  952.100000
7584650  0.954000  1.532000  5894.100000  0.410000  862.100000
7584778  0.863000  0.844000  5335.200000  -0.282000  636.700000
7585481  1.189000  1.580000  6012.400000  0.469000  2049.900000
7588436  1.641000  2.177000  6435.700000  0.867000  1024.800000
7592339  0.949000  0.984000  6065.900000  0.074000  500.800000
7592529  1.023000  1.065000  5947.200000  0.109000  273.200000
7592922  0.816000  0.786000  5175.500000  -0.396000  791.000000
7593110  0.865000  1.059000  5275.600000  -0.102000  1366.100000
7595157  0.898000  0.865000  5407.700000  -0.237000  556.300000
7596240  1.073000  1.244000  5950.300000  0.246000  1404.800000
7597005  0.989000  1.213000  5729.100000  0.158000  1411.300000
7597703  1.515000  1.815000  6998.200000  0.858000  2478.700000
7598111  nan  nan  nan  nan  nan
7598128  1.583000  2.504000  6382.000000  0.974000  1417.600000
7598326  0.864000  0.802000  5683.000000  -0.215000  860.200000
7599004  1.184000  1.804000  5929.200000  0.563000  1837.100000
7601633  1.456000  2.017000  6163.700000  0.727000  1194.400000
7601665  1.216000  1.606000  5971.200000  0.469000  924.600000
7601918  1.175000  1.445000  6087.400000  0.414000  587.300000
7602070  1.028000  1.102000  5588.200000  0.032000  823.900000
7602351  1.021000  1.062000  5795.100000  0.062000  1150.800000
7603200  0.535000  0.535000  3974.700000  -1.191000  66.000000
7604328  0.813000  0.783000  5161.900000  -0.405000  808.600000
7605093  0.788000  0.758000  5061.900000  -0.466000  852.000000
7605600  0.508000  0.515000  3761.800000  -1.319000  157.500000
7609553  0.771000  0.732000  4846.700000  -0.573000  458.100000
7609674  1.291000  2.087000  6108.200000  0.740000  1124.900000
7610663  0.990000  0.983000  5535.600000  -0.086000  501.400000
7612691  1.189000  3.671000  4913.800000  0.857000  3908.500000
7613246  0.991000  1.227000  5730.600000  0.169000  1298.000000
7613620  0.846000  0.899000  5248.500000  -0.254000  1094.900000
7618231  0.945000  1.078000  5640.300000  0.028000  952.100000
7618364  1.619000  1.908000  7122.900000  0.930000  1238.700000
7619236  1.050000  1.059000  5625.500000  0.006000  647.500000
7619667  0.837000  1.077000  5414.800000  -0.043000  622.800000
7620413  1.070000  1.167000  5892.800000  0.173000  1043.000000
7620660  1.012000  1.017000  5890.200000  0.052000  1250.000000
7620844  0.865000  0.939000  5342.600000  -0.184000  836.100000
7622059  1.425000  1.952000  6484.300000  0.786000  1052.900000
7622072  0.986000  1.259000  5705.800000  0.182000  655.300000
7622473  0.873000  94.341000  3582.900000  3.128000  5728.000000
7622486  nan  nan  nan  nan  nan
7624297  nan  nan  nan  nan  nan
7625138  1.326000  1.410000  6613.500000  0.536000  338.400000
7625143  1.548000  2.278000  6731.800000  0.986000  1187.100000
7626370  0.843000  0.820000  5253.900000  -0.333000  465.400000
7626506  0.901000  0.872000  5964.700000  -0.060000  512.600000
7629518  1.166000  1.213000  6266.200000  0.315000  1481.500000
7630229  1.107000  1.083000  6001.700000  0.138000  676.000000
7630658  1.189000  1.805000  5921.200000  0.561000  1981.400000
7631138  0.854000  0.810000  5026.300000  -0.421000  435.800000
7631194  2.172000  9.904000  4966.900000  1.732000  1437.100000
7658229  1.037000  1.855000  5406.400000  0.427000  1601.400000
7659389  0.777000  0.754000  4971.700000  -0.503000  843.800000
7661065  0.846000  0.789000  5279.200000  -0.359000  663.800000
7661409  0.922000  1.064000  5564.100000  -0.007000  1249.100000
7661893  0.845000  0.941000  5862.700000  -0.023000  421.800000
7662209  nan  nan  nan  nan  nan
7662502  1.227000  1.313000  6098.600000  0.333000  798.600000
7662744  1.036000  1.303000  5813.500000  0.245000  1704.400000
7663405  0.873000  0.857000  5088.300000  -0.351000  818.400000
7663691  1.037000  1.140000  5901.800000  0.155000  1314.800000
7663804  0.880000  3.888000  5088.700000  0.964000  1639.900000
7664272  0.882000  1.092000  5401.200000  -0.035000  651.500000
7668416  0.815000  0.822000  5084.600000  -0.388000  756.700000
7668648  1.021000  1.418000  5714.300000  0.289000  1714.700000
7668663  1.023000  1.164000  5828.100000  0.151000  566.000000
7670485  0.975000  1.190000  5661.100000  0.123000  934.100000
7670617  0.879000  1.165000  5229.200000  -0.035000  1163.200000
7670943  1.236000  1.428000  6351.500000  0.475000  295.100000
7671594  0.479000  0.487000  3682.400000  -1.403000  211.700000
7671950  1.168000  1.848000  5844.200000  0.559000  2362.400000
7672097  0.827000  0.779000  5385.600000  -0.334000  1108.600000
7672215  1.367000  1.695000  6894.800000  0.771000  1197.800000
7672940  1.322000  1.702000  6363.700000  0.635000  613.800000
7673192  1.110000  1.093000  6248.500000  0.217000  625.300000
7673841  0.999000  1.134000  6175.700000  0.229000  679.200000
7674050  0.878000  1.189000  5303.400000  0.010000  1638.000000
7676423  0.698000  0.679000  4608.300000  -0.732000  501.600000
7677005  1.535000  2.179000  6867.100000  0.981000  856.700000
7678434  0.775000  0.747000  5037.300000  -0.487000  635.900000
7679812  1.299000  1.438000  6603.800000  0.552000  617.400000
7681230  1.223000  1.736000  6004.400000  0.549000  1789.200000
7684873  1.757000  2.253000  7695.000000  1.208000  531.600000
7685981  1.098000  1.907000  5748.300000  0.558000  2639.700000
7686191  0.975000  1.769000  5278.500000  0.344000  1659.100000
7687365  0.776000  0.753000  4958.300000  -0.508000  680.300000
7690521  1.021000  1.655000  5547.200000  0.373000  1466.500000
7690782  1.322000  2.555000  5708.200000  0.800000  1640.200000
7690844  1.120000  1.273000  6063.700000  0.298000  1926.600000
7690855  0.665000  0.659000  4269.900000  -0.881000  218.700000
7691260  0.853000  0.856000  5275.400000  -0.288000  503.500000
7691527  0.893000  1.138000  5437.600000  0.013000  1181.300000
7692093  0.825000  0.786000  5291.000000  -0.357000  1076.400000
7692248  1.036000  1.175000  5877.500000  0.175000  1791.600000
7694615  0.816000  0.742000  5535.900000  -0.330000  468.000000
7695087  0.926000  2.336000  4832.600000  0.432000  1250.800000
7695093  1.182000  1.464000  6087.200000  0.424000  932.200000
7695445  1.608000  2.159000  6947.300000  0.995000  1238.300000
7697103  1.059000  1.620000  5692.000000  0.400000  2002.900000
7697568  0.921000  1.336000  5453.600000  0.158000  1643.500000
7698701  1.020000  1.028000  5902.000000  0.065000  986.100000
7699298  0.965000  1.309000  5378.600000  0.114000  582.100000
7700500  0.783000  0.767000  4963.300000  -0.490000  867.200000
7700561  1.351000  1.974000  6190.400000  0.717000  2647.500000
7700578  1.737000  2.378000  7187.300000  1.137000  2164.400000
7700590  1.080000  1.203000  5991.700000  0.226000  1163.400000
7700622  0.696000  0.685000  4752.400000  -0.664000  195.000000
7700871  0.827000  1.314000  5622.200000  0.194000  325.600000
7701809  1.314000  3.659000  4958.800000  0.865000  1294.900000
7703882  1.005000  1.013000  5867.400000  0.041000  1369.900000
7703910  1.106000  1.215000  6066.900000  0.260000  1293.200000
7703955  0.886000  1.033000  5766.000000  0.025000  1153.600000
7707736  0.994000  1.049000  5800.100000  0.054000  1356.600000
7707742  nan  nan  nan  nan  nan
7708193  nan  nan  nan  nan  nan
7708215  0.942000  0.936000  5655.200000  -0.090000  1051.700000
7730747  1.116000  2.090000  5310.100000  0.498000  1095.300000
7731281  nan  nan  nan  nan  nan
7732285  1.161000  1.236000  6356.000000  0.355000  668.100000
7732791  0.715000  0.712000  4402.400000  -0.766000  604.000000
7733540  0.624000  0.648000  3999.300000  -1.014000  269.900000
7733731  1.325000  1.944000  6248.100000  0.718000  1050.200000
7741048  1.135000  1.529000  5923.900000  0.416000  689.900000
7741837  1.916000  3.252000  6704.400000  1.287000  811.700000
7742408  0.748000  0.738000  4697.400000  -0.621000  247.000000
7743464  1.093000  1.478000  5856.600000  0.368000  1554.200000
7746958  nan  nan  nan  nan  nan
7747091  nan  nan  nan  nan  nan
7747103  nan  nan  nan  nan  nan
7747197  0.816000  0.792000  5142.900000  -0.400000  854.400000
7747425  1.054000  1.197000  5847.100000  0.182000  1041.200000
7747457  1.214000  2.000000  5902.100000  0.635000  1503.700000
7747835  1.068000  1.433000  5820.000000  0.329000  1672.700000
7748487  1.079000  1.365000  5885.400000  0.307000  1863.400000
7749002  0.863000  0.808000  5583.100000  -0.239000  1125.200000
7749318  0.931000  1.237000  5545.800000  0.118000  931.800000
7749773  nan  nan  nan  nan  nan
7750342  1.033000  9.862000  5017.500000  1.751000  3152.100000
7750419  1.072000  1.191000  5824.700000  0.171000  1155.600000
7750740  1.048000  1.249000  5879.500000  0.229000  1217.300000
7751133  1.167000  1.585000  5823.500000  0.418000  903.000000
7751294  1.080000  1.293000  5938.300000  0.276000  1078.800000
7751562  1.225000  1.725000  6023.800000  0.550000  2111.100000
7751571  nan  nan  nan  nan  nan
7755636  1.368000  1.421000  6795.200000  0.596000  733.100000
7755741  nan  nan  nan  nan  nan
7757620  1.297000  1.485000  6093.300000  0.443000  918.400000
7757698  1.040000  1.310000  5738.100000  0.226000  1076.800000
7758018  1.114000  1.443000  5925.400000  0.367000  1884.400000
7761545  0.989000  0.957000  5659.400000  -0.072000  984.900000
7761585  1.097000  1.534000  5836.500000  0.394000  2513.000000
7761918  nan  nan  nan  nan  nan
7762153  1.078000  1.252000  5642.200000  0.160000  1296.900000
7762717  0.741000  0.714000  4832.900000  -0.600000  418.900000
7762723  0.977000  1.308000  5647.000000  0.198000  678.300000
7762886  0.735000  0.710000  4812.500000  -0.611000  573.500000
7763269  1.713000  3.653000  6249.600000  1.271000  2771.300000
7764367  1.375000  1.727000  6686.100000  0.735000  1309.500000
7765528  1.107000  1.129000  6174.900000  0.227000  1191.500000
7767162  1.555000  2.074000  6575.700000  0.863000  1421.100000
7767559  1.110000  1.397000  5944.400000  0.346000  1547.100000
7767733  1.150000  1.407000  6042.100000  0.381000  2249.800000
7767781  0.904000  0.882000  5535.600000  -0.178000  1055.000000
7768451  0.931000  0.918000  5603.400000  -0.124000  821.600000
7768952  1.173000  2.472000  5400.900000  0.673000  966.700000
7769072  1.248000  3.642000  4963.300000  0.865000  1468.900000
7769815  nan  nan  nan  nan  nan
7769819  0.835000  0.847000  5192.400000  -0.326000  884.100000
7770450  0.887000  0.842000  5570.800000  -0.208000  1096.200000
7770471  1.421000  1.429000  7213.700000  0.700000  1728.700000
7770901  nan  nan  nan  nan  nan
7771181  nan  nan  nan  nan  nan
7772914  nan  nan  nan  nan  nan
7773179  1.119000  1.188000  6122.700000  0.256000  1150.200000
7777365  0.878000  1.042000  5392.200000  -0.076000  1218.900000
7777372  1.619000  2.276000  6384.000000  0.893000  1691.400000
7777397  1.754000  2.612000  7005.200000  1.175000  779.100000
7777416  0.928000  0.913000  5611.600000  -0.127000  980.900000
7777471  1.188000  1.543000  6040.000000  0.461000  1299.100000
7777522  0.926000  1.005000  5570.200000  -0.057000  1352.900000
7777818  1.328000  1.419000  6785.100000  0.586000  745.300000
7778427  1.220000  1.218000  6504.100000  0.381000  522.400000
7778437  1.452000  1.607000  6998.900000  0.754000  1242.600000
7778621  0.747000  0.734000  4732.000000  -0.612000  248.600000
7778664  1.191000  1.584000  6011.500000  0.468000  1533.200000
7778767  1.021000  1.050000  5578.800000  -0.014000  1365.500000
7779077  0.886000  0.846000  5489.400000  -0.232000  583.900000
7779942  1.831000  2.590000  6854.900000  1.128000  368.200000
7798259  0.796000  0.833000  4886.100000  -0.447000  802.200000
7799701  1.493000  2.814000  6529.400000  1.117000  1892.600000
7800285  0.961000  1.096000  5688.600000  0.057000  1154.800000
7801070  0.882000  1.167000  5372.200000  0.013000  1155.500000
7802136  0.919000  1.204000  5938.500000  0.213000  922.400000
7802719  0.716000  0.710000  4468.300000  -0.740000  339.400000
7804128  1.069000  1.243000  5607.600000  0.141000  750.600000
7808587  0.976000  0.977000  5998.600000  0.049000  710.100000
7809049  0.752000  0.739000  4757.900000  -0.597000  541.300000
7810483  1.235000  1.378000  6165.200000  0.398000  868.900000
7811057  0.861000  0.819000  4935.900000  -0.444000  294.600000
7811211  0.863000  0.817000  5551.200000  -0.241000  693.800000
7811397  0.812000  0.805000  5110.300000  -0.397000  1033.200000
7811537  0.932000  0.914000  5652.000000  -0.111000  1464.300000
7812167  1.017000  1.055000  5874.800000  0.080000  1410.800000
7812175  nan  nan  nan  nan  nan
7812179  0.894000  1.211000  5419.900000  0.060000  865.400000
7812455  1.137000  1.287000  6110.400000  0.320000  1413.700000
7812893  0.619000  0.621000  4171.200000  -0.977000  427.600000
7812990  nan  nan  nan  nan  nan
7813039  0.962000  0.947000  5577.600000  -0.105000  607.200000
7815744  0.870000  0.929000  5363.800000  -0.188000  1007.600000
7815931  1.066000  1.493000  5788.300000  0.356000  1515.800000
7816665  1.112000  1.524000  5877.600000  0.401000  2487.000000
7816680  1.184000  1.568000  6020.400000  0.465000  2387.100000
7816935  1.040000  1.093000  5931.700000  0.127000  1300.000000
7818447  nan  nan  nan  nan  nan
7819520  0.989000  1.020000  5796.200000  0.028000  1481.600000
7820699  1.011000  1.166000  5767.300000  0.142000  975.000000
7821010  1.405000  1.788000  6597.400000  0.740000  355.500000
7825899  0.832000  0.787000  5043.300000  -0.440000  748.400000
7826620  0.624000  0.618000  4214.700000  -0.963000  386.000000
7826659  0.706000  0.702000  4475.100000  -0.748000  272.300000
7829836  0.956000  0.983000  5798.100000  -0.005000  897.800000
7830321  0.884000  1.256000  5230.300000  0.033000  1306.700000
7830637  1.343000  2.560000  5779.600000  0.823000  2258.000000
7830953  1.030000  1.323000  5782.700000  0.250000  1937.800000
7831264  1.296000  1.377000  6451.900000  0.475000  952.200000
7831363  1.294000  2.118000  6030.800000  0.730000  1641.900000
7832356  1.068000  1.475000  5802.300000  0.350000  1486.700000
7832787  1.187000  1.855000  5910.500000  0.577000  1860.200000
7833305  0.887000  1.730000  5342.000000  0.345000  623.900000
7834045  nan  nan  nan  nan  nan
7834712  0.940000  1.145000  5600.700000  0.071000  1625.900000
7835312  1.058000  1.442000  5901.800000  0.359000  1651.200000
7836096  0.774000  0.775000  4837.200000  -0.527000  812.300000
7837302  1.274000  2.328000  5924.200000  0.783000  1333.600000
7837526  1.267000  1.523000  6321.100000  0.529000  664.200000
7837733  1.192000  1.355000  6210.900000  0.395000  1628.600000
7838639  1.321000  1.688000  6354.100000  0.623000  1110.400000
7838655  0.827000  0.778000  5387.000000  -0.335000  850.100000
7838675  0.964000  0.952000  5741.700000  -0.049000  837.900000
7838906  1.346000  31.345000  4136.800000  2.419000  2332.900000
7840035  nan  nan  nan  nan  nan
7840044  1.318000  1.807000  6217.900000  0.646000  1574.100000
7841368  0.843000  1.250000  5693.300000  0.173000  760.600000
7841925  0.855000  0.820000  5342.900000  -0.303000  586.800000
7841986  1.785000  2.850000  6724.000000  1.175000  1647.000000
7842610  nan  nan  nan  nan  nan
7846730  1.399000  1.962000  6268.000000  0.732000  1053.100000
7847104  1.034000  1.262000  5922.800000  0.249000  536.500000
7847927  0.905000  1.220000  5458.700000  0.080000  1132.100000
7849854  1.078000  1.124000  5868.800000  0.134000  1292.200000
7866914  1.006000  1.366000  5707.100000  0.254000  946.200000
7866921  nan  nan  nan  nan  nan
7868092  1.843000  2.018000  7799.400000  1.137000  469.500000
7868967  0.588000  0.595000  4047.100000  -1.067000  334.400000
7869917  1.409000  1.544000  6885.200000  0.686000  599.300000
7870032  0.914000  0.850000  5627.600000  -0.185000  577.900000
7870250  1.074000  1.719000  5681.700000  0.446000  1431.400000
7870282  1.384000  3.062000  5260.400000  0.815000  3057.700000
7870390  0.592000  0.584000  4163.100000  -1.029000  389.300000
7871395  0.775000  0.741000  4890.000000  -0.547000  510.500000
7871954  0.556000  0.543000  4241.400000  -1.061000  201.200000
7874976  0.967000  1.254000  5962.400000  0.254000  404.500000
7877496  1.151000  1.323000  5843.700000  0.270000  1081.700000
7877818  1.294000  7.240000  4733.400000  1.379000  2884.200000
7877820  1.172000  1.316000  6192.200000  0.364000  668.600000
7877824  0.996000  1.667000  5453.800000  0.349000  2167.000000
7877978  nan  nan  nan  nan  nan
7879433  0.658000  0.657000  4325.400000  -0.865000  248.300000
7879648  0.867000  0.976000  5341.200000  -0.163000  982.700000
7881464  1.297000  6.789000  4769.800000  1.335000  2731.000000
7882360  0.938000  0.938000  5640.400000  -0.093000  1231.300000
7884986  1.200000  6.588000  4710.900000  1.288000  2633.800000
7885494  1.012000  1.554000  5607.800000  0.332000  2167.900000
7885518  0.966000  1.190000  5640.500000  0.113000  511.500000
7885558  0.869000  0.833000  5398.700000  -0.273000  750.700000
7885570  1.251000  2.329000  5596.100000  0.683000  514.400000
7886329  nan  nan  nan  nan  nan
7887791  0.880000  1.036000  5364.200000  -0.094000  135.000000
7887890  0.985000  1.020000  5780.200000  0.022000  1188.100000
7888863  1.116000  1.306000  6020.100000  0.310000  1761.900000
7888957  1.166000  5.436000  4678.100000  1.109000  2177.100000
7889486  0.887000  0.949000  5433.400000  -0.146000  1201.700000
7891264  1.136000  3.687000  4878.200000  0.845000  3627.300000
7891294  1.171000  1.213000  6193.200000  0.292000  584.000000
7897936  2.282000  2.575000  9029.700000  1.606000  2919.000000
7898352  1.057000  1.063000  5814.300000  0.068000  1398.400000
7898576  1.612000  2.657000  6302.200000  1.004000  2131.900000
7899070  1.122000  1.883000  5673.000000  0.524000  2288.300000
7900100  1.082000  1.419000  5860.900000  0.334000  1934.400000
7900114  0.801000  0.765000  5161.100000  -0.424000  718.400000
7900450  1.522000  2.129000  6658.900000  0.908000  1190.900000
7900695  0.820000  0.800000  5318.000000  -0.335000  429.500000
7900727  0.982000  1.039000  5762.900000  0.033000  1220.900000
7901016  1.299000  2.550000  5536.200000  0.743000  1148.600000
7901948  0.915000  0.870000  5674.400000  -0.148000  885.200000
7902003  1.268000  1.463000  6270.700000  0.479000  543.800000
7902204  0.975000  1.151000  5707.200000  0.104000  1661.100000
7902719  1.350000  1.796000  6353.700000  0.679000  2562.400000
7903086  0.899000  1.023000  5482.200000  -0.065000  1338.200000
7905106  0.884000  0.932000  5648.300000  -0.097000  224.100000
7906671  1.042000  1.711000  5578.900000  0.411000  1348.900000
7906739  1.065000  1.021000  6315.800000  0.176000  601.700000
7906882  1.033000  1.030000  5930.400000  0.074000  524.900000
7906892  1.416000  2.024000  6737.200000  0.883000  1194.700000
7907423  0.505000  0.511000  3765.300000  -1.323000  188.600000
7907808  0.775000  0.774000  4851.100000  -0.522000  450.300000
7908367  0.815000  0.792000  5118.200000  -0.410000  413.600000
7910148  nan  nan  nan  nan  nan
7914906  1.793000  2.650000  7311.600000  1.260000  989.900000
7916058  0.984000  1.006000  5784.500000  0.012000  1363.700000
7917068  1.725000  3.764000  5941.800000  1.210000  1293.600000
7917485  1.622000  2.120000  7433.700000  1.096000  1373.600000
7918172  0.866000  0.836000  5188.200000  -0.339000  480.100000
7918217  0.954000  70.655000  3800.300000  2.983000  3350.600000
7918478  1.081000  1.481000  5819.800000  0.346000  1980.800000
7918652  1.367000  1.673000  6414.800000  0.633000  810.900000
7918992  1.044000  1.025000  5922.600000  0.068000  914.800000
7919516  1.239000  1.226000  6414.600000  0.362000  585.900000
7919653  1.224000  2.194000  5908.600000  0.725000  1287.100000
7919867  1.135000  1.510000  6100.100000  0.458000  704.500000
7935997  0.907000  0.888000  5584.600000  -0.159000  335.700000
7936194  1.544000  3.051000  5256.300000  0.806000  709.100000
7938468  2.265000  6.318000  5245.000000  1.440000  2163.800000
7938496  0.944000  1.110000  5626.300000  0.050000  1407.200000
7938499  0.665000  0.663000  4372.300000  -0.838000  364.300000
7938883  0.622000  0.634000  4135.800000  -0.979000  644.000000
7939330  1.033000  2.098000  5151.600000  0.450000  2312.500000
7939761  0.938000  2.645000  5063.800000  0.622000  1412.000000
7940533  1.144000  2.300000  5429.200000  0.619000  831.400000
7941200  1.057000  1.068000  5887.700000  0.094000  273.400000
7941635  0.758000  0.732000  4979.000000  -0.535000  489.000000
7943535  1.322000  1.854000  6546.000000  0.757000  829.900000
7947631  0.844000  0.968000  5114.900000  -0.236000  781.800000
7948619  0.769000  0.766000  4813.700000  -0.545000  874.000000
7948784  1.031000  1.028000  5957.700000  0.082000  1276.700000
7949593  0.966000  0.938000  5579.500000  -0.112000  909.900000
7950158  0.918000  3.705000  5069.100000  0.915000  1259.400000
7950644  0.983000  1.277000  5897.300000  0.252000  1012.800000
7950775  nan  nan  nan  nan  nan
7951018  1.149000  1.408000  6039.500000  0.381000  1693.700000
7954278  0.800000  0.810000  4993.500000  -0.432000  747.200000
7955301  1.305000  5.410000  4775.200000  1.144000  1256.700000
7955580  0.804000  0.780000  4933.700000  -0.486000  608.600000
7959310  1.315000  1.813000  6458.800000  0.716000  1334.200000
7960295  nan  nan  nan  nan  nan
7960547  1.063000  1.219000  5940.400000  0.224000  882.900000
7960980  0.827000  0.875000  5134.400000  -0.316000  1023.500000
7967100  nan  nan  nan  nan  nan
7967210  1.084000  1.776000  5654.100000  0.467000  1924.700000
7967517  1.394000  1.771000  6227.400000  0.632000  1050.100000
7967861  1.008000  1.038000  5850.200000  0.059000  1130.800000
7968683  0.716000  0.696000  4678.000000  -0.678000  705.900000
7970194  0.860000  0.885000  5308.700000  -0.248000  798.800000
7970629  1.448000  1.943000  6584.500000  0.817000  1888.900000
7970760  1.463000  1.837000  6781.700000  0.809000  1096.600000
7971389  1.074000  1.304000  5900.800000  0.274000  930.700000
7972785  1.420000  2.028000  6361.300000  0.785000  2278.400000
7974634  2.174000  3.672000  6943.700000  1.454000  1382.100000
7975727  1.042000  1.734000  5560.800000  0.416000  1191.800000
7976136  1.007000  0.994000  5917.500000  0.039000  1427.200000
7976435  1.775000  1.521000  8918.100000  1.126000  988.700000
7976520  0.774000  0.727000  5040.000000  -0.509000  387.700000
7977197  1.077000  1.135000  6026.500000  0.187000  852.600000
7978202  nan  nan  nan  nan  nan
7979297  1.028000  1.039000  6001.100000  0.103000  1104.300000
7982917  0.743000  0.729000  4698.200000  -0.630000  366.700000
7983117  nan  nan  nan  nan  nan
7983756  1.033000  1.096000  6017.400000  0.156000  970.000000
7984047  0.758000  0.744000  4798.000000  -0.576000  754.100000
7984574  0.964000  0.936000  5795.900000  -0.048000  1261.500000
7985167  1.452000  2.207000  6243.300000  0.825000  964.600000
7985733  1.204000  60.450000  3723.800000  2.811000  3077.500000
7987086  1.881000  3.355000  6484.700000  1.253000  1726.800000
7987749  1.019000  1.143000  5761.900000  0.117000  815.100000
7987866  0.775000  0.795000  5444.200000  -0.298000  484.400000
7989422  1.581000  2.487000  6438.600000  0.983000  599.200000
8004903  1.015000  1.137000  5837.800000  0.134000  1342.200000
8005002  1.083000  1.363000  5648.200000  0.239000  342.500000
8007174  0.742000  0.719000  4817.700000  -0.600000  714.000000
8007262  1.313000  2.456000  6102.400000  0.878000  978.000000
8007644  0.877000  0.997000  5400.200000  -0.114000  1279.200000
8007675  1.364000  1.488000  6864.600000  0.650000  563.700000
8008067  1.087000  1.046000  5723.000000  0.025000  391.300000
8008128  1.045000  1.246000  5827.000000  0.216000  1129.700000
8008206  0.755000  0.727000  5059.100000  -0.504000  467.000000
8008913  0.696000  0.681000  4486.700000  -0.770000  488.400000
8009350  0.675000  0.650000  4656.200000  -0.746000  579.500000
8009496  1.073000  1.195000  6025.700000  0.232000  672.500000
8009500  0.859000  1.011000  5307.300000  -0.133000  740.600000
8009811  1.647000  3.185000  6103.500000  1.107000  771.400000
8012732  1.135000  1.233000  6027.900000  0.260000  997.200000
8013289  0.891000  1.402000  5944.300000  0.347000  817.100000
8013419  0.660000  0.654000  4356.000000  -0.857000  521.200000
8013439  1.138000  1.477000  6135.700000  0.449000  267.000000
8015907  0.952000  0.917000  5374.700000  -0.197000  584.600000
8016211  1.020000  2.551000  4927.300000  0.542000  1446.500000
8016214  1.428000  2.592000  5933.100000  0.877000  2217.700000
8016650  1.249000  6.093000  4644.700000  1.196000  1904.900000
8016691  0.621000  0.620000  4181.700000  -0.971000  369.300000
8016692  1.248000  1.510000  5968.800000  0.420000  741.900000
8017703  0.683000  0.699000  4918.300000  -0.588000  381.200000
8018547  0.667000  0.670000  4550.600000  -0.760000  556.400000
8019043  1.133000  1.218000  6394.000000  0.352000  318.800000
8022244  1.068000  1.171000  5980.200000  0.202000  1301.400000
8022489  1.156000  1.694000  5818.400000  0.472000  861.900000
8022520  1.241000  1.674000  5997.500000  0.516000  1154.200000
8023317  1.234000  1.881000  5800.000000  0.559000  764.600000
8025596  0.989000  1.084000  5773.200000  0.074000  1566.700000
8025718  1.298000  1.807000  6053.400000  0.599000  1262.400000
8026752  1.167000  1.317000  6172.100000  0.361000  1571.400000
8027902  1.450000  1.458000  7186.200000  0.712000  846.700000
8028465  0.780000  0.814000  4700.200000  -0.534000  480.300000
8029197  1.033000  1.588000  5958.800000  0.460000  576.700000
8029848  0.885000  0.881000  5419.700000  -0.217000  585.600000
8030148  1.070000  1.580000  5944.600000  0.452000  837.300000
8030339  nan  nan  nan  nan  nan
8035322  1.102000  2.250000  5327.500000  0.568000  813.700000
8036287  0.819000  0.801000  5130.700000  -0.395000  516.800000
8036863  nan  nan  nan  nan  nan
8037038  0.979000  1.049000  5750.300000  0.039000  1291.000000
8037145  0.847000  0.800000  5139.200000  -0.393000  529.400000
8037926  0.970000  0.928000  5893.700000  -0.019000  1254.900000
8039892  1.135000  1.529000  5929.600000  0.417000  2371.500000
8039925  1.344000  1.601000  6793.700000  0.692000  1115.200000
8040308  0.852000  0.804000  5430.400000  -0.293000  796.000000
8040457  1.229000  1.762000  6012.100000  0.566000  1685.700000
8041216  1.056000  1.130000  5704.200000  0.088000  803.900000
8042453  1.085000  1.288000  5953.500000  0.276000  1527.600000
8042644  1.308000  1.716000  6270.700000  0.616000  2081.200000
8042747  1.335000  1.579000  6398.100000  0.579000  1237.100000
8042789  0.902000  0.891000  5511.800000  -0.178000  1149.300000
8042835  1.396000  1.536000  7164.300000  0.756000  1678.800000
8043052  0.699000  0.668000  4954.800000  -0.613000  468.700000
8043638  0.995000  0.936000  5536.900000  -0.129000  780.200000
8043714  0.925000  1.182000  5540.700000  0.077000  1641.100000
8043721  0.936000  1.024000  5585.900000  -0.025000  1304.900000
8043882  0.867000  0.804000  5721.100000  -0.203000  850.200000
8043968  0.971000  0.993000  5734.800000  -0.015000  1088.300000
8044083  1.236000  1.364000  6347.500000  0.429000  1958.700000
8044600  0.985000  1.081000  5761.700000  0.068000  1468.000000
8044608  1.143000  1.420000  6225.400000  0.440000  865.100000
8046659  1.189000  1.136000  6847.600000  0.413000  1775.100000
8046689  1.462000  1.603000  7052.700000  0.758000  2571.700000
8047283  nan  nan  nan  nan  nan
8047428  1.336000  1.352000  6743.700000  0.536000  1648.600000
8051946  1.123000  1.337000  6009.200000  0.325000  944.000000
8052474  0.969000  2.030000  5467.000000  0.524000  620.100000
8053552  1.212000  1.789000  5981.900000  0.570000  1821.300000
8054719  0.941000  1.185000  6313.000000  0.305000  1149.500000
8056651  1.374000  1.605000  7004.300000  0.754000  1112.200000
8056665  1.639000  1.554000  8329.900000  1.023000  594.500000
8058507  1.546000  2.090000  7004.000000  0.976000  1128.100000
8073705  1.105000  1.335000  6093.100000  0.347000  504.100000
8073806  1.008000  1.086000  5832.700000  0.093000  1390.600000
8074328  1.060000  1.094000  6019.800000  0.143000  535.100000
8074805  1.202000  2.058000  5797.800000  0.636000  1734.000000
8075618  0.924000  1.106000  5562.700000  0.027000  1460.400000
8076215  1.684000  6.467000  5143.900000  1.430000  1835.300000
8076630  1.124000  2.106000  5424.900000  0.543000  1627.600000
8077137  1.311000  1.630000  6410.800000  0.607000  395.200000
8078502  0.837000  0.877000  5201.400000  -0.291000  1150.300000
8081187  0.972000  1.305000  5879.500000  0.266000  796.700000
8081239  0.874000  0.821000  5577.400000  -0.230000  1020.300000
8081389  1.260000  1.487000  6301.500000  0.505000  1105.500000
8081482  0.931000  1.638000  5259.000000  0.270000  1287.500000
8081899  0.889000  0.927000  5368.500000  -0.189000  538.800000
8081905  0.909000  0.997000  5519.100000  -0.077000  1457.200000
8082001  1.014000  1.034000  5875.800000  0.063000  1279.900000
8087812  0.819000  0.919000  5619.600000  -0.127000  543.600000
8088354  1.032000  1.253000  6052.000000  0.280000  791.400000
8091197  1.058000  1.069000  5983.200000  0.123000  751.900000
8094120  1.263000  1.386000  6457.100000  0.481000  974.700000
8094140  0.723000  0.725000  4445.400000  -0.730000  408.600000
8094221  1.066000  1.595000  5733.700000  0.397000  1967.200000
8094942  1.115000  1.323000  6013.100000  0.319000  1237.900000
8095099  1.391000  2.312000  6113.400000  0.830000  1746.700000
8095110  1.529000  2.746000  5933.400000  0.929000  1233.900000
8095441  0.939000  0.907000  5655.100000  -0.118000  528.400000
8096395  0.913000  1.061000  5461.300000  -0.041000  221.100000
8097825  1.398000  2.698000  5667.700000  0.835000  1119.900000
8098212  0.799000  0.771000  5074.600000  -0.448000  490.600000
8098300  1.387000  1.937000  6597.100000  0.809000  942.100000
8098515  1.328000  1.705000  6381.000000  0.641000  466.500000
8098728  1.488000  2.342000  6904.600000  1.054000  474.200000
8098960  0.900000  0.855000  5601.300000  -0.186000  1014.100000
8099138  0.961000  0.944000  5819.300000  -0.034000  921.800000
8099517  1.064000  3.778000  4902.800000  0.873000  1548.500000
8104030  0.927000  1.146000  5562.500000  0.057000  1253.700000
8104207  1.012000  1.398000  5701.200000  0.273000  1521.200000
8104436  0.897000  1.417000  5307.400000  0.160000  1570.000000
8105398  1.173000  1.474000  6186.400000  0.460000  715.500000
8105719  1.031000  1.304000  5759.000000  0.229000  1626.200000
8106112  0.998000  1.479000  5613.700000  0.295000  1629.000000
8106139  0.882000  0.827000  5658.500000  -0.195000  1089.500000
8106610  1.120000  1.171000  6137.100000  0.246000  1194.500000
8106973  1.175000  2.083000  5639.800000  0.602000  3014.500000
8107034  1.263000  1.761000  6093.900000  0.589000  2490.700000
8107115  0.933000  0.980000  5604.900000  -0.065000  1083.400000
8107150  1.416000  2.739000  6036.800000  0.954000  1575.200000
8107225  0.873000  0.884000  5363.600000  -0.231000  555.000000
8107380  nan  nan  nan  nan  nan
8107611  nan  nan  nan  nan  nan
8108437  1.307000  1.946000  6105.100000  0.680000  2873.500000
8108450  1.078000  2.011000  5365.700000  0.486000  2491.600000
8109107  0.993000  1.182000  5755.300000  0.144000  1263.000000
8109692  1.469000  1.839000  6930.700000  0.847000  1116.300000
8110733  1.418000  1.456000  7067.800000  0.682000  636.900000
8110757  1.118000  2.147000  5342.400000  0.533000  1328.400000
8110758  nan  nan  nan  nan  nan
8110767  0.881000  0.850000  5463.600000  -0.234000  1151.900000
8111381  1.094000  1.265000  5995.800000  0.274000  1430.000000
8111622  0.883000  1.090000  5406.900000  -0.034000  1276.300000
8111919  1.163000  1.955000  5762.400000  0.583000  1119.100000
8112013  1.350000  1.624000  6604.100000  0.657000  672.300000
8112324  nan  nan  nan  nan  nan
8113154  1.739000  2.194000  7381.700000  1.115000  1211.300000
8115647  1.039000  1.003000  5905.600000  0.044000  1005.000000
8120608  0.537000  0.534000  4022.900000  -1.172000  174.900000
8120820  0.710000  0.680000  4921.200000  -0.611000  435.600000
8121067  nan  nan  nan  nan  nan
8121310  1.494000  1.595000  7089.900000  0.762000  827.600000
8121328  1.137000  1.842000  5773.900000  0.534000  1253.900000
8123170  1.626000  1.864000  6782.000000  0.824000  1428.900000
8123937  1.818000  1.744000  8669.100000  1.199000  938.700000
8125580  0.702000  0.706000  5182.600000  -0.488000  711.400000
8125917  0.883000  0.816000  5585.200000  -0.233000  514.400000
8126531  1.523000  5.806000  4741.200000  1.190000  1466.600000
8126558  0.958000  0.916000  5840.000000  -0.053000  1020.300000
8127586  1.185000  1.189000  6239.100000  0.289000  1226.500000
8127607  0.919000  1.140000  5539.600000  0.045000  851.500000
8127639  1.198000  1.455000  6141.100000  0.441000  1699.100000
8127648  nan  nan  nan  nan  nan
8128067  0.930000  1.057000  5591.600000  -0.003000  1278.800000
8128247  1.349000  66.889000  3764.200000  2.915000  5206.100000
8128965  1.311000  2.047000  5887.000000  0.658000  977.900000
8129005  1.187000  1.288000  6260.100000  0.364000  1362.300000
8129042  1.377000  1.476000  6832.100000  0.628000  1561.400000
8129189  1.859000  4.370000  5374.300000  1.160000  1123.600000
8129333  1.284000  1.332000  6585.300000  0.484000  2360.600000
8129641  nan  nan  nan  nan  nan
8142787  0.948000  0.923000  5544.900000  -0.138000  756.100000
8142942  0.766000  0.742000  4863.000000  -0.555000  305.900000
8143170  1.212000  3.234000  4890.200000  0.734000  911.000000
8145789  1.012000  2.738000  4884.200000  0.589000  2314.400000
8145958  1.101000  1.370000  5908.500000  0.316000  720.900000
8149484  1.256000  2.443000  5963.400000  0.836000  1228.000000
8150320  0.682000  0.669000  4454.000000  -0.798000  576.500000
8151055  0.658000  0.641000  4404.000000  -0.854000  556.100000
8153568  1.734000  3.756000  6096.600000  1.247000  4345.000000
8155368  nan  nan  nan  nan  nan
8155584  1.070000  1.183000  5980.900000  0.212000  1363.300000
8155654  nan  nan  nan  nan  nan
8156120  1.453000  1.651000  6549.700000  0.657000  636.200000
8158127  1.081000  1.381000  5989.500000  0.347000  1286.800000
8158324  1.143000  2.233000  5455.600000  0.603000  1976.500000
8158429  1.094000  1.917000  5518.600000  0.494000  2011.700000
8160953  nan  nan  nan  nan  nan
8161561  1.314000  1.392000  6681.700000  0.544000  1168.600000
8161830  1.102000  1.151000  5818.400000  0.138000  572.800000
8162376  0.880000  1.044000  5252.700000  -0.117000  541.500000
8162789  nan  nan  nan  nan  nan
8162790  nan  nan  nan  nan  nan
8163784  0.873000  0.819000  5392.000000  -0.291000  578.400000
8164012  1.052000  1.102000  5957.300000  0.141000  1085.300000
8164257  0.770000  0.735000  4904.300000  -0.550000  695.300000
8164262  1.817000  1.848000  7453.700000  0.980000  1454.300000
8165617  1.493000  1.966000  6963.000000  0.917000  856.000000
8165946  1.032000  1.003000  6056.300000  0.088000  694.300000
8167504  1.051000  0.992000  5769.000000  -0.007000  769.000000
8167938  4.227000  3.686000  14197.000000  2.703000  1826.300000
8167959  1.689000  3.308000  6144.100000  1.152000  457.200000
8167978  0.923000  1.310000  5480.600000  0.148000  1395.300000
8167996  0.589000  0.601000  3971.700000  -1.091000  238.600000
8168187  0.962000  1.745000  5646.000000  0.448000  1263.500000
8168509  1.399000  1.659000  6723.500000  0.708000  1361.100000
8168581  0.865000  0.814000  5499.800000  -0.259000  868.300000
8174625  0.821000  0.883000  5089.200000  -0.324000  750.400000
8175131  0.686000  0.662000  4654.400000  -0.730000  659.200000
8176019  1.062000  1.401000  5823.300000  0.310000  1990.600000
8176564  1.098000  1.510000  5989.700000  0.423000  213.300000
8176650  nan  nan  nan  nan  nan
8176653  0.844000  0.819000  5266.500000  -0.329000  735.500000
8177798  1.788000  2.570000  7235.300000  1.215000  2320.500000
8178616  1.213000  1.386000  6419.200000  0.472000  1030.800000
8179190  2.325000  5.752000  6643.300000  1.755000  2502.800000
8179286  1.234000  1.548000  6171.300000  0.497000  975.800000
8179325  0.792000  0.771000  5031.200000  -0.462000  872.900000
8179747  1.337000  2.869000  5269.800000  0.763000  2130.300000
8179973  1.284000  3.430000  4899.000000  0.786000  299.000000
8180020  0.934000  1.237000  5549.500000  0.121000  1650.000000
8180063  1.120000  1.134000  6196.200000  0.235000  1427.100000
8180290  1.100000  1.266000  6015.600000  0.279000  1054.000000
8181016  0.954000  1.106000  5663.700000  0.058000  852.300000
8182107  0.926000  0.895000  5625.000000  -0.138000  689.800000
8183288  nan  nan  nan  nan  nan
8183389  0.868000  1.051000  5330.500000  -0.090000  1231.800000
8183911  0.810000  2.092000  5391.300000  0.526000  991.200000
8189801  0.623000  0.614000  4351.300000  -0.914000  415.300000
8190354  1.139000  1.576000  5910.000000  0.439000  575.300000
8191672  1.358000  1.745000  6402.900000  0.667000  895.800000
8192427  1.831000  3.917000  6584.200000  1.427000  1060.800000
8192861  1.109000  1.088000  6167.100000  0.190000  724.100000
8192911  nan  nan  nan  nan  nan
8193178  1.246000  1.558000  6231.400000  0.525000  1133.100000
8193315  1.640000  2.213000  6844.000000  0.985000  1529.900000
8195877  1.185000  1.664000  6142.800000  0.550000  881.800000
8196180  nan  nan  nan  nan  nan
8196226  nan  nan  nan  nan  nan
8197176  0.906000  1.148000  5473.800000  0.042000  1736.600000
8197343  1.055000  1.125000  5977.400000  0.166000  1130.500000
8197406  nan  nan  nan  nan  nan
8197560  0.840000  0.887000  5145.300000  -0.311000  1437.300000
8197761  1.533000  1.859000  7122.000000  0.906000  410.200000
8197767  0.786000  0.787000  4930.200000  -0.480000  348.300000
8197793  1.057000  1.215000  6107.600000  0.271000  1363.300000
8210018  0.743000  0.732000  4693.500000  -0.629000  475.100000
8210370  1.595000  9.487000  4896.500000  1.677000  1118.300000
8210721  0.968000  1.444000  5552.400000  0.255000  1009.600000
8211521  0.769000  0.867000  5316.900000  -0.265000  790.800000
8211605  1.267000  3.799000  4961.500000  0.901000  3808.800000
8211824  0.870000  1.068000  5133.200000  -0.144000  1257.600000
8212002  1.312000  1.465000  6285.200000  0.483000  421.100000
8216763  0.697000  0.688000  4400.100000  -0.795000  397.800000
8218274  1.311000  1.624000  6780.200000  0.702000  1004.600000
8218379  0.838000  0.791000  5364.100000  -0.327000  627.100000
8219268  1.380000  6.288000  4672.100000  1.233000  1284.000000
8219673  1.014000  1.219000  5802.800000  0.184000  1062.600000
8222395  1.006000  0.980000  5748.200000  -0.024000  541.400000
8222627  0.722000  0.719000  4772.200000  -0.616000  320.400000
8222813  0.912000  0.867000  5205.800000  -0.302000  794.700000
8223328  0.825000  0.786000  5328.400000  -0.345000  248.000000
8223445  0.974000  1.065000  5730.500000  0.046000  1694.700000
8223568  1.645000  2.031000  7217.900000  1.004000  641.000000
8223655  0.851000  0.900000  5273.100000  -0.245000  1179.600000
8226050  0.826000  0.795000  5138.300000  -0.399000  579.900000
8226720  1.272000  1.855000  6268.700000  0.683000  1521.100000
8226994  0.790000  0.763000  5000.100000  -0.482000  763.500000
8227086  0.919000  1.592000  5252.300000  0.243000  1898.300000
8227464  1.014000  1.586000  5733.800000  0.392000  624.100000
8227661  nan  nan  nan  nan  nan
8229048  1.471000  2.253000  6588.900000  0.939000  1564.300000
8229361  1.082000  1.111000  6179.000000  0.213000  805.700000
8229458  0.593000  0.603000  4029.400000  -1.063000  212.800000
8229696  0.882000  0.871000  5772.400000  -0.117000  828.700000
8230616  0.644000  0.642000  4338.800000  -0.878000  381.000000
8230809  1.273000  2.292000  5814.200000  0.736000  2348.500000
8231299  0.780000  0.905000  5731.100000  -0.096000  386.200000
8231667  0.692000  0.662000  4816.000000  -0.674000  690.800000
8231877  0.850000  0.975000  5253.000000  -0.183000  752.100000
8233326  1.214000  2.548000  4886.200000  0.528000  785.500000
8233702  0.917000  0.949000  5544.300000  -0.113000  1002.500000
8233802  1.192000  2.204000  5570.600000  0.628000  1997.600000
8234477  1.755000  3.061000  6427.500000  1.160000  2097.000000
8234889  0.876000  0.846000  5425.800000  -0.250000  964.100000
8235924  0.657000  0.684000  4191.900000  -0.889000  307.400000
8240109  1.895000  3.060000  7049.200000  1.322000  2060.900000
8240123  0.874000  0.889000  5378.100000  -0.221000  1095.200000
8240617  nan  nan  nan  nan  nan
8240746  0.948000  0.952000  5668.300000  -0.072000  1023.300000
8240790  1.353000  1.887000  6151.800000  0.665000  1191.400000
8240797  1.031000  0.987000  5862.200000  0.017000  385.000000
8240861  1.236000  2.304000  5621.800000  0.683000  2891.600000
8240904  0.973000  1.094000  5599.700000  0.029000  1351.500000
8241079  1.313000  2.187000  6107.700000  0.778000  1236.200000
8241258  0.938000  0.903000  5695.500000  -0.110000  740.400000
8241736  0.778000  0.736000  5174.400000  -0.454000  531.900000
8242350  1.440000  2.080000  6688.900000  0.897000  908.300000
8242434  0.758000  0.751000  4675.800000  -0.613000  215.400000
8242681  1.036000  1.230000  5812.800000  0.200000  1561.300000
8242769  0.938000  0.933000  5649.600000  -0.094000  1315.700000
8243263  1.594000  2.172000  7014.300000  1.014000  1195.100000
8243283  nan  nan  nan  nan  nan
8244173  0.810000  0.870000  4879.500000  -0.412000  807.800000
8244190  1.138000  1.492000  5950.900000  0.403000  1198.100000
8244295  0.795000  0.794000  4980.200000  -0.454000  836.000000
8244947  0.787000  0.756000  5047.400000  -0.475000  342.000000
8245108  0.806000  0.845000  4987.200000  -0.397000  804.800000
8246781  1.203000  1.498000  6234.500000  0.486000  1499.000000
8247638  0.879000  0.828000  5563.300000  -0.226000  936.800000
8247770  1.061000  1.035000  5726.700000  0.018000  730.900000
8247771  0.721000  0.710000  4563.900000  -0.704000  583.200000
8248103  1.036000  1.181000  5881.200000  0.181000  1211.500000
8248939  1.009000  1.006000  5861.800000  0.031000  337.900000
8254882  1.737000  2.349000  7042.600000  1.092000  1076.100000
8255058  1.185000  3.533000  4952.500000  0.833000  1086.600000
8255887  0.952000  1.116000  5652.400000  0.062000  1054.000000
8256044  1.036000  1.325000  5798.600000  0.243000  1754.400000
8256049  0.796000  0.840000  4795.200000  -0.473000  592.100000
8256453  1.322000  2.367000  5868.300000  0.783000  2881.800000
8256882  1.077000  1.250000  5956.500000  0.251000  839.400000
8257205  0.836000  0.802000  5227.900000  -0.362000  585.100000
8257407  1.128000  1.930000  6427.400000  0.761000  1163.100000
8258103  2.051000  1.759000  9428.300000  1.348000  763.100000
8258160  0.853000  0.834000  5335.600000  -0.291000  1254.800000
8258171  2.308000  2.006000  9368.800000  1.452000  870.100000
8259713  1.544000  1.790000  7272.400000  0.911000  1279.500000
8260198  0.863000  0.837000  5363.600000  -0.279000  863.000000
8260218  1.179000  1.150000  6164.700000  0.236000  1490.700000
8260234  nan  nan  nan  nan  nan
8260269  1.390000  1.503000  6848.100000  0.655000  1176.000000
8260902  0.900000  1.036000  5491.100000  -0.049000  881.600000
8261920  nan  nan  nan  nan  nan
8262210  1.087000  1.634000  5777.700000  0.431000  1133.500000
8262223  1.828000  2.235000  7732.900000  1.212000  981.900000
8263187  nan  nan  nan  nan  nan
8263545  1.077000  1.211000  5981.300000  0.229000  1479.100000
8263746  0.890000  1.097000  5430.600000  -0.010000  1644.600000
8263752  1.179000  1.146000  6566.400000  0.345000  714.900000
8264070  1.597000  2.212000  6848.600000  0.990000  2155.800000
8264097  nan  nan  nan  nan  nan
8264402  1.211000  1.214000  6439.900000  0.362000  593.400000
8265156  1.593000  1.689000  7491.100000  0.912000  777.400000
8265218  1.018000  0.962000  6022.200000  0.042000  796.600000
8265239  1.486000  1.517000  7208.900000  0.752000  1731.400000
8265520  1.011000  1.126000  5817.200000  0.129000  1990.600000
8265990  1.139000  1.802000  6029.100000  0.589000  919.600000
8266276  nan  nan  nan  nan  nan
8277797  0.875000  0.825000  5261.400000  -0.326000  401.000000
8278073  0.866000  1.016000  5516.400000  -0.062000  723.400000
8278371  1.107000  1.516000  5722.300000  0.356000  767.800000
8278685  1.385000  1.910000  6176.400000  0.683000  1205.500000
8279146  1.464000  1.646000  7023.000000  0.782000  380.500000
8279765  0.967000  1.517000  5496.000000  0.280000  1611.100000
8280511  0.859000  0.850000  5531.800000  -0.213000  403.900000
8282651  0.641000  0.623000  4393.600000  -0.884000  494.800000
8282846  0.804000  0.782000  5051.000000  -0.442000  749.500000
8283875  0.705000  0.696000  4439.200000  -0.769000  541.300000
8285254  1.078000  2.668000  4965.500000  0.596000  2484.500000
8285970  0.892000  1.154000  5433.200000  0.024000  970.800000
8288404  1.118000  1.913000  6215.500000  0.694000  811.200000
8288719  0.878000  1.159000  5275.800000  -0.026000  452.500000
8288741  0.948000  1.086000  5649.800000  0.037000  867.000000
8288947  0.817000  0.806000  5122.100000  -0.392000  936.400000
8292840  1.116000  1.410000  6128.200000  0.404000  236.800000
8293631  1.433000  11.400000  5011.300000  1.873000  4995.500000
8294484  1.128000  1.542000  5903.700000  0.417000  1605.800000
8294683  0.817000  0.913000  5085.500000  -0.297000  831.900000
8295087  1.311000  1.882000  6438.200000  0.742000  1135.900000
8295671  1.137000  1.407000  6012.900000  0.371000  1333.800000
8296467  0.890000  1.140000  5425.700000  0.011000  1146.600000
8297017  1.295000  1.268000  6690.100000  0.466000  315.700000
8297319  0.686000  0.655000  4785.600000  -0.692000  450.400000
8299947  nan  nan  nan  nan  nan
8299955  0.955000  0.985000  6004.200000  0.058000  550.500000
8300828  1.172000  2.338000  5295.300000  0.592000  1933.000000
8301013  1.412000  1.361000  7375.700000  0.696000  1064.300000
8301878  1.121000  1.862000  5708.900000  0.524000  1274.200000
8302302  1.233000  1.924000  6209.600000  0.708000  2612.500000
8302450  0.994000  1.071000  5792.900000  0.068000  1252.500000
8302455  1.090000  1.542000  5807.600000  0.389000  359.000000
8302473  0.903000  0.907000  5500.000000  -0.166000  1123.700000
8307354  0.892000  0.856000  5543.000000  -0.202000  1244.100000
8307489  1.651000  1.999000  6913.800000  0.917000  833.200000
8308070  1.365000  1.869000  6334.900000  0.707000  1066.000000
8308260  1.321000  2.309000  5970.300000  0.788000  2733.000000
8308347  2.053000  8.989000  4946.300000  1.647000  7792.000000
8308516  1.259000  1.630000  6752.500000  0.700000  1022.200000
8308639  1.270000  6.348000  4743.800000  1.265000  2425.700000
8308682  0.854000  0.838000  5304.900000  -0.298000  961.300000
8309169  1.096000  1.129000  6099.100000  0.204000  1277.500000
8311864  1.079000  1.068000  5900.200000  0.097000  550.700000
8312222  1.140000  1.499000  5955.600000  0.408000  1953.300000
8312852  0.972000  0.955000  5782.900000  -0.034000  1050.400000
8313667  1.106000  1.082000  6090.900000  0.163000  831.100000
8313697  0.979000  1.346000  5633.500000  0.219000  1546.400000
8314801  1.363000  2.442000  6076.100000  0.869000  1457.200000
8316503  1.394000  1.798000  6305.200000  0.666000  1263.900000
8320630  1.030000  1.010000  6009.700000  0.082000  1107.000000
8321314  0.911000  0.863000  5490.500000  -0.213000  735.700000
8323753  1.244000  1.387000  6319.400000  0.445000  773.900000
8323764  0.947000  1.517000  5423.700000  0.224000  2922.400000
8324518  1.055000  1.056000  5846.000000  0.073000  1093.700000
8326342  0.976000  1.000000  5748.200000  -0.005000  801.000000
8328916  1.280000  1.498000  6372.000000  0.527000  1290.200000
8329346  0.867000  0.854000  5369.600000  -0.260000  1115.100000
8330207  1.308000  2.239000  5991.500000  0.736000  2835.400000
8330548  1.236000  1.473000  6248.900000  0.470000  1387.100000
8330575  nan  nan  nan  nan  nan
8331612  1.032000  1.072000  5915.800000  0.105000  1495.400000
8332521  1.311000  1.668000  6514.800000  0.658000  1187.100000
8332986  nan  nan  nan  nan  nan
8344004  1.056000  1.035000  5842.500000  0.053000  969.000000
8345172  0.803000  0.778000  5096.100000  -0.432000  939.500000
8345358  1.178000  2.169000  5555.300000  0.610000  2711.200000
8345384  0.877000  0.842000  5451.500000  -0.247000  210.800000
8345473  1.525000  11.582000  4488.500000  1.694000  1614.300000
8346392  0.618000  0.623000  4158.300000  -0.982000  430.900000
8349399  1.245000  1.834000  5868.300000  0.558000  1288.900000
8349405  0.888000  2.492000  4950.000000  0.530000  2701.600000
8349582  1.161000  1.394000  5813.400000  0.303000  443.900000
8351704  0.540000  0.542000  3958.400000  -1.188000  279.500000
8351919  0.941000  1.886000  5086.900000  0.338000  1211.700000
8352009  1.221000  1.276000  6065.700000  0.299000  1019.500000
8352016  1.046000  1.828000  5622.300000  0.481000  1004.600000
8352537  0.769000  0.764000  4825.500000  -0.542000  377.300000
8355131  0.967000  1.603000  5414.700000  0.304000  1905.700000
8355178  0.940000  0.920000  5683.100000  -0.097000  1446.000000
8355239  0.793000  0.762000  5087.000000  -0.454000  592.300000
8356054  0.840000  0.947000  5120.200000  -0.253000  1210.800000
8358008  1.321000  3.674000  5018.600000  0.893000  2493.000000
8358012  0.885000  0.857000  5448.300000  -0.234000  785.200000
8359498  1.029000  1.000000  5539.200000  -0.070000  638.400000
8359569  1.056000  1.045000  6064.100000  0.127000  1513.400000
8360041  0.851000  0.817000  5176.100000  -0.365000  534.300000
8360640  0.956000  0.885000  5404.400000  -0.219000  598.400000
8361905  0.785000  0.813000  5587.400000  -0.234000  450.500000
8362974  0.868000  0.862000  5160.500000  -0.321000  577.400000
8364115  0.947000  0.902000  5767.100000  -0.089000  436.900000
8364119  0.904000  1.321000  5775.100000  0.245000  421.100000
8364232  0.672000  0.658000  4389.500000  -0.838000  463.600000
8364969  1.110000  1.832000  5682.300000  0.513000  2150.300000
8365739  1.211000  2.337000  5449.500000  0.642000  2661.300000
8367113  1.110000  1.234000  6064.700000  0.274000  1202.500000
8367298  0.933000  1.354000  5558.800000  0.201000  974.100000
8367644  0.574000  0.588000  3846.800000  -1.163000  323.600000
8374077  0.994000  1.055000  5797.900000  0.058000  1466.200000
8374394  1.311000  6.127000  4810.900000  1.260000  2111.700000
8374494  0.875000  0.861000  5397.100000  -0.244000  1082.800000
8374499  1.262000  1.673000  6139.200000  0.560000  1781.300000
8374580  1.029000  1.383000  5757.900000  0.278000  1094.200000
8374741  0.952000  1.024000  5665.600000  -0.010000  241.100000
8376848  1.133000  1.165000  6200.700000  0.260000  1630.400000
8377197  1.372000  1.574000  6823.400000  0.686000  1071.700000
8378278  1.011000  1.162000  5815.100000  0.147000  1420.600000
8378634  1.779000  2.758000  6932.200000  1.201000  1458.200000
8378656  1.381000  1.937000  6838.600000  0.872000  875.500000
8378922  1.225000  2.122000  5806.400000  0.668000  2040.100000
8379021  1.169000  1.961000  5755.800000  0.585000  2314.900000
8379547  1.449000  3.578000  5045.400000  0.880000  1225.100000
8379705  0.997000  1.088000  5794.500000  0.085000  1652.000000
8380709  1.162000  1.442000  6052.100000  0.401000  1863.700000
8380743  1.488000  2.669000  6126.000000  0.956000  1859.100000
8381204  nan  nan  nan  nan  nan
8381592  1.029000  1.240000  5827.700000  0.207000  1640.800000
8381693  1.439000  1.997000  6416.900000  0.787000  1287.600000
8382339  1.893000  11.749000  4722.900000  1.785000  2117.500000
8386035  1.248000  3.769000  5032.000000  0.915000  919.200000
8391983  1.150000  1.406000  6043.400000  0.379000  1624.700000
8394475  0.964000  0.952000  5702.500000  -0.064000  355.200000
8394721  1.294000  1.325000  6524.700000  0.460000  1019.400000
8395660  0.986000  1.036000  5873.300000  0.063000  443.000000
8395860  nan  nan  nan  nan  nan
8395870  1.346000  1.884000  6164.000000  0.665000  610.100000
8396288  0.887000  0.832000  5803.900000  -0.149000  1480.800000
8396405  0.941000  1.038000  5629.700000  -0.008000  1233.100000
8396660  1.231000  1.447000  6421.300000  0.512000  312.900000
8397446  1.609000  1.377000  8697.300000  1.012000  1631.600000
8397675  0.954000  1.079000  5671.300000  0.039000  493.200000
8397947  1.139000  1.259000  6311.900000  0.355000  1565.200000
8398290  1.598000  2.437000  6262.400000  0.919000  575.200000
8409295  0.947000  1.317000  5684.200000  0.216000  1272.400000
8409588  0.939000  1.111000  6007.400000  0.164000  688.200000
8410415  0.799000  0.780000  5302.400000  -0.361000  748.000000
8410697  0.979000  1.062000  5870.100000  0.084000  566.700000
8410727  1.220000  1.237000  6221.200000  0.315000  945.200000
8411947  0.887000  1.433000  5247.000000  0.152000  1200.100000
8413968  1.169000  1.239000  6144.100000  0.298000  466.800000
8414159  0.998000  1.108000  5796.600000  0.099000  897.500000
8414216  0.598000  0.612000  3983.700000  -1.069000  149.700000
8414716  0.818000  0.844000  5090.300000  -0.363000  908.400000
8414907  nan  nan  nan  nan  nan
8414914  nan  nan  nan  nan  nan
8415200  1.051000  1.270000  5899.700000  0.248000  810.100000
8415353  1.293000  1.488000  6530.800000  0.559000  1081.700000
8415745  0.994000  0.980000  5865.800000  0.013000  1463.200000
8415863  0.897000  1.043000  5494.000000  -0.046000  387.400000
8416523  0.766000  0.746000  4869.700000  -0.548000  540.900000
8417078  0.983000  1.406000  5977.500000  0.359000  731.800000
8418018  0.838000  0.881000  5579.700000  -0.166000  544.900000
8418129  1.792000  1.477000  9291.800000  1.170000  1543.500000
8423344  0.566000  0.576000  3892.600000  -1.162000  268.100000
8423903  1.433000  2.091000  6575.900000  0.870000  1378.800000
8424002  0.901000  1.591000  4893.500000  0.116000  418.900000
8426567  0.767000  0.747000  4869.400000  -0.547000  422.000000
8429014  1.354000  1.601000  6637.800000  0.657000  1155.400000
8429314  1.088000  1.594000  5781.400000  0.412000  1820.000000
8429415  1.551000  2.373000  6580.000000  0.980000  1074.600000
8429450  1.722000  2.438000  6825.400000  1.067000  1449.000000
8429566  1.247000  2.347000  5618.800000  0.697000  2119.100000
8429668  1.044000  2.004000  5263.000000  0.447000  673.900000
8429817  1.043000  1.714000  5989.100000  0.541000  1127.400000
8430053  1.262000  1.481000  6073.700000  0.431000  998.800000
8430105  1.470000  7.427000  4981.700000  1.487000  701.000000
8430964  1.053000  1.185000  5924.300000  0.196000  1515.500000
8432034  nan  nan  nan  nan  nan
8432249  1.266000  3.399000  5075.700000  0.845000  1472.800000
8435232  1.326000  13.861000  4456.200000  1.837000  2917.400000
8435247  0.887000  1.210000  5373.200000  0.047000  1180.200000
8435766  0.758000  0.744000  5005.300000  -0.503000  124.200000
8439323  0.946000  0.962000  5653.800000  -0.067000  839.000000
8439618  1.023000  1.118000  5864.900000  0.128000  1352.200000
8439949  1.082000  1.053000  6214.100000  0.175000  927.300000
8440062  1.360000  1.877000  6255.300000  0.690000  1011.800000
8442463  1.098000  3.614000  4859.800000  0.821000  1357.800000
8442795  1.212000  1.495000  6347.900000  0.518000  1635.700000
8443265  1.239000  2.998000  5064.400000  0.734000  3417.800000
8443527  1.077000  1.098000  6146.300000  0.188000  280.100000
8443812  0.890000  1.110000  5432.300000  -0.012000  1045.500000
8444552  0.982000  1.305000  5724.900000  0.219000  677.400000
8444868  1.756000  2.926000  6692.600000  1.193000  2023.700000
8445775  1.554000  2.602000  6353.100000  0.999000  1783.500000
8453191  1.414000  1.777000  6624.400000  0.745000  985.200000
8453211  1.012000  1.015000  5883.500000  0.049000  811.300000
8453214  0.727000  0.718000  4588.300000  -0.685000  486.800000
8453324  2.352000  10.199000  4947.700000  1.754000  1310.200000
8453851  1.684000  1.615000  8066.800000  1.001000  729.000000
8454250  nan  nan  nan  nan  nan
8456679  nan  nan  nan  nan  nan
8458207  1.167000  1.371000  6134.500000  0.380000  931.700000
8459354  2.167000  3.052000  8067.700000  1.556000  889.200000
8459663  0.705000  0.687000  4577.400000  -0.727000  639.000000
8460600  0.923000  1.209000  5437.300000  0.066000  938.800000
8460634  1.794000  10.713000  4927.700000  1.786000  1458.100000
8462258  nan  nan  nan  nan  nan
8463346  0.690000  0.674000  4606.900000  -0.732000  589.500000
8474892  1.160000  1.823000  5859.600000  0.550000  1468.300000
8474898  0.996000  1.559000  5560.900000  0.324000  1254.900000
8478994  0.770000  0.800000  5152.700000  -0.388000  63.700000
8479107  0.863000  1.053000  5245.800000  -0.119000  853.600000
8479386  nan  nan  nan  nan  nan
8480285  1.064000  1.448000  6119.500000  0.425000  1082.700000
8480582  0.750000  0.710000  5141.000000  -0.496000  890.500000
8480642  0.909000  2.510000  4896.100000  0.516000  1057.000000
8481129  0.759000  0.761000  4725.100000  -0.583000  456.200000
8482059  0.945000  1.112000  5631.600000  0.053000  1330.000000
8482513  1.087000  2.179000  5220.000000  0.507000  2533.800000
8483021  0.960000  1.256000  6121.100000  0.302000  872.200000
8483241  1.021000  1.326000  5764.100000  0.245000  1288.800000
8483258  0.961000  0.990000  5709.300000  -0.024000  1514.000000
8483366  0.912000  1.310000  5440.500000  0.136000  1795.400000
8487645  1.955000  1.795000  8405.900000  1.165000  1306.600000
8487748  0.688000  0.676000  4400.900000  -0.809000  454.300000
8487777  0.918000  0.876000  5670.700000  -0.143000  551.500000
8487805  0.802000  0.770000  5119.200000  -0.435000  645.900000
8487838  1.187000  1.671000  5757.700000  0.445000  1209.600000
8488381  1.078000  1.218000  6031.900000  0.250000  844.900000
8488876  1.611000  1.936000  7108.300000  0.936000  880.500000
8488878  0.970000  1.130000  5705.400000  0.089000  1321.900000
8489260  0.883000  0.851000  5494.400000  -0.222000  1270.400000
8490993  0.977000  0.970000  5790.100000  -0.019000  1239.700000
8491277  0.996000  1.202000  5759.800000  0.159000  933.900000
8491745  1.084000  2.571000  5007.700000  0.577000  601.100000
8492026  1.128000  1.411000  5979.400000  0.364000  1085.300000
8492101  0.802000  0.803000  4844.000000  -0.493000  305.100000
8493354  1.202000  1.242000  6452.300000  0.383000  850.300000
8494142  1.401000  1.832000  6428.600000  0.715000  565.300000
8494263  1.025000  1.285000  5790.900000  0.227000  1944.800000
8494410  1.113000  1.691000  5811.700000  0.470000  1345.000000
8494542  1.233000  1.741000  6278.000000  0.631000  1290.000000
8494617  1.131000  1.370000  6101.500000  0.372000  837.400000
8494783  1.367000  1.566000  7168.700000  0.771000  624.300000
8495232  1.226000  2.662000  5037.200000  0.615000  604.400000
8495415  0.748000  0.734000  4761.200000  -0.602000  820.300000
8499922  1.215000  9.052000  4706.800000  1.559000  2656.700000
8501062  1.268000  1.736000  6093.900000  0.574000  985.600000
8504570  1.870000  2.219000  7254.400000  1.092000  1476.900000
8505215  0.751000  0.779000  5041.200000  -0.450000  247.800000
8505670  0.662000  0.651000  4511.000000  -0.799000  378.200000
8505674  0.974000  0.962000  5785.200000  -0.027000  561.000000
8505920  0.878000  0.992000  5393.600000  -0.119000  849.000000
8506766  1.325000  1.536000  6820.800000  0.663000  1266.200000
8507073  1.466000  2.305000  6195.700000  0.850000  1810.400000
8507475  0.769000  0.723000  5259.700000  -0.442000  984.100000
8507586  1.049000  1.140000  5675.000000  0.086000  1225.500000
8508126  1.249000  2.124000  5881.000000  0.691000  2454.000000
8508493  0.957000  0.972000  5707.200000  -0.041000  1453.800000
8509346  1.581000  2.329000  6536.600000  0.954000  1598.300000
8509361  1.210000  2.097000  5783.100000  0.650000  1251.000000
8509442  0.613000  0.612000  4165.700000  -0.992000  419.500000
8509781  1.342000  1.894000  6079.300000  0.648000  494.200000
8510197  1.409000  1.683000  6744.800000  0.729000  848.800000
8516349  0.636000  0.620000  4352.300000  -0.905000  429.200000
8517303  1.072000  7.858000  4666.300000  1.425000  848.900000
8517433  1.149000  1.503000  5683.900000  0.330000  690.500000
8519253  1.409000  1.814000  6746.200000  0.790000  1612.500000
8521059  1.407000  1.372000  7329.900000  0.696000  1102.500000
8524110  1.331000  1.527000  6418.100000  0.554000  834.800000
8524346  1.650000  2.561000  6661.900000  1.066000  1653.700000
8525101  1.466000  5.055000  4976.400000  1.157000  1589.600000
8525286  1.686000  1.833000  7669.300000  1.023000  1381.500000
8526387  0.728000  0.713000  4667.400000  -0.661000  585.700000
8527297  1.347000  1.605000  6551.000000  0.633000  1192.100000
8540376  1.145000  1.199000  6242.400000  0.296000  1068.500000
8542879  1.047000  1.087000  5903.300000  0.113000  842.400000
8543100  0.909000  0.939000  5516.200000  -0.130000  1438.600000
8543278  0.844000  1.043000  5289.500000  -0.112000  707.600000
8543279  0.833000  0.860000  5182.400000  -0.315000  1098.200000
8544992  0.750000  0.751000  4631.000000  -0.632000  464.900000
8544996  0.925000  1.144000  5533.000000  0.050000  1221.800000
8545603  0.845000  0.812000  5338.500000  -0.313000  1137.200000
8546464  0.702000  0.698000  4338.300000  -0.808000  521.300000
8546542  0.742000  0.701000  5143.100000  -0.506000  527.700000
8547140  0.663000  0.655000  4496.700000  -0.800000  438.300000
8547213  1.554000  3.514000  5385.700000  0.976000  3113.700000
8547366  2.008000  2.593000  7928.300000  1.382000  663.700000
8547429  1.100000  1.175000  5832.600000  0.161000  971.800000
8547525  0.709000  0.676000  4974.500000  -0.596000  811.400000
8547537  0.816000  0.822000  5089.900000  -0.386000  862.500000
8548069  1.010000  1.028000  5869.300000  0.056000  1413.400000
8548403  0.903000  0.874000  5528.500000  -0.190000  868.900000
8548427  1.140000  1.361000  5696.600000  0.248000  875.400000
8548454  1.428000  2.260000  5793.300000  0.712000  2124.000000
8552202  0.852000  0.996000  5591.200000  -0.055000  1140.600000
8552498  1.334000  1.850000  6233.200000  0.670000  1169.500000
8552500  0.988000  1.101000  5768.000000  0.085000  1155.700000
8552540  1.217000  1.505000  6132.400000  0.461000  229.300000
8552565  1.042000  1.161000  5877.300000  0.163000  526.200000
8552583  0.985000  1.354000  5653.000000  0.230000  1361.800000
8552587  1.047000  1.032000  6019.900000  0.103000  792.100000
8552607  0.893000  0.892000  5449.900000  -0.197000  624.000000
8552719  1.367000  2.818000  5378.500000  0.766000  733.400000
8553788  1.997000  2.777000  7710.000000  1.393000  1641.400000
8553907  1.299000  1.686000  6577.600000  0.686000  791.000000
8554498  1.374000  2.190000  5936.100000  0.730000  538.300000
8554701  0.822000  0.958000  5776.900000  -0.032000  629.700000
8555967  0.985000  1.034000  5771.600000  0.032000  907.700000
8556077  1.234000  1.243000  6709.700000  0.454000  395.400000
8557246  nan  nan  nan  nan  nan
8557374  1.048000  1.087000  5772.500000  0.074000  633.200000
8558011  0.837000  0.828000  5237.500000  -0.329000  518.100000
8559152  1.221000  1.392000  6272.300000  0.436000  886.900000
8559589  1.276000  1.719000  6090.700000  0.567000  1452.400000
8559644  1.128000  1.112000  5954.800000  0.148000  656.400000
8559796  1.567000  2.055000  7055.600000  0.978000  1269.700000
8559863  1.071000  1.908000  5490.900000  0.476000  613.300000
8560280  1.365000  4.938000  4935.600000  1.118000  1301.600000
8560285  1.158000  1.349000  6119.300000  0.366000  1667.100000
8560475  nan  nan  nan  nan  nan
8560804  1.193000  1.448000  5911.700000  0.383000  540.700000
8560840  0.773000  0.768000  4851.300000  -0.529000  672.200000
8560861  2.264000  3.870000  7609.100000  1.657000  369.300000
8560927  0.944000  1.024000  5639.700000  -0.017000  434.400000
8560940  1.084000  1.092000  6092.700000  0.173000  1050.300000
8561063  0.144000  0.173000  3427.800000  -2.428000  39.800000
8561192  nan  nan  nan  nan  nan
8561231  0.928000  0.899000  5661.500000  -0.123000  1185.700000
8564587  0.859000  0.826000  5187.900000  -0.349000  644.700000
8564674  1.037000  0.992000  5755.900000  -0.010000  943.800000
8564976  1.081000  6.054000  4785.100000  1.242000  1764.600000
8565266  1.024000  1.051000  5745.400000  0.037000  943.000000
8565900  0.844000  0.826000  5249.200000  -0.327000  660.200000
8565912  1.588000  2.089000  6948.800000  0.967000  2320.300000
8566113  1.599000  2.236000  6839.500000  0.997000  1285.700000
8569819  1.595000  1.598000  7731.300000  0.915000  1094.700000
8570210  1.041000  1.277000  5941.900000  0.267000  716.900000
8570333  0.831000  0.873000  5167.100000  -0.307000  1044.200000
8571421  1.155000  1.127000  6421.300000  0.292000  1281.700000
8572168  1.419000  1.851000  6293.600000  0.688000  1234.900000
8572936  1.213000  1.801000  6054.900000  0.596000  1767.100000
8573168  0.873000  0.859000  5380.200000  -0.251000  814.800000
8573193  1.201000  1.514000  6106.700000  0.463000  1407.400000
8574270  0.913000  1.395000  5394.900000  0.175000  1208.500000
8574794  0.954000  0.955000  5690.600000  -0.062000  877.700000
8575061  0.794000  0.772000  5046.400000  -0.457000  885.500000
8578780  0.939000  0.937000  5636.200000  -0.096000  880.300000
8579684  1.425000  1.574000  6916.700000  0.711000  695.700000
8580438  1.102000  1.309000  5989.100000  0.300000  985.700000
8581232  0.433000  0.406000  3944.200000  -1.443000  243.700000
8581240  1.076000  1.074000  6134.400000  0.170000  447.200000
8581658  1.347000  1.664000  6494.500000  0.649000  929.800000
8582291  0.985000  1.211000  5718.800000  0.153000  1072.500000
8583696  1.163000  1.145000  6311.200000  0.274000  639.800000
8587439  1.200000  1.412000  6183.500000  0.418000  1002.900000
8588377  1.061000  1.100000  5939.100000  0.133000  1055.400000
8588982  1.597000  11.558000  4607.900000  1.734000  1658.000000
8589731  1.250000  1.981000  5897.600000  0.634000  867.100000
8589754  nan  nan  nan  nan  nan
8590149  0.835000  0.813000  5166.200000  -0.370000  684.300000
8590527  1.050000  1.163000  6076.400000  0.218000  303.900000
8590776  1.188000  1.491000  6084.900000  0.450000  1221.600000
8590780  1.184000  1.431000  6270.500000  0.461000  723.200000
8591173  0.763000  0.743000  4861.200000  -0.554000  434.200000
8591693  1.057000  1.023000  6146.300000  0.131000  827.200000
8604993  1.021000  1.749000  5460.000000  0.393000  1961.700000
8605074  1.134000  1.403000  6006.100000  0.367000  1974.700000
8607720  1.461000  5.187000  5029.200000  1.193000  576.000000
8608490  0.878000  1.144000  5208.800000  -0.058000  847.200000
8608544  1.077000  1.129000  6289.500000  0.257000  885.900000
8609450  0.963000  1.121000  5912.000000  0.144000  1323.700000
8610483  1.261000  1.889000  6036.000000  0.633000  2265.200000
8611257  0.736000  0.728000  4806.000000  -0.591000  495.200000
8611344  0.813000  0.821000  5072.800000  -0.393000  875.600000
8611781  0.963000  1.702000  5733.600000  0.452000  1307.000000
8611832  0.960000  1.603000  5755.600000  0.408000  891.900000
8612275  0.952000  0.928000  5501.200000  -0.146000  874.900000
8612291  1.322000  1.972000  6094.300000  0.686000  1526.900000
8612847  0.833000  0.816000  5218.100000  -0.349000  1020.900000
8613218  1.265000  2.192000  5885.500000  0.719000  2460.000000
8613338  nan  nan  nan  nan  nan
8613446  0.967000  0.963000  5759.700000  -0.034000  1326.200000
8613535  1.223000  1.696000  6013.100000  0.532000  1560.800000
8613769  0.982000  1.338000  5644.600000  0.217000  2080.900000
8616637  0.795000  0.773000  4936.400000  -0.493000  433.100000
8616873  1.161000  2.153000  5508.100000  0.588000  2338.800000
8617363  0.919000  0.892000  5635.000000  -0.136000  1382.600000
8618147  1.107000  1.115000  6151.300000  0.207000  1031.400000
8618226  1.130000  1.479000  5977.000000  0.403000  899.400000
8620402  0.962000  0.920000  5834.100000  -0.052000  880.700000
8620561  0.758000  0.759000  4686.400000  -0.601000  1040.500000
8620565  0.985000  1.230000  5731.600000  0.171000  1253.700000
8621026  1.296000  1.785000  5947.000000  0.558000  1055.600000
8621348  0.796000  0.889000  5271.200000  -0.258000  616.500000
8621353  nan  nan  nan  nan  nan
8622875  nan  nan  nan  nan  nan
8624520  0.812000  0.828000  5065.200000  -0.386000  779.700000
8624860  1.112000  1.364000  6554.600000  0.493000  1005.200000
8625408  1.230000  1.414000  6084.200000  0.397000  725.100000
8625732  0.852000  0.915000  5282.500000  -0.227000  778.100000
8625813  0.642000  0.646000  4201.200000  -0.929000  508.900000
8625821  0.851000  0.810000  5375.500000  -0.304000  755.100000
8625925  0.981000  1.075000  5750.100000  0.060000  1057.900000
8626325  1.196000  2.171000  5045.300000  0.443000  722.300000
8628665  1.020000  0.970000  5969.900000  0.034000  1095.300000
8628758  0.986000  1.041000  5795.400000  0.044000  647.500000
8628761  1.257000  1.437000  6644.800000  0.562000  722.200000
8628973  0.933000  0.871000  5473.300000  -0.211000  864.200000
8630788  0.953000  1.273000  5593.800000  0.159000  1705.300000
8630840  1.362000  1.835000  6357.100000  0.698000  1183.800000
8631160  1.264000  1.558000  6605.200000  0.620000  1063.300000
8631504  0.804000  0.777000  4840.000000  -0.522000  373.600000
8631751  nan  nan  nan  nan  nan
8635938  1.051000  1.848000  5468.200000  0.442000  665.000000
8636333  1.140000  1.161000  6240.600000  0.268000  1568.400000
8636434  1.315000  1.706000  6619.500000  0.705000  962.600000
8636539  1.197000  1.227000  6367.400000  0.353000  1504.600000
8636600  0.790000  0.762000  5030.200000  -0.473000  479.600000
8637903  1.279000  1.289000  6618.300000  0.463000  1036.800000
8639155  1.438000  1.765000  6423.600000  0.682000  851.200000
8639908  0.728000  0.716000  4617.600000  -0.676000  501.600000
8644288  0.976000  0.915000  5486.300000  -0.164000  433.900000
8644365  1.170000  1.232000  6178.800000  0.302000  613.600000
8644545  nan  nan  nan  nan  nan
8644911  1.016000  1.211000  5805.600000  0.180000  1383.500000
8645191  1.042000  1.190000  5892.600000  0.190000  1440.700000
8646141  1.291000  1.434000  7170.000000  0.692000  898.000000
8647295  1.166000  1.260000  6070.900000  0.292000  989.000000
8649876  1.642000  2.450000  6472.900000  0.983000  925.600000
8651389  1.149000  1.158000  6268.000000  0.272000  630.900000
8651551  0.688000  0.673000  4506.200000  -0.773000  562.500000
8652360  nan  nan  nan  nan  nan
8652577  1.188000  1.239000  6389.000000  0.366000  892.400000
8652997  0.942000  1.036000  5945.200000  0.084000  213.100000
8652999  1.538000  2.170000  6481.300000  0.861000  1266.100000
8653134  0.790000  0.805000  4918.300000  -0.465000  339.400000
8655076  0.866000  0.813000  5084.600000  -0.398000  601.900000
8655354  1.185000  1.296000  6250.800000  0.363000  1471.400000
8655458  0.877000  0.841000  5239.100000  -0.316000  600.900000
8656535  0.904000  0.870000  5540.300000  -0.191000  350.400000
8668810  0.835000  0.928000  5136.800000  -0.265000  963.800000
8669092  1.253000  2.128000  6041.200000  0.738000  907.800000
8671707  1.003000  1.581000  5974.000000  0.460000  803.000000
8672910  0.887000  0.833000  5324.800000  -0.297000  764.600000
8673511  nan  nan  nan  nan  nan
8676038  0.939000  0.959000  5728.500000  -0.048000  1067.000000
8676061  1.252000  1.842000  6033.400000  0.610000  2404.700000
8676148  0.834000  0.778000  5521.700000  -0.292000  1173.800000
8677057  0.709000  0.695000  4535.000000  -0.732000  591.700000
8677186  0.867000  1.079000  5274.500000  -0.089000  456.500000
8678345  0.903000  0.866000  5492.100000  -0.211000  343.700000
8678594  1.035000  1.213000  5870.900000  0.200000  1489.000000
8678664  0.892000  1.379000  5311.000000  0.139000  1573.600000
8678691  0.766000  0.772000  4751.900000  -0.560000  537.500000
8680979  0.828000  0.798000  4991.500000  -0.446000  718.700000
8681734  0.918000  0.879000  5462.700000  -0.206000  743.900000
8681833  0.951000  1.076000  5656.600000  0.031000  1286.800000
8682094  0.760000  0.754000  4774.700000  -0.573000  703.600000
8682751  1.017000  1.417000  5702.100000  0.284000  1886.000000
8683144  1.147000  1.288000  5951.300000  0.282000  916.900000
8684730  1.308000  2.113000  5882.100000  0.683000  657.100000
8685497  1.145000  1.270000  5877.100000  0.240000  751.500000
8686097  0.961000  1.210000  5856.500000  0.193000  389.100000
8686150  1.155000  1.591000  5869.000000  0.437000  2369.300000
8686373  1.223000  1.371000  6204.900000  0.405000  868.900000
8686442  0.908000  0.878000  5528.200000  -0.186000  920.200000
8686761  1.034000  2.275000  5181.800000  0.530000  1138.300000
8687088  1.268000  2.439000  5873.300000  0.807000  546.600000
8689031  0.832000  0.796000  5271.400000  -0.353000  766.000000
8689373  0.804000  0.809000  5020.300000  -0.424000  830.300000
8689793  1.127000  1.249000  6107.200000  0.295000  937.400000
8690001  1.174000  2.036000  5718.600000  0.604000  1435.800000
8692861  0.955000  1.182000  5889.500000  0.183000  727.600000
8693536  1.516000  2.126000  6636.800000  0.901000  1978.000000
8694309  1.013000  1.488000  5656.500000  0.313000  577.900000
8695311  1.113000  1.146000  6164.000000  0.237000  2214.300000
8695779  1.511000  2.278000  6350.100000  0.884000  1357.400000
8700506  1.489000  2.454000  6340.800000  0.946000  1585.700000
8700537  0.909000  0.878000  5561.500000  -0.175000  684.900000
8700558  1.272000  1.385000  6622.500000  0.525000  487.500000
8700771  0.884000  1.626000  5407.700000  0.312000  360.900000
8700895  1.266000  2.075000  5805.200000  0.648000  1890.900000
8701327  1.300000  1.894000  6115.400000  0.658000  1021.600000
8702537  1.017000  1.697000  5513.100000  0.383000  665.600000
8702921  1.516000  4.983000  4851.100000  1.095000  848.600000
8703129  1.688000  3.597000  5193.600000  0.932000  679.900000
8703491  1.479000  1.854000  7108.800000  0.897000  678.900000
8703506  1.425000  2.307000  6154.700000  0.840000  3438.500000
8703884  1.195000  2.680000  5124.700000  0.657000  2323.700000
8703887  1.759000  2.633000  6996.600000  1.177000  566.300000
8708961  1.323000  1.770000  6272.000000  0.645000  1167.000000
8709688  1.135000  1.151000  5960.900000  0.181000  1046.200000
8711548  1.710000  2.042000  7515.700000  1.079000  1651.600000
8711794  0.968000  1.026000  6111.700000  0.124000  393.800000
8712863  nan  nan  nan  nan  nan
8713828  1.667000  2.821000  6653.500000  1.151000  1025.800000
8715564  0.955000  1.398000  5330.100000  0.151000  264.500000
8715589  0.876000  1.372000  5325.100000  0.149000  576.800000
8718273  1.286000  11.190000  4680.000000  1.737000  849.200000
8719324  1.772000  2.282000  7283.900000  1.126000  856.900000
8719419  1.464000  1.913000  6806.200000  0.854000  988.000000
8719897  1.481000  4.534000  5022.500000  1.077000  989.000000
8733497  1.178000  1.982000  5657.900000  0.564000  1336.700000
8733898  0.185000  0.216000  3503.300000  -2.199000  96.000000
8736245  0.889000  1.491000  5483.200000  0.260000  890.400000
8737343  1.268000  1.686000  5831.300000  0.473000  485.000000
8737796  1.136000  1.784000  5624.000000  0.461000  626.500000
8738115  1.000000  1.644000  5479.300000  0.345000  2107.500000
8738244  2.356000  3.281000  8392.500000  1.686000  305.500000
8738735  1.207000  1.609000  6050.400000  0.498000  1200.800000
8738775  0.894000  0.957000  5255.900000  -0.196000  884.500000
8739209  1.344000  1.947000  6490.600000  0.785000  658.800000
8740744  nan  nan  nan  nan  nan
8741367  1.247000  1.274000  6362.400000  0.381000  532.200000
8741470  0.928000  0.912000  5503.700000  -0.161000  516.900000
8742270  1.225000  2.158000  5504.700000  0.589000  1951.700000
8742590  0.901000  0.850000  5647.300000  -0.177000  672.300000
8742735  0.878000  0.943000  5397.800000  -0.163000  1334.800000
8743082  1.067000  1.667000  5685.400000  0.420000  2075.200000
8743244  0.923000  1.229000  5519.000000  0.105000  1430.000000
8745553  1.308000  1.846000  6266.500000  0.678000  1110.300000
8746295  0.941000  1.288000  5555.900000  0.157000  1117.900000
8746310  1.003000  1.094000  5815.800000  0.094000  1062.100000
8747009  1.446000  3.882000  5122.100000  0.977000  1965.200000
8747222  1.225000  7.577000  4722.100000  1.412000  1802.200000
8747910  0.898000  0.898000  5454.200000  -0.189000  763.000000
8748435  0.795000  0.748000  5265.300000  -0.411000  505.100000
8749844  2.343000  2.725000  9078.100000  1.664000  2457.400000
8750043  0.924000  0.880000  5538.200000  -0.181000  389.200000
8750094  1.069000  1.603000  5743.000000  0.404000  1360.700000
8750503  0.767000  0.773000  4757.500000  -0.558000  710.700000
8751796  1.272000  1.348000  6640.300000  0.505000  701.600000
8751933  nan  nan  nan  nan  nan
8752940  0.762000  0.735000  4916.100000  -0.544000  420.100000
8753657  0.978000  1.082000  5471.900000  -0.022000  362.800000
8753896  0.755000  0.706000  5143.800000  -0.500000  857.800000
8757213  1.128000  1.098000  6453.800000  0.280000  1896.300000
8757824  1.128000  1.244000  6116.000000  0.293000  1146.500000
8757910  1.327000  1.591000  6353.200000  0.571000  946.900000
8758136  1.010000  1.215000  5787.700000  0.176000  1524.300000
8758161  1.237000  1.957000  6857.500000  0.885000  795.700000
8758204  0.832000  0.793000  5397.300000  -0.315000  1077.500000
8760040  1.088000  1.104000  6048.200000  0.169000  1063.600000
8760135  1.078000  1.650000  5734.600000  0.440000  2095.300000
8760760  0.943000  0.977000  5642.200000  -0.057000  1180.400000
8761550  1.328000  1.736000  5879.200000  0.514000  510.000000
8765560  nan  nan  nan  nan  nan
8766222  1.375000  8.739000  4800.500000  1.577000  6598.700000
8766268  nan  nan  nan  nan  nan
8766285  nan  nan  nan  nan  nan
8766650  0.762000  0.754000  4839.900000  -0.550000  281.900000
8767034  0.731000  0.732000  4542.400000  -0.686000  343.000000
8773015  0.941000  1.172000  5856.000000  0.166000  550.600000
8773869  0.883000  0.848000  5213.900000  -0.318000  465.400000
8773948  1.731000  2.975000  6393.500000  1.127000  1708.100000
8780959  1.352000  1.478000  7012.300000  0.678000  899.300000
8780968  1.452000  2.191000  6321.300000  0.844000  3577.500000
8781480  1.541000  60.024000  3970.600000  2.910000  7345.200000
8784288  1.331000  1.626000  6180.900000  0.545000  933.700000
8800954  0.784000  0.829000  5201.600000  -0.342000  347.000000
8801316  1.470000  1.978000  6642.500000  0.839000  638.700000
8801343  1.458000  2.152000  6483.200000  0.868000  642.200000
8802165  1.010000  0.956000  5675.100000  -0.067000  637.800000
8802693  0.838000  0.812000  5256.600000  -0.341000  946.100000
8803757  0.915000  0.852000  5537.900000  -0.210000  891.800000
8803882  1.365000  3.522000  4912.500000  0.817000  1064.400000
8804283  0.962000  0.971000  5534.500000  -0.097000  852.800000
8804358  1.054000  1.163000  5939.700000  0.184000  1587.500000
8804397  1.314000  1.589000  6134.100000  0.507000  979.300000
8804455  1.007000  0.948000  5848.600000  -0.023000  541.600000
8804845  0.971000  0.927000  5440.000000  -0.167000  668.200000
8804937  nan  nan  nan  nan  nan
8805348  0.902000  0.908000  5949.600000  -0.029000  512.700000
8806072  0.874000  0.886000  5371.300000  -0.227000  777.700000
8806123  0.974000  1.351000  5741.200000  0.255000  1421.700000
8806985  1.350000  1.998000  6353.100000  0.770000  1106.600000
8807057  1.221000  1.438000  6227.500000  0.452000  959.500000
8807988  0.867000  0.848000  5216.700000  -0.317000  383.500000
8808064  0.857000  0.806000  5475.600000  -0.278000  828.200000
8811490  1.131000  2.062000  5521.000000  0.553000  1176.300000
8812045  1.250000  1.697000  6052.000000  0.544000  1516.200000
8812360  0.975000  6.728000  4808.000000  1.343000  2721.700000
8813404  1.041000  1.527000  5877.400000  0.401000  465.900000
8813698  1.066000  1.150000  6033.200000  0.201000  1157.200000
8814872  0.664000  0.661000  4274.100000  -0.880000  489.800000
8815031  1.039000  1.223000  5856.800000  0.205000  1987.000000
8815279  0.910000  1.008000  5493.000000  -0.068000  1224.400000
8821936  1.427000  2.795000  6125.200000  0.998000  1775.600000
8822216  0.920000  0.878000  5668.600000  -0.142000  851.300000
8822366  1.224000  1.613000  6213.300000  0.545000  635.900000
8822421  0.838000  0.846000  5209.300000  -0.321000  940.800000
8822585  1.105000  1.031000  6860.100000  0.328000  509.500000
8823397  1.840000  2.861000  7043.300000  1.263000  2268.600000
8823426  0.524000  0.529000  3829.600000  -1.263000  250.000000
8823833  0.835000  0.855000  5427.800000  -0.240000  321.700000
8823868  2.804000  3.284000  10034.500000  2.000000  1568.100000
8823893  1.633000  2.646000  6365.800000  1.019000  1875.800000
8824737  0.828000  0.868000  5187.000000  -0.305000  897.900000
8826007  0.729000  0.708000  4458.700000  -0.747000  505.000000
8826168  1.033000  1.273000  5812.800000  0.224000  956.500000
8826878  0.887000  0.839000  5274.900000  -0.307000  839.100000
8827575  0.918000  1.100000  5691.400000  0.061000  531.300000
8827930  1.059000  1.068000  5664.700000  0.029000  1578.700000
8832512  0.874000  0.860000  5383.100000  -0.250000  770.300000
8832676  0.596000  0.606000  4036.100000  -1.053000  276.600000
8836224  1.394000  2.858000  5194.300000  0.733000  1318.000000
8836888  0.975000  1.053000  5737.000000  0.036000  1065.500000
8838950  0.821000  1.190000  5451.300000  0.059000  693.200000
8841297  1.314000  1.320000  6478.800000  0.444000  736.500000
8841616  2.206000  11.289000  4919.200000  1.821000  1659.500000
8845026  1.960000  3.453000  6571.400000  1.305000  1679.800000
8845205  0.394000  0.403000  3691.400000  -1.563000  109.100000
8845221  1.660000  2.477000  7171.800000  1.171000  1574.100000
8845552  0.862000  1.081000  5118.100000  -0.099000  856.500000
8845574  1.134000  1.489000  5943.600000  0.405000  1788.300000
8846163  0.489000  0.488000  3908.700000  -1.300000  60.100000
8846809  2.300000  2.616000  9052.700000  1.623000  553.700000
8847111  nan  nan  nan  nan  nan
8848104  1.017000  1.770000  5890.900000  0.535000  541.500000
8848115  1.672000  38.801000  4142.900000  2.615000  3405.300000
8848271  0.971000  0.915000  6052.000000  0.006000  616.500000
8848288  nan  nan  nan  nan  nan
8866102  1.219000  1.521000  6151.800000  0.478000  147.300000
8866137  0.783000  0.774000  4926.300000  -0.495000  896.400000
8868364  1.215000  1.777000  6237.800000  0.637000  1173.700000
8868481  nan  nan  nan  nan  nan
8868649  1.194000  2.160000  5407.600000  0.554000  1263.900000
8868657  0.902000  0.959000  5493.400000  -0.117000  1454.000000
8868686  1.032000  1.974000  5892.800000  0.629000  1091.700000
8868907  1.090000  1.443000  5866.100000  0.349000  1769.400000
8869680  nan  nan  nan  nan  nan
8872048  1.261000  3.359000  5010.400000  0.811000  3269.700000
8873090  1.317000  2.171000  6205.300000  0.801000  566.400000
8873450  nan  nan  nan  nan  nan
8873674  0.989000  1.691000  5410.400000  0.348000  1676.900000
8873873  0.868000  1.043000  5284.000000  -0.115000  231.100000
8874090  0.670000  0.664000  4529.800000  -0.775000  623.400000
8878187  1.038000  1.345000  5600.100000  0.215000  782.900000
8878681  1.491000  1.789000  6744.000000  0.777000  459.100000
8879427  1.103000  1.344000  5964.700000  0.317000  1145.700000
8879915  0.996000  1.317000  5703.300000  0.221000  1486.400000
8880003  1.026000  1.561000  5643.200000  0.351000  1657.100000
8880123  1.180000  1.516000  5937.600000  0.413000  1747.900000
8880317  1.133000  1.231000  6138.000000  0.291000  827.500000
8881169  1.242000  1.287000  6439.800000  0.411000  1246.600000
8882847  1.253000  1.547000  6364.200000  0.552000  855.700000
8883329  1.329000  1.501000  6505.200000  0.559000  877.800000
8883593  1.002000  1.309000  5720.700000  0.221000  1735.500000
8883727  0.822000  0.779000  5289.700000  -0.366000  928.900000
8884274  0.829000  0.793000  5282.400000  -0.353000  1096.300000
8885643  0.923000  0.916000  5817.000000  -0.061000  842.000000
8885673  0.809000  0.866000  4898.100000  -0.409000  870.900000
8888745  0.690000  0.672000  4701.000000  -0.700000  618.700000
8890150  0.620000  0.635000  4096.300000  -0.991000  410.400000
8890417  1.008000  1.210000  5755.400000  0.163000  793.400000
8890783  0.957000  0.898000  5447.200000  -0.192000  622.300000
8890924  1.150000  3.077000  4915.000000  0.700000  1028.500000
8890996  1.665000  2.092000  7121.200000  1.007000  949.600000
8891278  1.208000  1.628000  6048.800000  0.508000  1362.800000
8891318  1.239000  1.388000  6334.700000  0.450000  1148.000000
8891684  0.904000  0.850000  5310.800000  -0.284000  619.600000
8892157  1.078000  1.204000  5894.700000  0.201000  1205.400000
8892303  0.230000  0.258000  3627.900000  -1.984000  143.100000
8892720  1.131000  1.924000  5669.900000  0.541000  2451.400000
8892721  0.771000  0.776000  4799.600000  -0.539000  781.000000
8892910  1.625000  2.577000  6513.600000  1.034000  1803.200000
8894646  1.123000  1.545000  5892.700000  0.415000  980.400000
8895758  nan  nan  nan  nan  nan
8904714  1.359000  1.468000  6492.300000  0.538000  1501.300000
8905246  0.769000  0.728000  5098.600000  -0.493000  338.200000
8906045  nan  nan  nan  nan  nan
8906676  1.119000  1.238000  6118.300000  0.289000  362.000000
8908102  1.667000  2.628000  6465.600000  1.040000  1484.300000
8912730  1.657000  1.561000  8304.200000  1.022000  1417.500000
8914779  1.424000  1.631000  6727.400000  0.690000  427.000000
8915379  0.936000  1.146000  5543.700000  0.043000  1175.600000
8916492  2.053000  2.425000  8428.300000  1.432000  506.000000
8934103  0.850000  0.905000  5870.000000  -0.052000  1115.200000
8934495  0.807000  0.786000  5079.700000  -0.430000  641.300000
8935352  1.181000  4.470000  4954.500000  1.037000  2251.400000
8935810  0.847000  0.964000  5222.800000  -0.200000  1276.400000
8937019  nan  nan  nan  nan  nan
8937021  0.658000  0.630000  4740.000000  -0.743000  565.700000
8937555  1.354000  3.718000  4931.000000  0.870000  868.100000
8937762  0.907000  1.123000  5503.000000  0.021000  785.900000
8938628  0.893000  1.105000  5451.900000  -0.009000  588.600000
8938937  0.829000  0.820000  5190.400000  -0.354000  1115.500000
8939211  1.006000  1.613000  5550.900000  0.351000  1110.400000
8939650  1.319000  2.241000  6020.900000  0.777000  1898.600000
8940700  nan  nan  nan  nan  nan
8940918  0.698000  0.689000  4407.800000  -0.791000  514.500000
8940961  0.904000  1.566000  5217.900000  0.218000  1464.400000
8946267  0.862000  0.852000  5326.300000  -0.278000  937.300000
8947520  0.953000  0.967000  5769.300000  -0.028000  798.700000
8948424  nan  nan  nan  nan  nan
8949247  1.109000  1.602000  5841.900000  0.433000  1497.300000
8949316  0.639000  0.664000  4112.400000  -0.945000  408.500000
8949512  0.926000  0.929000  5580.100000  -0.120000  850.700000
8949925  1.110000  1.561000  5849.100000  0.413000  1684.200000
8950568  0.928000  0.875000  5505.200000  -0.197000  768.200000
8950853  1.250000  1.473000  6129.100000  0.447000  939.400000
8951205  0.821000  0.780000  5268.800000  -0.370000  801.100000
8951215  0.983000  0.962000  5834.000000  -0.012000  1166.400000
8953059  1.213000  1.564000  6095.200000  0.488000  2333.500000
8953257  1.133000  1.522000  6001.300000  0.435000  1479.400000
8953278  0.940000  1.827000  5117.900000  0.310000  1798.300000
8953281  1.206000  2.742000  5088.200000  0.663000  2235.400000
8953296  1.479000  1.990000  6191.600000  0.723000  1433.300000
8953414  0.764000  0.759000  4793.900000  -0.560000  639.300000
8953426  1.594000  2.564000  6337.400000  0.982000  941.500000
8953475  0.984000  1.541000  5921.900000  0.423000  914.900000
8955709  1.029000  6.692000  4477.800000  1.213000  5476.500000
8955741  1.278000  2.308000  5661.000000  0.693000  660.600000
8956206  0.880000  0.844000  5250.900000  -0.309000  1064.800000
8956706  0.738000  0.710000  4904.000000  -0.579000  838.100000
8957572  1.661000  2.321000  6960.800000  1.060000  921.500000
8957954  1.120000  1.585000  6113.900000  0.502000  1144.500000
8958035  1.092000  1.193000  6013.300000  0.227000  998.200000
8958359  1.036000  1.188000  5771.000000  0.152000  492.700000
8958811  nan  nan  nan  nan  nan
8958939  1.031000  1.283000  6111.400000  0.319000  1687.700000
8959240  0.997000  2.623000  4897.200000  0.556000  967.100000
8959839  1.110000  1.265000  5968.400000  0.266000  1206.100000
8960918  0.848000  0.984000  5194.400000  -0.195000  859.600000
8962007  0.758000  0.713000  5195.500000  -0.473000  571.000000
8962094  0.822000  0.897000  5704.600000  -0.112000  484.400000
8963721  1.152000  1.917000  5756.700000  0.564000  1634.200000
8971044  1.185000  1.324000  6214.500000  0.379000  1505.300000
8971432  0.899000  0.955000  5254.300000  -0.189000  952.900000
8972058  1.119000  1.119000  6204.500000  0.224000  623.000000
8973000  1.162000  1.930000  5773.000000  0.576000  1488.900000
8973129  0.898000  0.887000  5626.000000  -0.148000  863.400000
8973285  1.126000  1.227000  6244.800000  0.319000  1914.400000
8975368  1.084000  1.159000  5995.600000  0.197000  368.100000
8975776  1.032000  0.986000  5982.500000  0.052000  995.900000
8977176  1.302000  1.566000  6548.800000  0.610000  944.400000
8978528  0.670000  0.667000  4783.800000  -0.676000  435.400000
8979500  1.356000  5.443000  4819.100000  1.160000  1449.700000
8984706  1.137000  1.423000  5993.900000  0.376000  885.200000
8984755  0.991000  0.928000  5818.200000  -0.047000  774.400000
9001468  0.866000  1.059000  5174.600000  -0.137000  913.400000
9002237  1.056000  1.471000  5773.600000  0.338000  1456.000000
9002278  0.705000  0.696000  4966.500000  -0.575000  300.000000
9002538  1.212000  1.237000  6386.200000  0.363000  324.500000
9003126  nan  nan  nan  nan  nan
9003401  1.145000  1.218000  6188.100000  0.296000  721.600000
9005321  0.664000  0.658000  4278.000000  -0.883000  472.000000
9005854  0.910000  1.270000  5452.500000  0.113000  1462.700000
9006186  0.907000  0.876000  5288.300000  -0.265000  249.200000
9006449  1.176000  2.298000  5357.300000  0.597000  1682.200000
9007151  0.889000  0.878000  5297.900000  -0.258000  1156.300000
9007609  0.775000  0.725000  4844.800000  -0.556000  740.500000
9007866  0.887000  0.887000  5441.200000  -0.204000  1189.300000
9007918  1.559000  1.857000  7117.500000  0.904000  633.500000
9007953  1.106000  1.613000  5829.500000  0.436000  1557.300000
9008103  0.723000  0.702000  4702.700000  -0.660000  576.000000
9008125  1.535000  4.985000  5081.300000  1.178000  974.000000
9008220  1.160000  1.568000  5918.600000  0.437000  1522.600000
9008737  0.837000  0.791000  5356.800000  -0.330000  818.900000
9009036  1.256000  1.781000  6266.500000  0.645000  1132.400000
9009953  1.082000  1.083000  5992.600000  0.136000  716.700000
9011825  1.295000  1.759000  5970.200000  0.550000  1090.600000
9011874  0.802000  0.821000  4991.500000  -0.422000  961.700000
9011877  0.890000  0.866000  5091.000000  -0.342000  397.600000
9011955  1.180000  1.721000  5940.100000  0.523000  2199.600000
9012244  0.803000  1.220000  5740.600000  0.166000  740.500000
9015738  1.179000  1.199000  6109.800000  0.259000  309.300000
9016295  0.992000  1.101000  5778.700000  0.089000  1250.300000
9016592  1.145000  1.899000  5735.500000  0.551000  2541.600000
9017682  1.152000  1.539000  5965.400000  0.433000  2089.100000
9018021  1.176000  3.556000  4932.000000  0.831000  2032.400000
9019191  0.724000  0.697000  4771.600000  -0.642000  572.500000
9020114  0.935000  1.042000  5462.300000  -0.057000  1020.600000
9020160  nan  nan  nan  nan  nan
9021047  1.016000  0.997000  5944.800000  0.051000  1268.600000
9021075  0.710000  0.682000  4793.000000  -0.653000  763.900000
9022166  1.220000  2.064000  5687.500000  0.607000  766.600000
9024568  0.889000  0.843000  5137.900000  -0.347000  496.100000
9024857  0.920000  1.076000  5553.500000  0.001000  1237.900000
9025662  1.007000  1.002000  5890.000000  0.040000  1328.300000
9025739  0.970000  0.910000  5913.300000  -0.040000  883.600000
9025914  nan  nan  nan  nan  nan
9025922  nan  nan  nan  nan  nan
9025971  1.062000  1.012000  5867.800000  0.041000  932.000000
9026007  1.043000  0.987000  5873.300000  0.021000  942.200000
9026248  1.287000  3.662000  5059.200000  0.901000  876.300000
9026749  1.277000  1.976000  6185.000000  0.714000  1475.500000
9027841  0.743000  0.731000  4721.400000  -0.621000  635.200000
9027909  1.156000  1.311000  6141.800000  0.346000  1298.100000
9028474  1.227000  1.868000  5827.400000  0.561000  616.900000
9029486  0.928000  0.969000  5606.000000  -0.072000  500.100000
9030447  1.513000  1.858000  6873.500000  0.843000  1263.700000
9030537  0.898000  0.843000  5552.800000  -0.214000  1029.400000
9031209  0.858000  0.811000  5252.000000  -0.343000  863.000000
9031703  1.203000  1.974000  5672.500000  0.564000  1309.900000
9032900  1.379000  1.746000  6131.900000  0.593000  1153.800000
9034103  0.983000  1.105000  5747.900000  0.083000  1652.600000
9040849  1.146000  1.331000  6198.800000  0.379000  2046.400000
9042357  1.352000  2.889000  5539.600000  0.852000  2247.200000
9043947  nan  nan  nan  nan  nan
9044060  1.635000  1.662000  7263.300000  0.843000  828.400000
9044228  0.723000  0.712000  4573.300000  -0.698000  305.800000
9047416  0.964000  0.896000  5965.500000  -0.037000  614.500000
9048145  1.779000  1.909000  7960.500000  1.123000  1132.900000
9048161  1.287000  1.270000  6777.100000  0.490000  623.400000
9049010  0.992000  1.139000  5762.800000  0.107000  557.200000
9049550  0.651000  0.721000  5801.400000  -0.273000  483.700000
9049673  1.154000  1.537000  5816.100000  0.389000  1722.600000
9049697  nan  nan  nan  nan  nan
9053086  1.821000  2.164000  7556.700000  1.147000  1690.900000
9053112  1.278000  2.339000  5736.200000  0.731000  1092.300000
9070666  1.296000  1.691000  6334.800000  0.621000  533.300000
9071386  1.564000  2.081000  6543.600000  0.856000  795.500000
9071593  0.798000  0.797000  5353.700000  -0.325000  935.800000
9072190  0.968000  0.991000  5568.200000  -0.068000  1004.500000
9072639  1.116000  1.919000  6089.200000  0.661000  803.400000
9073549  0.989000  0.942000  5654.900000  -0.086000  1126.600000
9075882  0.871000  0.842000  5403.300000  -0.262000  894.000000
9076513  1.176000  1.559000  5803.500000  0.397000  1383.700000
9076971  0.716000  0.682000  4943.700000  -0.600000  767.900000
9077124  1.039000  1.312000  5815.700000  0.252000  1889.500000
9079587  0.723000  0.681000  5139.800000  -0.534000  783.500000
9079671  0.823000  0.785000  5205.600000  -0.389000  254.100000
9079767  0.923000  1.290000  5825.700000  0.240000  916.500000
9079915  1.294000  1.534000  6326.200000  0.537000  1049.300000
9083470  0.775000  0.739000  5120.600000  -0.468000  936.900000
9083503  0.801000  0.801000  5016.700000  -0.435000  899.200000
9083564  1.108000  1.240000  6004.200000  0.257000  467.700000
9084569  0.758000  0.816000  5063.900000  -0.402000  206.800000
9084778  0.725000  0.700000  4812.900000  -0.625000  666.400000
9084832  0.834000  0.812000  5128.000000  -0.385000  280.200000
9085039  1.263000  1.794000  6068.000000  0.597000  1166.200000
9085563  1.199000  1.295000  6084.800000  0.319000  1743.600000
9086001  1.187000  1.180000  6399.800000  0.323000  762.100000
9086154  1.197000  1.455000  5935.200000  0.377000  926.000000
9086251  1.320000  1.413000  6405.900000  0.483000  590.900000
9087071  1.109000  1.323000  6123.000000  0.349000  819.800000
9087580  0.781000  0.780000  4890.900000  -0.502000  638.200000
9087853  0.861000  0.937000  5256.900000  -0.214000  1202.100000
9088780  1.366000  7.198000  4834.200000  1.409000  2214.000000
9091755  0.978000  0.985000  5774.700000  -0.010000  1106.600000
9092496  1.592000  2.094000  6954.800000  0.971000  2774.800000
9092504  0.936000  0.961000  5623.800000  -0.077000  1338.000000
9092897  1.702000  2.288000  7236.300000  1.115000  1321.700000
9093086  1.077000  1.060000  6104.100000  0.150000  1085.200000
9093566  nan  nan  nan  nan  nan
9093859  0.819000  0.778000  5297.800000  -0.368000  1021.300000
9094763  1.037000  1.525000  5693.700000  0.346000  2261.200000
9097120  1.201000  1.519000  6102.700000  0.463000  2025.400000
9097470  0.912000  0.934000  5341.500000  -0.192000  1114.000000
9097892  1.235000  1.580000  6275.400000  0.545000  1022.200000
9098590  1.269000  1.673000  6176.500000  0.573000  1803.900000
9098810  nan  nan  nan  nan  nan
9099607  1.296000  2.168000  6019.200000  0.743000  1686.800000
9099773  1.274000  2.069000  5988.400000  0.697000  1952.100000
9099950  1.439000  2.058000  6415.300000  0.813000  978.500000
9100484  0.818000  0.770000  4770.500000  -0.557000  839.400000
9100953  0.748000  0.720000  5041.800000  -0.518000  872.800000
9101208  1.248000  2.026000  5950.200000  0.668000  2464.200000
9101271  1.396000  2.488000  6053.900000  0.875000  1775.300000
9101279  1.747000  2.717000  6856.700000  1.170000  2132.800000
9101400  1.507000  2.428000  6220.500000  0.904000  2430.300000
9101496  1.370000  1.811000  5973.000000  0.577000  1272.800000
9108058  1.764000  3.019000  6511.300000  1.172000  2124.700000
9108085  1.159000  1.227000  5906.700000  0.219000  705.300000
9109857  1.194000  1.238000  6506.600000  0.394000  473.600000
9110346  0.893000  1.188000  5401.900000  0.046000  1486.800000
9110357  2.261000  2.045000  9687.700000  1.528000  1873.900000
9110610  1.198000  1.416000  6283.500000  0.453000  809.300000
9111849  1.673000  1.961000  7248.400000  0.983000  1058.700000
9112931  0.668000  0.669000  4743.000000  -0.688000  538.700000
9114508  nan  nan  nan  nan  nan
9114614  0.664000  0.656000  4414.100000  -0.829000  299.100000
9115681  1.402000  1.444000  6851.700000  0.619000  768.500000
9115800  0.944000  0.886000  5383.100000  -0.225000  756.100000
9116075  0.740000  0.737000  4606.200000  -0.655000  242.800000
9116510  1.152000  1.104000  6691.200000  0.348000  1273.400000
9117123  0.695000  0.690000  4385.600000  -0.793000  323.900000
9117416  1.459000  2.018000  6557.400000  0.830000  925.600000
9118340  nan  nan  nan  nan  nan
9118858  1.330000  1.527000  6461.600000  0.564000  873.000000
9119405  1.667000  2.558000  6323.800000  0.978000  1376.400000
9119458  0.978000  0.926000  5778.900000  -0.064000  721.000000
9119568  0.923000  0.850000  5398.300000  -0.256000  277.500000
9119652  0.895000  1.305000  5711.300000  0.216000  782.000000
9137257  0.807000  0.817000  5037.300000  -0.410000  454.000000
9139084  0.874000  0.830000  5266.600000  -0.320000  253.600000
9140402  0.862000  0.820000  5461.800000  -0.265000  903.600000
9141355  0.847000  0.853000  5260.200000  -0.296000  1062.900000
9141746  1.036000  1.312000  5809.800000  0.250000  1899.900000
9142225  1.123000  1.147000  6155.500000  0.234000  1108.400000
9142334  0.591000  0.607000  3905.400000  -1.112000  129.300000
9142714  0.611000  0.630000  3979.100000  -1.045000  266.700000
9142742  1.290000  1.702000  6405.500000  0.646000  1003.200000
9143254  1.160000  2.103000  5571.100000  0.588000  2583.300000
9145415  0.860000  0.884000  5321.100000  -0.244000  1268.300000
9145861  1.467000  6.004000  4693.500000  1.199000  1038.100000
9146018  1.001000  0.996000  5505.300000  -0.085000  650.100000
9147012  0.921000  5.223000  4785.600000  1.116000  6055.600000
9147029  1.086000  1.173000  6042.000000  0.221000  1610.200000
9149789  0.839000  0.802000  5307.100000  -0.336000  724.100000
9150827  0.639000  0.637000  4240.700000  -0.924000  260.400000
9150870  0.972000  0.930000  5494.300000  -0.147000  1182.300000
9153246  1.022000  1.610000  5602.200000  0.365000  1250.500000
9153554  0.913000  0.888000  5587.600000  -0.157000  1240.600000
9153570  0.851000  0.855000  5283.300000  -0.286000  1167.200000
9153823  0.745000  0.739000  4677.100000  -0.627000  559.300000
9156585  1.128000  2.263000  5249.300000  0.550000  2576.000000
9156957  0.609000  0.625000  4039.500000  -1.027000  362.600000
9157030  0.670000  0.651000  4590.800000  -0.769000  595.500000
9157523  1.518000  2.224000  5922.000000  0.741000  833.900000
9157634  0.964000  0.927000  5357.300000  -0.193000  692.200000
9157908  1.072000  1.396000  6205.600000  0.417000  917.200000
9159198  1.116000  1.153000  6167.300000  0.249000  1236.500000
9159242  1.221000  2.209000  5699.000000  0.670000  1346.700000
9159265  1.085000  1.603000  5785.900000  0.417000  1235.300000
9159275  0.875000  0.836000  5462.500000  -0.250000  994.400000
9159288  1.241000  1.352000  6371.900000  0.438000  1438.200000
9159301  2.046000  3.139000  7552.800000  1.464000  1296.500000
9159461  1.269000  2.833000  5123.500000  0.704000  835.600000
9161118  0.721000  0.711000  4537.000000  -0.714000  700.000000
9162741  1.285000  2.127000  6013.100000  0.729000  1137.700000
9163674  1.394000  1.950000  6821.100000  0.878000  1662.900000
9164003  nan  nan  nan  nan  nan
9164788  1.195000  1.925000  5893.300000  0.608000  1108.000000
9164836  0.937000  1.226000  5871.000000  0.210000  1026.300000
9166700  1.207000  1.287000  6357.700000  0.391000  303.200000
9166862  1.010000  1.005000  5895.900000  0.045000  1255.100000
9166870  0.943000  0.914000  5704.000000  -0.097000  983.700000
9171801  1.170000  1.192000  6293.000000  0.295000  2077.200000
9171886  1.255000  2.274000  5725.900000  0.719000  2820.800000
9172506  1.441000  1.921000  6526.500000  0.783000  598.300000
9173014  1.834000  2.663000  6850.600000  1.151000  602.600000
9177629  0.800000  0.777000  4765.600000  -0.550000  309.100000
9178185  1.428000  1.770000  6589.800000  0.726000  1292.700000
9178502  1.937000  2.232000  8726.700000  1.423000  1349.300000
9178894  2.832000  4.240000  9137.300000  2.060000  1347.300000
9179531  nan  nan  nan  nan  nan
9180282  1.357000  1.351000  6906.600000  0.576000  747.600000
9180566  2.346000  6.338000  6661.100000  1.847000  3839.400000
9181340  1.196000  1.383000  6541.100000  0.500000  1374.200000
9181402  1.100000  1.637000  6267.100000  0.575000  933.900000
9183378  1.145000  1.188000  6205.800000  0.277000  673.500000
9202151  0.610000  0.629000  3990.100000  -1.044000  369.800000
9202434  1.172000  1.400000  6213.300000  0.421000  1210.900000
9203154  0.710000  0.679000  4832.600000  -0.642000  697.300000
9205907  0.924000  1.179000  5542.800000  0.076000  1562.300000
9205938  0.861000  0.903000  5813.800000  -0.073000  633.100000
9205993  1.373000  1.493000  6780.100000  0.632000  2073.700000
9207508  1.669000  2.722000  6690.800000  1.125000  2016.000000
9209183  1.003000  1.178000  5787.600000  0.150000  1233.500000
9209624  0.911000  1.130000  5864.700000  0.137000  797.400000
9209808  0.788000  0.791000  4931.100000  -0.476000  761.800000
9209981  1.171000  1.285000  6169.700000  0.336000  1385.300000
9210387  0.907000  0.973000  5510.300000  -0.101000  1214.100000
9210738  1.245000  5.391000  4917.000000  1.188000  2274.000000
9210820  1.229000  3.345000  4983.600000  0.797000  2725.200000
9210823  1.624000  3.504000  5797.200000  1.095000  848.600000
9210828  nan  nan  nan  nan  nan
9214176  nan  nan  nan  nan  nan
9214712  0.939000  0.951000  5633.900000  -0.088000  1239.000000
9214713  1.049000  1.548000  5971.800000  0.442000  1561.400000
9214715  1.076000  1.496000  5809.000000  0.364000  1794.500000
9214942  0.663000  0.660000  4384.400000  -0.837000  462.400000
9216231  0.717000  0.714000  4412.500000  -0.759000  554.200000
9216775  0.929000  0.880000  5459.400000  -0.206000  767.200000
9216810  1.171000  1.450000  6828.700000  0.618000  285.400000
9217583  1.973000  3.412000  6549.000000  1.288000  1398.400000
9220612  0.862000  0.901000  5323.000000  -0.228000  903.900000
9220614  0.808000  0.770000  5264.800000  -0.384000  565.100000
9221398  1.354000  1.491000  6400.500000  0.525000  537.100000
9221517  0.832000  0.789000  4933.800000  -0.476000  377.900000
9221528  1.081000  1.485000  5826.000000  0.362000  1646.900000
9221627  1.430000  2.277000  6171.300000  0.834000  2634.000000
9222516  1.147000  1.403000  6232.400000  0.432000  961.500000
9224514  0.382000  0.392000  3718.600000  -1.577000  153.700000
9225395  0.799000  0.777000  5321.000000  -0.357000  742.600000
9226339  nan  nan  nan  nan  nan
9227215  0.966000  0.927000  5843.300000  -0.043000  1044.500000
9229657  0.924000  0.886000  5634.000000  -0.146000  1114.500000
9229807  0.880000  0.844000  5491.400000  -0.234000  1241.300000
9230021  1.006000  1.130000  5693.100000  0.085000  1337.400000
9236858  1.596000  2.015000  7140.200000  0.985000  1145.300000
9239670  0.931000  1.058000  5597.900000  -0.002000  263.100000
9240664  1.253000  2.600000  5963.400000  0.890000  1252.500000
9243795  1.951000  4.582000  6360.900000  1.504000  1648.400000
9244508  1.565000  1.978000  7004.700000  0.928000  1506.000000
9244756  0.979000  0.949000  5765.600000  -0.046000  911.000000
9246715  2.642000  11.610000  5041.400000  1.914000  600.700000
9264949  nan  nan  nan  nan  nan
9265521  1.195000  1.571000  5947.200000  0.449000  803.000000
9266285  0.635000  0.634000  4270.200000  -0.918000  216.400000
9266431  0.807000  0.764000  5246.400000  -0.396000  391.300000
9267996  0.998000  1.369000  5676.000000  0.246000  896.800000
9268159  1.781000  2.894000  6966.800000  1.253000  603.000000
9268456  1.186000  2.909000  5018.500000  0.690000  2663.700000
9269042  nan  nan  nan  nan  nan
9269281  0.824000  0.778000  5366.300000  -0.342000  1118.200000
9271739  1.013000  2.109000  5102.900000  0.439000  2578.700000
9271752  1.008000  1.039000  5846.600000  0.058000  976.100000
9272070  1.134000  1.529000  5924.000000  0.416000  1974.500000
9274092  0.778000  0.734000  4869.700000  -0.565000  631.200000
9274431  0.846000  0.890000  5248.800000  -0.263000  1166.800000
9277210  1.457000  2.159000  6496.100000  0.877000  619.700000
9277896  1.348000  1.410000  6714.300000  0.562000  847.800000
9278021  1.343000  1.616000  6521.700000  0.633000  827.500000
9278216  0.988000  1.037000  6034.100000  0.111000  1441.500000
9278553  1.209000  1.941000  5884.200000  0.613000  3096.300000
9278575  1.043000  1.829000  5691.000000  0.505000  875.900000
9278725  0.751000  0.728000  4828.500000  -0.582000  626.500000
9279354  0.738000  0.727000  4669.800000  -0.643000  557.400000
9279669  1.044000  1.469000  5745.900000  0.329000  1429.700000
9280239  0.654000  0.647000  4319.800000  -0.879000  384.500000
9282687  1.531000  2.456000  6303.000000  0.935000  1908.400000
9282762  0.963000  1.046000  5700.800000  0.021000  1408.800000
9282769  1.399000  1.940000  6389.600000  0.755000  1135.600000
9282853  1.220000  3.344000  5006.600000  0.805000  3563.000000
9283156  nan  nan  nan  nan  nan
9284741  nan  nan  nan  nan  nan
9285265  1.102000  1.498000  5845.600000  0.375000  2016.200000
9285568  1.001000  0.979000  5899.000000  0.021000  1250.200000
9286088  1.255000  1.281000  6521.700000  0.429000  587.300000
9286728  1.101000  1.822000  5676.800000  0.496000  1436.900000
9288237  1.617000  2.411000  6378.500000  0.940000  864.700000
9288786  0.784000  0.820000  4705.200000  -0.527000  619.200000
9289704  1.403000  1.495000  6921.400000  0.667000  865.700000
9289960  2.349000  4.431000  7239.500000  1.689000  1386.400000
9291039  1.193000  1.830000  5952.300000  0.579000  582.800000
9291368  1.960000  3.438000  6816.900000  1.364000  3158.000000
9291378  0.956000  0.907000  5925.300000  -0.037000  1292.000000
9291629  1.079000  8.999000  4545.900000  1.500000  3132.400000
9291748  1.264000  3.217000  5037.300000  0.784000  2996.000000
9292100  1.065000  5.686000  4988.800000  1.260000  3916.900000
9292130  1.338000  2.174000  6036.100000  0.755000  361.000000
9300066  0.708000  0.685000  4715.900000  -0.678000  564.200000
9300285  1.436000  1.806000  6954.700000  0.842000  1363.100000
9301506  1.359000  3.765000  5050.700000  0.930000  2732.400000
9301564  1.134000  1.233000  5832.400000  0.205000  710.200000
9302543  1.782000  2.055000  7336.100000  1.042000  577.100000
9304101  0.976000  1.321000  5527.300000  0.169000  553.600000
9304561  1.254000  2.013000  6002.200000  0.677000  1187.800000
9304842  1.589000  2.436000  6556.400000  0.997000  1073.200000
9304923  2.207000  2.298000  9112.000000  1.522000  1224.000000
9304976  nan  nan  nan  nan  nan
9305012  nan  nan  nan  nan  nan
9305831  1.218000  1.443000  5933.200000  0.371000  1177.500000
9306677  2.220000  2.704000  8642.600000  1.575000  1839.100000
9307105  0.869000  0.830000  5435.800000  -0.264000  783.500000
9307509  0.741000  0.710000  4895.000000  -0.581000  564.500000
9307966  1.339000  1.370000  6603.400000  0.508000  961.500000
9328641  2.174000  9.705000  5018.000000  1.735000  8559.600000
9328852  0.821000  0.899000  4887.100000  -0.383000  680.000000
9328864  0.818000  0.794000  5133.400000  -0.402000  462.600000
9330740  0.848000  0.961000  5658.800000  -0.066000  363.600000
9334027  0.945000  0.951000  5763.500000  -0.044000  761.800000
9334289  0.895000  0.906000  5632.400000  -0.125000  1381.600000
9334490  0.838000  0.899000  5200.100000  -0.271000  1006.900000
9334893  0.853000  1.044000  5190.000000  -0.147000  477.300000
9336200  0.865000  0.841000  5377.400000  -0.272000  1124.500000
9340411  1.145000  2.816000  4962.500000  0.640000  890.400000
9340460  1.119000  1.518000  5817.400000  0.378000  361.700000
9343862  1.501000  1.579000  7288.700000  0.806000  2600.000000
9344623  1.370000  2.074000  6379.700000  0.809000  1549.300000
9345819  nan  nan  nan  nan  nan
9345933  0.745000  0.634000  4703.800000  -0.661000  685.000000
9346253  1.139000  1.858000  5752.400000  0.535000  2469.100000
9347009  0.811000  0.760000  4866.000000  -0.533000  777.400000
9347066  0.910000  0.880000  5181.700000  -0.297000  581.700000
9347899  1.191000  1.217000  6435.700000  0.363000  1659.800000
9349482  0.775000  0.821000  4965.000000  -0.433000  645.900000
9349757  1.035000  1.026000  5761.000000  0.022000  1181.100000
9351316  0.670000  0.657000  4332.200000  -0.862000  465.200000
9351920  0.922000  0.868000  5877.600000  -0.089000  847.800000
9353182  1.355000  1.799000  6171.100000  0.630000  646.300000
9353314  0.755000  0.740000  4549.400000  -0.673000  389.700000
9353742  0.977000  0.935000  5626.900000  -0.100000  867.800000
9357275  1.834000  2.206000  7790.600000  1.213000  1026.400000
9357375  0.571000  0.560000  4221.600000  -1.041000  321.100000
9357578  1.366000  10.389000  4767.500000  1.703000  3005.400000
9362842  2.293000  4.348000  6819.600000  1.569000  2112.100000
9363944  1.340000  3.846000  5049.900000  0.942000  1342.800000
9364290  1.091000  1.133000  5919.300000  0.155000  931.400000
9364609  0.808000  0.824000  5233.500000  -0.336000  417.200000
9366617  1.092000  1.720000  5733.200000  0.462000  915.000000
9366886  0.680000  0.660000  4532.300000  -0.778000  369.000000
9366988  1.030000  1.096000  5899.200000  0.118000  857.800000
9366989  1.070000  1.098000  6033.300000  0.161000  1086.700000
9368524  1.970000  4.538000  6435.000000  1.513000  2769.000000
9369366  2.030000  2.293000  7697.700000  1.223000  1112.800000
9386171  0.724000  0.696000  4808.300000  -0.629000  763.400000
9388479  0.515000  0.525000  3699.200000  -1.333000  173.500000
9388557  1.301000  4.830000  4898.200000  1.086000  1476.000000
9389245  0.864000  1.415000  5827.700000  0.320000  327.100000
9390228  0.887000  0.841000  5565.600000  -0.211000  1154.100000
9390653  0.406000  0.416000  3689.600000  -1.539000  98.600000
9390655  0.293000  0.318000  3496.800000  -1.866000  98.300000
9391208  0.846000  0.793000  5454.800000  -0.298000  913.500000
9391506  0.945000  0.902000  5783.400000  -0.084000  1113.800000
9391817  1.167000  1.158000  6106.800000  0.227000  600.900000
9392016  1.057000  1.143000  5735.000000  0.107000  910.700000
9392702  nan  nan  nan  nan  nan
9394601  1.316000  1.609000  6393.400000  0.592000  593.600000
9394605  1.039000  1.612000  5638.500000  0.378000  1940.500000
9394762  0.904000  0.919000  5491.400000  -0.158000  718.100000
9394768  0.990000  1.050000  5785.000000  0.049000  1386.300000
9394920  2.405000  2.032000  10360.400000  1.642000  4209.600000
9394953  1.262000  1.794000  5969.400000  0.568000  396.100000
9395024  1.023000  1.080000  5782.800000  0.073000  1248.900000
9395719  1.029000  1.514000  5678.100000  0.335000  2073.700000
9396760  0.965000  1.190000  5920.300000  0.193000  1092.900000
9397862  1.093000  1.100000  5976.600000  0.145000  760.100000
9397900  1.635000  2.430000  6755.200000  1.047000  1253.200000
9401997  0.924000  0.879000  5249.400000  -0.275000  832.700000
9402583  0.700000  0.674000  4715.400000  -0.692000  743.100000
9402670  0.947000  1.028000  5649.200000  -0.009000  1499.000000
9402859  nan  nan  nan  nan  nan
9405541  1.996000  131.056000  3502.400000  3.373000  2403.500000
9405595  0.877000  1.073000  5420.500000  -0.047000  1322.200000
9406892  1.048000  1.719000  5597.500000  0.420000  1351.300000
9406990  0.887000  0.835000  5218.000000  -0.330000  927.600000
9407689  1.022000  1.093000  5879.300000  0.112000  870.400000
9409493  0.706000  0.695000  4481.700000  -0.754000  793.300000
9410930  1.052000  1.300000  5954.400000  0.285000  1085.800000
9411166  1.038000  1.136000  5856.800000  0.139000  1385.800000
9411317  nan  nan  nan  nan  nan
9411412  0.678000  0.675000  4405.800000  -0.808000  374.400000
9411943  1.076000  1.622000  5752.400000  0.417000  1426.200000
9412267  nan  nan  nan  nan  nan
9412445  0.781000  0.816000  4630.300000  -0.560000  357.200000
9412462  1.401000  2.954000  5387.900000  0.827000  2428.300000
9412623  1.405000  1.644000  6924.100000  0.752000  1221.500000
9412760  0.786000  0.819000  4721.900000  -0.526000  327.000000
9413156  0.845000  0.860000  5249.600000  -0.292000  1178.800000
9414417  1.347000  1.918000  6276.400000  0.713000  212.200000
9415108  0.896000  0.852000  5396.900000  -0.254000  769.800000
9415172  0.954000  0.922000  5359.300000  -0.197000  1053.500000
9417931  nan  nan  nan  nan  nan
9418508  1.087000  2.577000  5418.600000  0.717000  1635.400000
9418619  2.128000  1.819000  9612.200000  1.409000  567.700000
9418994  1.190000  2.701000  5080.000000  0.651000  989.100000
9419020  0.601000  0.615000  4011.200000  -1.053000  315.600000
9425139  1.141000  1.144000  5872.000000  0.147000  542.200000
9426071  2.000000  2.483000  7588.700000  1.269000  1901.100000
9427402  0.602000  0.601000  4156.600000  -1.011000  319.100000
9429631  1.012000  1.332000  5946.900000  0.304000  992.700000
9446824  0.993000  1.089000  5783.800000  0.081000  1602.300000
9447166  0.770000  0.767000  4890.400000  -0.515000  453.600000
9449320  0.984000  0.947000  5616.500000  -0.093000  367.900000
9450647  1.168000  1.222000  6415.100000  0.360000  551.800000
9451096  1.157000  1.926000  6054.900000  0.655000  767.100000
9451127  1.047000  1.567000  5690.300000  0.369000  2194.800000
9451521  0.913000  0.935000  5528.600000  -0.131000  887.600000
9451706  1.306000  1.368000  6285.800000  0.418000  351.600000
9452897  0.747000  0.754000  4560.300000  -0.654000  631.300000
9455322  1.222000  1.659000  6686.900000  0.699000  1220.900000
9455325  0.889000  0.836000  5418.600000  -0.262000  450.400000
9455526  1.461000  8.554000  4944.200000  1.597000  3333.800000
9455556  0.944000  0.932000  5523.200000  -0.135000  1357.000000
9455677  0.818000  0.760000  5551.500000  -0.305000  886.300000
9456281  0.641000  0.635000  4215.800000  -0.931000  386.500000
9456887  0.877000  0.836000  5278.300000  -0.308000  745.400000
9457533  1.430000  5.125000  4840.200000  1.115000  1094.200000
9457728  1.326000  1.855000  6434.200000  0.727000  301.200000
9457948  1.051000  1.237000  6059.500000  0.272000  1321.800000
9458266  0.677000  0.667000  4323.200000  -0.850000  206.900000
9458343  0.939000  0.923000  5866.300000  -0.040000  690.400000
9458613  1.313000  1.614000  6183.000000  0.540000  1205.400000
9459162  1.432000  1.633000  6876.900000  0.734000  941.200000
9463329  0.973000  1.258000  5874.100000  0.232000  593.400000
9466042  1.002000  1.424000  5661.200000  0.274000  609.800000
9466429  1.077000  1.864000  5945.800000  0.596000  1348.000000
9466486  0.904000  3.016000  5188.000000  0.777000  1156.900000
9466668  0.999000  0.986000  5537.300000  -0.083000  1023.900000
9467404  1.200000  1.205000  6377.800000  0.335000  464.800000
9468296  0.819000  0.890000  4996.200000  -0.349000  795.700000
9468382  1.261000  5.094000  4997.900000  1.166000  1986.300000
9468384  nan  nan  nan  nan  nan
9468551  0.984000  1.032000  5772.600000  0.031000  1371.400000
9468717  1.089000  1.233000  6379.000000  0.359000  414.200000
9468848  1.090000  1.581000  5807.600000  0.411000  1019.400000
9469494  1.320000  2.627000  5916.800000  0.884000  696.500000
9471268  0.877000  1.080000  5141.800000  -0.131000  481.300000
9471539  1.990000  2.734000  7757.300000  1.390000  961.000000
9471755  1.519000  3.146000  6590.100000  1.226000  1263.800000
9471974  nan  nan  nan  nan  nan
9472000  1.265000  1.374000  6077.600000  0.371000  1064.700000
9472074  0.837000  0.800000  5022.800000  -0.433000  829.600000
9472174  nan  nan  nan  nan  nan
9472328  1.084000  7.157000  4904.500000  1.423000  6621.500000
9472341  1.249000  3.741000  4955.400000  0.886000  4709.400000
9473078  1.030000  0.973000  5530.500000  -0.097000  363.000000
9474222  1.335000  1.398000  6591.800000  0.525000  866.800000
9474232  1.643000  3.674000  5702.200000  1.113000  3065.500000
9474483  0.986000  1.045000  5775.100000  0.042000  1385.300000
9474485  nan  nan  nan  nan  nan
9474493  0.892000  0.869000  5474.000000  -0.212000  957.800000
9474756  0.998000  1.329000  5661.800000  0.221000  1384.200000
9474969  1.516000  3.123000  6168.900000  1.115000  1197.900000
9475552  0.781000  0.736000  4638.300000  -0.645000  485.800000
9475697  1.343000  6.151000  4747.100000  1.240000  709.100000
9478990  1.111000  1.206000  6382.700000  0.341000  1051.800000
9479273  0.988000  1.556000  5932.300000  0.435000  1149.000000
9479306  1.007000  1.243000  5764.000000  0.190000  1792.900000
9479460  1.729000  2.179000  7402.800000  1.111000  2785.600000
9480189  nan  nan  nan  nan  nan
9480310  0.954000  0.974000  5685.200000  -0.048000  1325.400000
9480398  1.025000  1.062000  5946.300000  0.106000  400.200000
9480535  1.173000  1.535000  6106.400000  0.471000  1808.100000
9481235  1.292000  7.146000  4738.000000  1.368000  2532.600000
9489348  1.545000  2.017000  6674.100000  0.866000  1174.300000
9489524  0.769000  0.736000  5105.000000  -0.478000  253.100000
9489947  1.117000  1.211000  6101.300000  0.266000  1341.300000
9489953  1.754000  2.934000  6415.300000  1.122000  961.700000
9490342  1.490000  2.755000  6089.400000  0.981000  1369.500000
9490653  0.852000  0.823000  5868.600000  -0.134000  764.000000
9491832  1.428000  1.865000  6114.400000  0.644000  729.500000
9509207  1.373000  3.005000  5706.200000  0.938000  1152.000000
9509223  1.133000  1.197000  6180.200000  0.277000  762.900000
9509343  0.881000  1.049000  5325.900000  -0.094000  906.700000
9512687  0.750000  0.717000  4975.400000  -0.545000  702.100000
9512981  0.792000  0.751000  4777.500000  -0.576000  907.700000
9513168  0.566000  0.572000  3970.100000  -1.136000  460.800000
9513865  0.864000  0.846000  5116.900000  -0.352000  1004.900000
9514372  0.928000  0.867000  5725.200000  -0.137000  714.000000
9516728  0.946000  1.041000  5694.700000  0.018000  749.100000
9517242  0.943000  0.983000  5635.900000  -0.054000  746.300000
9517393  1.033000  1.023000  5977.600000  0.083000  1367.100000
9518318  0.918000  0.884000  5613.000000  -0.153000  987.500000
9518558  1.008000  1.191000  6316.600000  0.312000  1262.700000
9518651  1.154000  1.454000  6026.400000  0.402000  1076.500000
9518710  1.679000  2.929000  6842.500000  1.232000  1041.600000
9520443  0.791000  0.773000  5005.700000  -0.468000  892.000000
9520668  0.612000  0.595000  4200.800000  -0.990000  379.500000
9520700  1.091000  1.552000  5821.500000  0.399000  1650.000000
9520838  0.941000  0.898000  5695.500000  -0.114000  917.400000
9521317  1.145000  1.100000  5976.500000  0.145000  477.000000
9527334  1.016000  1.297000  5838.900000  0.248000  689.700000
9527915  0.822000  0.924000  5258.800000  -0.202000  482.500000
9528420  1.260000  2.171000  5897.700000  0.714000  1936.000000
9528430  1.603000  2.712000  6357.700000  1.038000  1377.900000
9529148  1.195000  1.426000  6160.700000  0.423000  1799.100000
9529294  0.820000  0.824000  5106.500000  -0.379000  593.300000
9529733  1.475000  2.972000  5866.900000  0.977000  2407.200000
9529744  0.975000  1.294000  5790.600000  0.232000  822.600000
9529856  0.848000  0.844000  5494.800000  -0.228000  464.100000
9530945  1.247000  1.556000  6274.700000  0.535000  1180.100000
9531850  nan  nan  nan  nan  nan
9532052  0.848000  0.829000  5125.900000  -0.366000  1143.700000
9532117  1.635000  2.605000  6307.100000  0.989000  957.600000
9532123  1.001000  1.394000  5675.100000  0.279000  2537.000000
9532421  0.797000  0.817000  4895.300000  -0.463000  1219.600000
9532424  0.938000  0.957000  5623.700000  -0.081000  783.200000
9532603  0.803000  0.807000  5031.900000  -0.420000  1386.400000
9532637  nan  nan  nan  nan  nan
9532710  0.834000  2.456000  5123.400000  0.561000  2788.300000
9532997  1.409000  1.857000  6521.800000  0.754000  2129.100000
9533489  1.668000  1.771000  7202.400000  0.885000  1092.100000
9534832  0.754000  0.735000  4628.200000  -0.650000  688.300000
9535080  1.615000  2.505000  6390.300000  0.978000  928.100000
9535876  0.881000  0.856000  5420.700000  -0.241000  764.500000
9535881  1.502000  1.940000  6923.100000  0.892000  1427.900000
9536048  1.015000  1.138000  5840.500000  0.135000  762.300000
9536108  0.940000  1.093000  6143.100000  0.188000  970.000000
9536692  0.751000  0.724000  4880.200000  -0.571000  717.800000
9536727  1.188000  9.670000  4674.800000  1.612000  3091.200000
9536836  1.339000  1.919000  6167.700000  0.685000  1432.600000
9540450  1.273000  1.699000  6060.500000  0.548000  1251.500000
9540675  1.085000  1.125000  5969.800000  0.163000  707.100000
9541089  0.975000  1.025000  5742.200000  0.015000  649.300000
9541094  1.017000  1.156000  5837.800000  0.148000  715.000000
9541144  1.512000  3.675000  5217.700000  0.962000  1890.400000
9541163  1.057000  1.118000  5971.600000  0.160000  1460.400000
9541295  1.614000  2.414000  6126.000000  0.871000  985.900000
9541322  1.231000  1.537000  6177.300000  0.494000  1540.200000
9541567  2.829000  3.135000  10297.500000  2.002000  1847.500000
9543302  1.404000  2.094000  6198.000000  0.768000  1192.800000
9549471  1.048000  1.045000  6172.900000  0.156000  791.200000
9549472  1.504000  2.266000  6404.400000  0.894000  1576.300000
9549648  1.384000  1.521000  6730.200000  0.635000  543.500000
9551430  1.238000  1.726000  6049.800000  0.561000  2075.600000
9552608  2.556000  2.905000  9607.800000  1.820000  1043.500000
9569711  0.992000  0.937000  5839.600000  -0.034000  297.500000
9569866  0.911000  1.253000  5279.400000  0.044000  679.200000
9570741  0.914000  0.978000  5533.900000  -0.090000  857.000000
9571186  0.758000  0.737000  4834.500000  -0.571000  478.900000
9573539  0.943000  0.896000  5614.300000  -0.142000  382.500000
9573685  0.586000  0.593000  4053.600000  -1.068000  249.000000
9574158  0.776000  0.738000  5157.500000  -0.458000  894.000000
9574179  0.815000  0.749000  5381.700000  -0.373000  783.700000
9574614  0.842000  0.894000  5227.600000  -0.266000  1191.300000
9575728  0.570000  0.563000  4272.300000  -1.022000  173.500000
9576197  1.139000  2.985000  4960.600000  0.685000  2011.800000
9577855  1.105000  1.221000  6060.300000  0.262000  1344.400000
9578686  0.864000  0.844000  5508.300000  -0.228000  508.800000
9579072  1.040000  1.444000  5749.600000  0.314000  1217.200000
9579192  1.603000  2.570000  6810.100000  1.110000  1108.500000
9579208  1.329000  1.786000  6525.700000  0.720000  287.100000
9579499  0.825000  0.901000  5003.100000  -0.337000  924.500000
9579606  1.121000  2.001000  5551.900000  0.539000  1387.300000
9579641  1.027000  1.023000  6023.500000  0.095000  458.800000
9579753  0.648000  0.638000  4259.400000  -0.912000  458.400000
9579789  0.769000  0.757000  4851.100000  -0.541000  710.100000
9579860  1.080000  7.979000  4732.500000  1.461000  1137.900000
9580167  0.754000  0.746000  4808.600000  -0.569000  499.200000
9580992  0.814000  0.787000  5141.900000  -0.406000  726.000000
9581498  1.020000  1.448000  5687.900000  0.300000  1042.000000
9581589  1.146000  1.211000  6189.700000  0.292000  1145.700000
9582496  0.907000  1.225000  5461.600000  0.085000  1543.500000
9583881  0.892000  1.100000  5451.300000  -0.013000  985.300000
9588822  1.866000  4.550000  5290.600000  1.163000  1095.000000
9588862  1.137000  1.310000  6093.200000  0.332000  1391.300000
9588880  0.660000  0.683000  4201.600000  -0.885000  257.900000
9589323  0.861000  0.832000  4960.000000  -0.421000  849.200000
9589524  0.819000  0.787000  4955.100000  -0.471000  566.100000
9590976  1.279000  1.835000  6143.300000  0.638000  1098.400000
9591070  1.188000  1.207000  6244.900000  0.302000  1132.400000
9591728  0.851000  1.231000  5832.200000  0.204000  1288.500000
9592575  1.247000  2.341000  5618.200000  0.696000  3313.800000
9592579  0.812000  0.988000  5837.500000  0.014000  1159.200000
9592621  nan  nan  nan  nan  nan
9592705  1.352000  2.092000  5899.500000  0.681000  407.800000
9592831  0.824000  0.826000  5158.500000  -0.359000  1367.600000
9592850  0.913000  1.023000  5528.300000  -0.050000  1899.700000
9592855  1.965000  2.193000  7871.200000  1.225000  1089.200000
9593528  1.085000  1.754000  6334.000000  0.650000  2233.300000
9593757  nan  nan  nan  nan  nan
9593759  nan  nan  nan  nan  nan
9593773  1.047000  1.240000  5873.300000  0.221000  1741.800000
9594184  0.768000  0.762000  4828.100000  -0.540000  1036.700000
9594992  0.894000  0.847000  5327.800000  -0.281000  937.100000
9595686  1.016000  1.902000  5279.000000  0.408000  1838.100000
9595827  0.946000  0.882000  5509.400000  -0.189000  924.600000
9595956  nan  nan  nan  nan  nan
9596064  0.786000  0.764000  5023.300000  -0.472000  1079.900000
9596089  0.834000  0.907000  5081.900000  -0.306000  1398.600000
9596187  nan  nan  nan  nan  nan
9596820  1.462000  1.982000  6595.500000  0.828000  1344.300000
9596892  0.987000  1.249000  5706.200000  0.176000  1865.800000
9597058  0.860000  0.822000  5270.400000  -0.325000  411.700000
9597095  nan  nan  nan  nan  nan
9597345  1.058000  1.047000  5622.700000  -0.005000  655.200000
9597411  1.095000  1.863000  5931.900000  0.591000  1829.100000
9597729  1.012000  1.234000  5785.900000  0.185000  1213.100000
9597806  0.914000  0.882000  5590.400000  -0.164000  1058.100000
9597854  1.088000  1.633000  5768.600000  0.429000  2000.500000
9598315  nan  nan  nan  nan  nan
9602421  1.067000  1.377000  6129.400000  0.385000  582.500000
9602431  0.884000  1.298000  5246.700000  0.067000  1097.700000
9602514  0.825000  0.976000  5221.400000  -0.194000  486.700000
9602538  1.117000  2.133000  5360.800000  0.533000  1590.800000
9602562  0.934000  0.892000  5699.500000  -0.118000  694.200000
9602595  1.951000  3.043000  7269.700000  1.370000  975.600000
9602613  0.974000  1.037000  5434.400000  -0.071000  241.300000
9602658  0.585000  0.598000  3933.500000  -1.112000  344.300000
9602775  0.873000  1.034000  5372.200000  -0.090000  1425.000000
9604563  0.970000  0.945000  5620.300000  -0.093000  907.100000
9605514  1.137000  1.107000  6347.900000  0.252000  1332.700000
9605552  0.662000  0.656000  4269.600000  -0.888000  490.700000
9607164  0.798000  0.762000  5206.100000  -0.414000  529.000000
9612825  0.248000  0.278000  3485.600000  -1.985000  92.800000
9613070  1.375000  1.425000  6896.100000  0.620000  1166.400000
9630640  1.718000  3.436000  6160.400000  1.191000  2125.400000
9631762  0.827000  7.191000  4691.800000  1.224000  3220.700000
9631995  1.173000  1.257000  6003.300000  0.269000  721.100000
9632895  0.879000  0.862000  5422.800000  -0.236000  442.200000
9634821  0.757000  0.751000  4745.700000  -0.586000  590.200000
9635510  0.970000  0.968000  5759.100000  -0.029000  1243.800000
9635520  nan  nan  nan  nan  nan
9635529  1.484000  2.146000  6473.400000  0.865000  810.100000
9635606  0.758000  0.743000  4781.100000  -0.583000  560.500000
9636135  0.998000  1.296000  5711.500000  0.210000  1965.400000
9636559  nan  nan  nan  nan  nan
9636563  0.898000  0.972000  5480.600000  -0.106000  982.700000
9636569  1.059000  1.480000  5778.500000  0.345000  1192.400000
9637299  0.976000  1.382000  6072.700000  0.372000  854.700000
9639021  nan  nan  nan  nan  nan
9639106  0.779000  0.747000  5054.400000  -0.483000  776.800000
9640123  1.138000  1.315000  6129.400000  0.345000  932.700000
9640439  1.057000  1.033000  6112.700000  0.131000  1385.500000
9640649  0.878000  0.841000  5472.000000  -0.241000  1192.200000
9640907  0.856000  0.795000  5688.200000  -0.223000  1195.300000
9640921  1.028000  1.047000  5927.900000  0.090000  1416.500000
9640924  1.052000  1.111000  5961.100000  0.150000  1307.200000
9640931  1.278000  2.820000  5197.400000  0.726000  3620.300000
9640946  0.761000  0.732000  4938.700000  -0.539000  573.600000
9640962  0.771000  0.751000  4909.500000  -0.529000  727.500000
9640976  nan  nan  nan  nan  nan
9640985  1.255000  1.723000  6533.400000  0.691000  1404.000000
9641008  0.765000  0.843000  5386.600000  -0.265000  630.700000
9641018  0.952000  0.941000  5689.600000  -0.076000  643.300000
9641031  1.023000  1.563000  6118.800000  0.492000  134.100000
9641041  1.156000  1.304000  6183.900000  0.354000  467.900000
9641076  0.847000  0.809000  5333.300000  -0.321000  805.300000
9641103  0.735000  0.718000  5029.300000  -0.526000  391.200000
9641144  0.971000  1.099000  6105.400000  0.182000  835.900000
9641481  0.964000  1.208000  5535.500000  0.094000  1218.900000
9642018  0.822000  0.799000  5170.600000  -0.384000  871.200000
9642292  0.939000  1.137000  5526.100000  0.049000  1489.000000
9643043  nan  nan  nan  nan  nan
9643210  0.299000  0.324000  3481.400000  -1.859000  105.500000
9643874  0.887000  1.038000  5437.600000  -0.068000  1329.600000
9644411  nan  nan  nan  nan  nan
9644683  0.810000  0.785000  5145.300000  -0.408000  1021.400000
9645188  0.881000  0.935000  5407.500000  -0.169000  1014.100000
9649205  1.016000  1.012000  5655.000000  -0.024000  230.400000
9649222  0.981000  0.991000  5787.300000  -0.001000  1415.600000
9649706  1.201000  1.319000  6160.500000  0.358000  975.500000
9650579  0.882000  1.009000  5421.300000  -0.098000  941.300000
9650762  1.162000  2.027000  5676.500000  0.589000  2281.600000
9650808  0.923000  0.880000  5585.300000  -0.166000  1012.700000
9650989  1.010000  0.975000  5741.600000  -0.029000  1057.900000
9651155  1.636000  1.803000  7511.300000  0.974000  2959.300000
9651234  0.756000  0.755000  5086.300000  -0.462000  413.900000
9651602  0.832000  0.819000  5194.900000  -0.353000  863.000000
9651668  0.949000  0.964000  5778.700000  -0.027000  756.300000
9652166  1.446000  1.600000  7045.300000  0.758000  926.000000
9652632  1.209000  2.245000  6195.800000  0.828000  658.400000
9652649  1.580000  3.392000  5780.400000  1.070000  2292.900000
9652655  1.099000  1.074000  6276.500000  0.207000  1220.600000
9653622  0.978000  1.129000  6199.700000  0.237000  1190.300000
9654468  0.682000  0.669000  4572.500000  -0.752000  619.800000
9654875  1.641000  2.049000  7441.100000  1.070000  1181.100000
9655005  2.046000  2.535000  8129.200000  1.407000  1142.700000
9655129  1.161000  2.182000  5190.600000  0.497000  1076.800000
9655419  1.716000  2.100000  7438.700000  1.086000  1071.800000
9655424  1.008000  1.087000  5828.500000  0.089000  1142.700000
9655711  0.931000  0.890000  5751.400000  -0.106000  1588.600000
9655792  nan  nan  nan  nan  nan
9655858  nan  nan  nan  nan  nan
9656252  0.998000  1.007000  5610.500000  -0.039000  1463.200000
9656397  nan  nan  nan  nan  nan
9656543  0.867000  0.970000  5346.600000  -0.154000  1483.100000
9656547  0.763000  0.748000  4837.500000  -0.557000  691.100000
9657636  1.232000  2.104000  5925.100000  0.694000  442.200000
9658089  nan  nan  nan  nan  nan
9658118  1.664000  2.845000  6507.200000  1.120000  2339.300000
9658192  1.185000  2.125000  5665.500000  0.624000  1389.100000
9659022  0.958000  0.903000  5784.300000  -0.084000  1201.000000
9661869  nan  nan  nan  nan  nan
9661877  1.070000  1.420000  5831.200000  0.325000  1556.900000
9661979  0.895000  0.908000  5369.200000  -0.201000  645.200000
9662475  nan  nan  nan  nan  nan
9662811  0.954000  0.924000  5653.800000  -0.103000  460.000000
9663113  1.544000  2.208000  6239.800000  0.827000  1583.600000
9664142  0.997000  1.077000  5801.100000  0.077000  1549.000000
9664215  1.180000  2.031000  5738.800000  0.609000  2095.200000
9664276  1.375000  1.930000  5902.600000  0.613000  1633.600000
9665503  0.932000  1.202000  5561.400000  0.099000  1224.900000
9665922  1.001000  1.189000  5874.800000  0.184000  665.000000
9673173  1.792000  2.388000  7017.800000  1.100000  1622.600000
9674320  0.925000  1.279000  5947.200000  0.269000  999.700000
9674564  1.432000  2.147000  6247.600000  0.803000  1464.200000
9674592  1.040000  1.074000  5952.100000  0.120000  1569.000000
9674608  0.806000  0.858000  4870.600000  -0.427000  664.700000
9674789  0.720000  0.753000  5075.200000  -0.467000  293.200000
9692128  1.144000  1.928000  5886.500000  0.608000  1150.500000
9692336  nan  nan  nan  nan  nan
9692345  0.735000  0.737000  4531.000000  -0.684000  559.500000
9692557  1.231000  2.180000  5947.600000  0.733000  783.200000
9693006  1.283000  1.652000  5865.500000  0.468000  684.600000
9693803  0.933000  1.143000  5580.800000  0.061000  1525.900000
9696358  1.505000  2.165000  6264.700000  0.816000  612.300000
9697131  1.478000  1.904000  6553.500000  0.785000  296.900000
9700449  1.089000  1.275000  5972.700000  0.274000  1518.500000
9701962  1.114000  1.360000  6110.400000  0.370000  894.200000
9702006  0.740000  0.725000  4705.200000  -0.631000  603.600000
9702072  0.901000  0.844000  5367.600000  -0.272000  395.200000
9702945  1.154000  1.640000  5923.700000  0.475000  934.300000
9703198  1.016000  1.110000  5851.400000  0.117000  1094.000000
9704384  0.962000  0.896000  5552.300000  -0.161000  412.200000
9705459  0.931000  1.044000  5596.200000  -0.013000  1238.000000
9705620  0.969000  1.267000  5646.100000  0.170000  1917.700000
9710326  0.509000  0.509000  3926.500000  -1.255000  202.900000
9710611  0.988000  1.204000  5933.100000  0.211000  444.600000
9710626  0.816000  0.843000  5081.400000  -0.367000  940.700000
9710792  1.057000  1.095000  5994.100000  0.148000  1560.700000
9711297  1.158000  1.566000  5961.200000  0.450000  2410.300000
9711751  1.430000  2.120000  6276.700000  0.802000  1537.200000
9712350  0.823000  0.824000  5146.200000  -0.365000  1077.500000
9714123  0.934000  0.951000  5617.800000  -0.088000  1326.600000
9714358  0.724000  0.753000  5068.200000  -0.471000  571.700000
9714550  0.939000  0.922000  5689.700000  -0.094000  790.100000
9714696  1.036000  1.013000  5932.100000  0.060000  1003.300000
9715631  1.096000  1.240000  5849.200000  0.217000  1906.200000
9715925  0.800000  0.811000  4991.600000  -0.432000  1201.100000
9715939  1.219000  1.740000  6007.000000  0.553000  2449.900000
9716028  nan  nan  nan  nan  nan
9716302  0.742000  0.710000  4923.400000  -0.577000  1065.000000
9716391  0.816000  0.816000  5113.000000  -0.384000  1154.100000
9717943  1.167000  1.209000  6000.400000  0.234000  521.800000
9717958  1.226000  1.568000  6133.300000  0.498000  1357.200000
9718066  0.731000  0.717000  4620.100000  -0.674000  151.700000
9718379  1.056000  1.215000  5920.200000  0.216000  1347.800000
9719634  0.805000  0.785000  5060.300000  -0.436000  558.700000
9719636  nan  nan  nan  nan  nan
9723746  1.154000  1.690000  5898.800000  0.497000  2047.600000
9724984  1.058000  1.652000  5686.200000  0.413000  637.800000
9724993  1.204000  1.617000  5796.300000  0.427000  535.800000
9726452  1.171000  1.250000  6237.900000  0.333000  1374.700000
9726659  0.864000  1.050000  5195.400000  -0.136000  993.100000
9727765  1.631000  2.497000  6637.700000  1.041000  1362.200000
9728465  1.549000  2.506000  6333.600000  0.961000  1177.100000
9729691  0.792000  0.755000  5111.600000  -0.453000  487.100000
9730163  0.274000  0.304000  3264.200000  -2.020000  127.100000
9735426  0.851000  0.804000  5184.500000  -0.373000  579.300000
9752973  1.175000  1.515000  6046.400000  0.447000  193.900000
9752982  0.809000  0.838000  5007.400000  -0.399000  186.300000
9753154  1.624000  2.524000  6685.100000  1.062000  1069.300000
9757613  0.593000  0.595000  4124.000000  -1.040000  332.000000
9758032  0.812000  0.793000  5121.900000  -0.407000  944.600000
9758089  0.747000  0.721000  4588.700000  -0.681000  441.000000
9758615  1.975000  3.181000  7374.400000  1.435000  1241.500000
9761199  0.690000  0.690000  4332.000000  -0.821000  453.700000
9761573  1.185000  1.393000  6162.500000  0.403000  1159.900000
9761615  0.957000  0.927000  5751.800000  -0.070000  817.800000
9761882  0.858000  0.908000  5334.900000  -0.218000  1101.200000
9762514  0.719000  0.696000  4713.800000  -0.665000  609.000000
9762519  0.805000  1.131000  5611.300000  0.060000  611.700000
9763348  1.259000  1.413000  6600.800000  0.536000  797.500000
9763612  0.851000  0.817000  5224.200000  -0.347000  320.500000
9763754  1.026000  1.079000  5891.300000  0.104000  986.000000
9765975  0.862000  1.508000  5133.700000  0.169000  1047.800000
9766437  0.978000  1.064000  5743.700000  0.048000  1356.900000
9767392  1.419000  2.366000  6120.800000  0.853000  2376.200000
9770983  0.983000  0.943000  5896.600000  -0.012000  779.700000
9771576  0.812000  0.777000  5182.900000  -0.405000  651.700000
9771920  0.702000  0.702000  4379.200000  -0.788000  488.800000
9772531  0.541000  0.548000  3859.200000  -1.220000  300.200000
9773270  0.796000  0.799000  5157.900000  -0.388000  921.000000
9773869  nan  nan  nan  nan  nan
9773980  1.143000  1.122000  5987.200000  0.165000  1032.500000
9774400  0.917000  1.357000  5770.200000  0.266000  683.000000
9775253  0.606000  0.624000  3966.100000  -1.062000  433.700000
9775385  1.571000  1.600000  7421.300000  0.846000  472.400000
9775475  nan  nan  nan  nan  nan
9775938  0.793000  0.760000  4688.800000  -0.597000  575.900000
9776186  nan  nan  nan  nan  nan
9776794  0.816000  0.876000  4965.000000  -0.376000  1082.200000
9776907  0.766000  0.764000  4785.300000  -0.560000  1254.400000
9777062  1.938000  2.413000  7391.900000  1.199000  1138.900000
9777087  nan  nan  nan  nan  nan
9777089  1.326000  1.323000  6883.100000  0.552000  1188.600000
9777090  nan  nan  nan  nan  nan
9777200  1.202000  1.639000  6142.400000  0.538000  1124.300000
9777251  0.877000  1.030000  5401.000000  -0.085000  979.700000
9777256  1.505000  3.157000  5728.100000  0.992000  3424.100000
9777290  0.927000  0.932000  5594.600000  -0.125000  1714.100000
9777556  1.463000  5.501000  4941.000000  1.211000  6299.600000
9777724  1.358000  2.528000  5852.200000  0.833000  3906.500000
9777757  1.580000  2.284000  6429.000000  0.907000  1276.300000
9777990  0.530000  0.539000  3764.100000  -1.279000  583.800000
9780149  0.953000  1.027000  5646.000000  -0.014000  346.000000
9782691  1.061000  1.025000  6107.900000  0.121000  1011.100000
9782748  0.966000  0.956000  5772.500000  -0.036000  1453.900000
9783760  0.996000  1.221000  5750.000000  0.169000  915.800000
9784222  nan  nan  nan  nan  nan
9784230  nan  nan  nan  nan  nan
9785454  1.310000  2.758000  5269.200000  0.728000  1538.600000
9785921  1.063000  1.039000  6141.400000  0.144000  1524.100000
9786017  1.933000  4.853000  6017.100000  1.448000  1686.300000
9786821  1.087000  1.812000  5765.700000  0.517000  454.200000
9787239  0.564000  0.572000  3930.700000  -1.152000  320.800000
9790806  0.938000  0.862000  5847.200000  -0.104000  347.800000
9790965  1.646000  2.370000  6923.400000  1.067000  1363.700000
9811915  0.849000  0.824000  5313.100000  -0.308000  1045.100000
9813499  0.980000  1.090000  5742.100000  0.070000  1561.900000
9813678  0.832000  0.864000  5159.400000  -0.320000  1083.300000
9815053  0.811000  0.770000  5226.900000  -0.395000  555.200000
9818381  1.247000  1.378000  6008.200000  0.351000  1002.300000
9818462  0.867000  1.029000  5202.400000  -0.152000  765.900000
9818732  1.360000  1.867000  6312.700000  0.700000  1981.900000
9820483  0.974000  0.989000  5365.800000  -0.132000  1422.600000
9821078  0.682000  0.686000  4254.700000  -0.856000  219.000000
9821151  1.271000  1.531000  6273.300000  0.519000  578.600000
9821428  0.922000  1.064000  5525.200000  -0.013000  910.800000
9821454  1.135000  1.338000  6068.500000  0.342000  1155.000000
9822284  nan  nan  nan  nan  nan
9823457  0.920000  0.908000  5573.300000  -0.142000  1000.200000
9823487  0.742000  0.709000  4947.400000  -0.564000  714.200000
9823519  0.527000  0.530000  3890.700000  -1.236000  339.300000
9823564  0.998000  1.424000  5647.300000  0.266000  1981.500000
9824805  1.054000  1.115000  5874.000000  0.128000  1364.300000
9824928  0.653000  0.639000  4333.800000  -0.886000  516.900000
9825174  nan  nan  nan  nan  nan
9825625  1.119000  1.340000  6014.600000  0.329000  1638.100000
9826171  1.019000  1.024000  5830.300000  0.040000  156.400000
9826551  1.026000  1.258000  5815.100000  0.215000  573.200000
9827094  0.899000  1.070000  5324.500000  -0.079000  466.800000
9827149  0.906000  0.881000  5540.000000  -0.178000  1105.200000
9827596  1.055000  1.050000  5893.300000  0.079000  1020.300000
9828127  0.919000  0.943000  5367.400000  -0.175000  903.900000
9832208  0.808000  0.774000  4971.800000  -0.483000  840.200000
9832379  0.772000  0.741000  5140.500000  -0.459000  902.600000
9834040  0.997000  0.967000  5988.200000  0.038000  1292.500000
9834257  1.745000  2.861000  6854.900000  1.214000  1214.600000
9834719  1.132000  1.751000  5841.500000  0.508000  1166.400000
9834731  1.034000  1.757000  5723.700000  0.479000  1711.900000
9836149  1.041000  1.033000  5897.700000  0.068000  1202.000000
9836563  1.227000  1.310000  6297.200000  0.386000  584.600000
9836959  0.954000  1.139000  5919.500000  0.159000  499.500000
9837013  1.167000  1.800000  5609.700000  0.470000  1484.700000
9837083  0.629000  0.601000  4710.400000  -0.792000  1015.000000
9837544  0.843000  0.956000  5203.200000  -0.216000  821.200000
9837578  0.863000  1.332000  5650.700000  0.216000  1772.900000
9837586  nan  nan  nan  nan  nan
9837659  1.973000  2.995000  7429.100000  1.394000  1270.200000
9837661  0.645000  0.673000  4119.400000  -0.929000  687.100000
9837685  0.835000  0.790000  5368.100000  -0.330000  1065.600000
9837720  nan  nan  nan  nan  nan
9837828  0.734000  0.719000  4689.100000  -0.647000  883.900000
9838060  0.849000  0.848000  5274.500000  -0.298000  1174.000000
9838414  nan  nan  nan  nan  nan
9838468  1.239000  1.578000  5797.200000  0.406000  1032.800000
9838537  0.999000  0.945000  5771.200000  -0.048000  498.500000
9838582  nan  nan  nan  nan  nan
9838608  1.222000  1.812000  5990.600000  0.583000  2149.600000
9838761  0.821000  0.872000  5095.500000  -0.333000  1000.700000
9838804  0.837000  0.801000  5316.100000  -0.332000  1128.900000
9838949  0.761000  0.731000  4655.600000  -0.643000  471.700000
9838975  0.769000  0.755000  4884.100000  -0.533000  925.300000
9839030  1.230000  1.593000  6111.800000  0.507000  1601.900000
9839062  1.090000  1.207000  6021.000000  0.240000  1689.500000
9839081  1.028000  1.233000  5749.400000  0.178000  1117.100000
9839821  0.988000  0.953000  5701.300000  -0.061000  944.700000
9842890  0.925000  0.959000  5580.600000  -0.091000  1325.500000
9842906  1.101000  1.169000  6083.500000  0.230000  1637.100000
9842937  1.052000  1.811000  5509.800000  0.439000  1923.600000
9843517  nan  nan  nan  nan  nan
9844088  1.017000  0.968000  5588.200000  -0.083000  863.400000
9845362  nan  nan  nan  nan  nan
9845898  1.047000  1.156000  6249.300000  0.267000  1169.000000
9845909  0.850000  0.805000  5385.100000  -0.305000  739.700000
9845931  1.279000  2.089000  5966.800000  0.701000  3238.700000
9846086  1.086000  1.495000  5832.100000  0.370000  1266.100000
9846348  1.253000  1.726000  6054.100000  0.560000  1063.600000
9847239  1.107000  1.454000  6018.100000  0.400000  1466.600000
9848420  1.215000  2.470000  5283.400000  0.637000  2270.600000
9848760  0.810000  0.805000  5067.700000  -0.412000  781.300000
9849884  1.331000  1.373000  6253.900000  0.414000  557.800000
9850387  1.617000  2.154000  7296.900000  1.076000  1623.300000
9850843  1.141000  1.179000  6208.600000  0.272000  1238.100000
9850893  0.960000  0.906000  5278.800000  -0.240000  659.000000
9850912  0.977000  0.937000  5929.700000  -0.007000  1461.600000
9850957  1.444000  2.171000  6296.800000  0.827000  1184.200000
9850966  0.759000  0.736000  4898.900000  -0.551000  772.500000
9851123  0.899000  0.870000  5528.200000  -0.193000  1050.500000
9851126  nan  nan  nan  nan  nan
9851142  1.672000  2.542000  7081.400000  1.166000  144.100000
9851226  nan  nan  nan  nan  nan
9851271  1.288000  1.715000  6077.600000  0.563000  1526.100000
9851360  1.074000  1.616000  5742.300000  0.413000  1672.500000
9851638  0.842000  0.944000  5198.700000  -0.228000  925.700000
9851662  0.934000  0.884000  5771.100000  -0.104000  651.000000
9851845  0.970000  1.164000  5693.800000  0.111000  620.000000
9851943  0.787000  0.748000  5165.300000  -0.443000  618.000000
9851970  0.738000  0.696000  5133.700000  -0.515000  652.200000
9851983  1.906000  3.534000  6687.300000  1.351000  1892.100000
9852050  1.627000  1.740000  7216.300000  0.871000  1322.300000
9872283  0.717000  0.699000  4701.200000  -0.665000  284.600000
9872292  1.157000  1.829000  5997.000000  0.593000  515.100000
9872831  0.992000  1.420000  6099.800000  0.403000  942.500000
9873004  0.817000  0.773000  5344.800000  -0.354000  1144.400000
9873254  1.079000  1.195000  5685.000000  0.131000  593.700000
9873604  1.001000  3.591000  4816.900000  0.800000  1567.800000
9873759  0.851000  0.895000  5271.300000  -0.251000  464.100000
9873869  1.154000  1.485000  5977.100000  0.406000  682.800000
9874581  1.421000  1.629000  6842.100000  0.720000  949.100000
9875101  0.800000  0.782000  5060.400000  -0.440000  926.800000
9875711  0.712000  0.699000  4550.000000  -0.723000  487.200000
9880190  0.820000  0.793000  5116.300000  -0.409000  665.300000
9880467  nan  nan  nan  nan  nan
9881077  0.705000  0.695000  4454.400000  -0.764000  594.800000
9881258  1.235000  1.997000  5964.600000  0.660000  1039.000000
9881660  0.679000  0.662000  4475.900000  -0.799000  557.800000
9881662  1.081000  1.174000  6045.500000  0.222000  581.800000
9883311  0.890000  1.258000  5372.800000  0.080000  1692.100000
9883606  0.966000  0.936000  5700.200000  -0.077000  619.700000
9884104  1.201000  1.167000  6050.700000  0.219000  787.800000
9885417  0.743000  0.718000  4616.800000  -0.674000  152.100000
9886221  1.168000  1.566000  5741.200000  0.382000  1215.300000
9886224  0.896000  1.803000  4813.300000  0.201000  2025.500000
9886255  0.818000  0.823000  5108.800000  -0.377000  1001.800000
9886361  1.379000  1.796000  6332.100000  0.672000  836.900000
9886661  0.928000  0.883000  5440.200000  -0.209000  529.500000
9887224  0.757000  0.727000  4910.500000  -0.555000  376.600000
9892471  0.911000  1.055000  5523.200000  -0.027000  1448.700000
9892816  1.298000  1.360000  6442.800000  0.461000  779.700000
9892856  1.045000  1.071000  5970.800000  0.121000  1482.300000
9893278  0.790000  2.407000  5266.500000  0.608000  2412.500000
9893318  0.837000  0.792000  5830.400000  -0.183000  1023.600000
9893468  1.467000  2.073000  6465.000000  0.833000  1133.000000
9895004  0.981000  1.159000  5825.600000  0.147000  457.100000
9895006  nan  nan  nan  nan  nan
9895709  0.948000  1.214000  5607.400000  0.121000  1379.700000
9896018  1.104000  1.082000  6048.500000  0.152000  1341.700000
9896435  0.681000  0.674000  4316.500000  -0.848000  821.900000
9896438  nan  nan  nan  nan  nan
9896558  1.145000  1.288000  5966.900000  0.281000  1554.700000
9897364  1.217000  1.539000  6153.800000  0.490000  2025.900000
9898017  1.110000  1.234000  6099.200000  0.282000  1510.300000
9898364  1.250000  1.362000  6943.800000  0.594000  985.600000
9898447  0.962000  0.985000  5506.500000  -0.093000  284.600000
9899065  1.109000  2.610000  5021.700000  0.597000  2891.500000
9899141  0.987000  1.094000  5475.800000  -0.011000  352.300000
9899153  0.726000  0.711000  4633.900000  -0.676000  464.000000
9899181  0.850000  1.000000  5104.500000  -0.212000  256.000000
9899193  1.370000  1.782000  6452.500000  0.698000  1029.700000
9899216  2.165000  3.723000  7303.500000  1.555000  978.100000
9899217  1.083000  1.465000  5839.900000  0.355000  1757.700000
9899233  0.904000  0.856000  5642.300000  -0.172000  990.600000
9899256  0.988000  1.306000  5905.200000  0.274000  1025.500000
9899280  0.710000  0.700000  4481.600000  -0.748000  431.900000
9899315  0.954000  1.258000  5758.000000  0.198000  1519.100000
9899345  1.393000  1.974000  6319.400000  0.752000  2414.000000
9899352  0.902000  1.148000  5468.400000  0.029000  1648.300000
9899355  1.197000  2.121000  5680.600000  0.630000  3101.800000
9899410  1.393000  11.011000  4870.900000  1.789000  3739.200000
9899414  0.907000  0.996000  5596.700000  -0.054000  992.300000
9899421  1.429000  12.509000  4700.500000  1.844000  2184.200000
9899449  0.808000  0.755000  5421.600000  -0.351000  978.200000
9899483  1.347000  1.951000  6308.700000  0.737000  1336.300000
9899505  1.006000  1.408000  5671.600000  0.271000  2156.900000
9899514  0.813000  0.779000  4870.500000  -0.510000  883.600000
9899577  0.805000  0.755000  5155.600000  -0.439000  599.600000
9899583  1.270000  2.080000  5949.900000  0.692000  2111.900000
9899607  0.994000  0.943000  5827.800000  -0.032000  1191.500000
9899621  1.008000  0.970000  5990.800000  0.039000  1266.700000
9899623  0.987000  1.100000  5758.900000  0.083000  1802.400000
9899630  0.996000  1.349000  5682.400000  0.236000  1752.800000
9902856  1.018000  1.352000  5741.500000  0.256000  1742.000000
9904006  1.237000  1.490000  6185.600000  0.471000  926.100000
9904059  1.282000  5.481000  4803.700000  1.160000  2017.300000
9906489  1.480000  1.915000  6662.900000  0.816000  666.000000
9906688  0.968000  0.979000  5734.400000  -0.028000  1224.500000
9906802  0.883000  0.839000  5505.800000  -0.234000  757.900000
9906841  2.015000  11.175000  4823.700000  1.780000  2111.400000
9907129  1.304000  2.398000  5863.300000  0.790000  2466.500000
9907505  0.997000  1.492000  5604.600000  0.295000  1809.000000
9908486  1.586000  14.671000  4517.500000  1.908000  4616.700000
9909735  1.064000  0.998000  5799.200000  0.008000  491.200000
9909965  1.108000  1.129000  6136.000000  0.214000  973.500000
9910043  1.160000  1.218000  6237.300000  0.308000  1645.000000
9910828  0.874000  0.830000  5457.700000  -0.258000  699.000000
9910942  1.112000  1.369000  6294.300000  0.424000  576.800000
9911112  1.984000  1.830000  8963.500000  1.298000  3455.200000
9911882  nan  nan  nan  nan  nan
9912977  0.939000  1.242000  5657.500000  0.157000  551.500000
9913481  2.586000  3.605000  8956.000000  1.885000  966.300000
9913798  nan  nan  nan  nan  nan
9932197  1.190000  2.247000  5496.000000  0.621000  1589.800000
9932970  0.804000  0.798000  5040.900000  -0.429000  852.500000
9933600  1.021000  1.218000  5819.800000  0.189000  1130.300000
9934208  0.726000  0.725000  4479.900000  -0.717000  525.800000
9934274  1.086000  1.209000  6071.200000  0.255000  680.900000
9935642  0.823000  0.776000  5338.900000  -0.353000  732.200000
9935983  1.026000  1.280000  5797.800000  0.225000  775.500000
9936080  1.198000  1.823000  6103.300000  0.622000  720.600000
9936698  1.236000  1.820000  6335.200000  0.684000  1483.300000
9938836  1.410000  1.622000  6683.900000  0.682000  1317.000000
9940565  0.785000  7.938000  4763.500000  1.283000  4268.400000
9941066  0.633000  0.625000  4241.800000  -0.939000  482.200000
9941136  1.212000  1.318000  5915.300000  0.286000  830.700000
9941387  0.873000  1.107000  5326.800000  -0.048000  855.200000
9941425  1.195000  25.137000  4170.400000  2.240000  2559.900000
9941550  1.466000  6.333000  4895.100000  1.320000  2410.400000
9941662  2.177000  2.467000  8795.500000  1.520000  512.000000
9941859  0.889000  0.886000  5475.800000  -0.194000  714.000000
9942658  0.939000  0.888000  5794.100000  -0.096000  907.600000
9943009  1.466000  2.180000  6018.000000  0.752000  892.900000
9943435  0.957000  1.140000  5665.100000  0.084000  906.400000
9944201  0.948000  3.898000  4867.600000  0.892000  2826.800000
9944421  0.886000  1.257000  5348.500000  0.071000  1191.000000
9945280  1.320000  2.627000  5506.000000  0.759000  1531.000000
9945370  0.851000  0.814000  5384.700000  -0.298000  1151.700000
9946525  0.864000  0.831000  5060.200000  -0.387000  791.300000
9947389  0.908000  1.080000  5472.700000  -0.022000  869.800000
9947653  1.284000  2.608000  5068.700000  0.610000  1193.200000
9948002  1.252000  1.972000  5903.600000  0.631000  1669.400000
9950316  1.049000  1.008000  5610.800000  -0.041000  842.600000
9950612  0.708000  0.694000  4554.100000  -0.727000  170.800000
9953491  nan  nan  nan  nan  nan
9953575  1.129000  2.392000  5140.900000  0.561000  1661.800000
9953736  1.377000  2.043000  6483.800000  0.825000  1209.200000
9954225  1.290000  1.739000  6064.500000  0.571000  1544.900000
9955262  1.367000  1.538000  6632.500000  0.613000  243.400000
9955598  0.912000  0.899000  5375.200000  -0.214000  68.100000
9956082  1.082000  1.069000  6135.000000  0.169000  1372.500000
9957351  0.897000  1.948000  4801.300000  0.262000  3013.400000
9957627  0.968000  0.959000  5864.800000  -0.006000  809.800000
9957659  1.178000  1.616000  5974.300000  0.483000  2194.000000
9957668  1.294000  2.086000  6252.700000  0.778000  827.500000
9958053  2.233000  2.502000  8956.500000  1.565000  1320.100000
9958387  1.266000  1.699000  6085.100000  0.555000  1025.000000
9958962  nan  nan  nan  nan  nan
9959093  1.221000  1.876000  5948.900000  0.601000  1003.000000
9959368  0.745000  0.719000  4848.200000  -0.586000  625.900000
9959492  0.917000  0.975000  5810.400000  -0.007000  1146.200000
9959494  1.202000  1.388000  6214.000000  0.414000  421.200000
9959545  0.959000  0.997000  5690.300000  -0.025000  690.100000
9959589  1.070000  1.487000  5795.200000  0.355000  2180.800000
9959765  1.603000  2.564000  6411.000000  1.004000  1901.900000
9962455  1.022000  1.767000  5534.500000  0.424000  1119.800000
9962595  0.873000  1.021000  5320.700000  -0.120000  739.200000
9962731  1.252000  2.063000  5878.100000  0.664000  924.600000
9963009  1.334000  2.617000  5630.400000  0.795000  2069.300000
9963265  1.008000  1.054000  5844.100000  0.070000  1352.000000
9963461  1.078000  1.542000  6389.200000  0.555000  1106.200000
9963524  0.817000  0.788000  5069.700000  -0.430000  385.300000
9963639  2.248000  1.940000  9851.300000  1.509000  888.300000
9964670  0.752000  0.740000  5008.800000  -0.506000  654.300000
9964748  1.224000  2.101000  5869.800000  0.678000  1913.100000
9964801  1.222000  1.624000  5904.800000  0.464000  968.200000
9965184  1.254000  4.138000  5067.800000  1.011000  3824.800000
9965206  0.871000  1.106000  5290.300000  -0.058000  1346.900000
9965439  1.162000  1.180000  6379.800000  0.316000  748.200000
9965691  1.450000  2.123000  6539.700000  0.873000  1159.400000
9965957  0.809000  0.776000  5155.700000  -0.415000  739.200000
9966115  0.986000  1.314000  6097.300000  0.336000  593.500000
9966219  0.915000  0.944000  5586.200000  -0.105000  709.600000
9967009  1.157000  1.561000  5862.200000  0.416000  2530.400000
9967398  1.326000  3.911000  4998.200000  0.939000  3670.100000
9967771  nan  nan  nan  nan  nan
9967884  nan  nan  nan  nan  nan
9968924  1.449000  1.817000  6738.000000  0.792000  1131.000000
9969287  1.199000  1.358000  6233.500000  0.401000  1855.000000
9970396  2.007000  8.390000  5001.900000  1.601000  1077.900000
9970525  1.115000  1.234000  6466.700000  0.381000  664.400000
9971475  1.111000  1.725000  5804.900000  0.486000  740.200000
9973109  1.140000  1.209000  6062.000000  0.253000  977.300000
9973855  1.195000  2.261000  5492.100000  0.627000  575.400000
9974142  2.016000  3.680000  6601.900000  1.369000  2121.900000
9991621  0.894000  0.990000  5336.800000  -0.142000  541.100000
9992325  0.754000  0.734000  4828.000000  -0.578000  656.700000
9993529  0.619000  0.593000  4608.200000  -0.844000  372.700000
9993683  0.863000  1.035000  5258.900000  -0.129000  710.200000
9994381  0.623000  0.614000  4731.400000  -0.767000  512.000000
9995402  0.832000  0.778000  5075.700000  -0.439000  391.200000
9995771  1.132000  1.485000  5975.600000  0.405000  1968.400000
9996632  nan  nan  nan  nan  nan
10000162  1.347000  5.498000  4760.000000  1.149000  3925.000000
10000490  1.736000  2.336000  6908.100000  1.051000  687.200000
10000941  0.813000  0.765000  4871.800000  -0.526000  326.800000
10001368  1.045000  1.139000  5915.100000  0.157000  850.700000
10001893  nan  nan  nan  nan  nan
10002049  1.058000  1.782000  5554.200000  0.438000  2195.100000
10002261  nan  nan  nan  nan  nan
10002266  0.777000  0.735000  5506.100000  -0.346000  775.500000
10002866  0.830000  0.830000  5168.600000  -0.351000  756.000000
10003058  1.147000  1.158000  6238.400000  0.265000  1303.400000
10004515  1.206000  1.430000  6579.800000  0.542000  543.600000
10004519  0.792000  0.908000  5745.700000  -0.087000  1148.200000
10004738  0.860000  0.846000  5464.400000  -0.237000  601.200000
10004772  1.010000  70.542000  3484.600000  2.828000  5218.800000
10005020  nan  nan  nan  nan  nan
10005758  1.133000  1.147000  6064.900000  0.207000  864.100000
10005788  0.645000  0.633000  4270.700000  -0.915000  419.800000
10006096  0.851000  0.960000  5198.400000  -0.214000  920.700000
10006581  0.999000  1.188000  5603.400000  0.101000  1151.100000
10006641  0.760000  0.742000  4825.200000  -0.568000  400.800000
10007492  1.347000  4.652000  4938.500000  1.068000  1089.000000
10007916  0.833000  0.795000  5265.900000  -0.356000  659.000000
10010440  1.041000  1.045000  5976.700000  0.100000  1156.000000
10010452  0.885000  0.836000  5375.400000  -0.278000  699.300000
10011213  0.990000  1.006000  5813.600000  0.021000  1410.500000
10014702  1.077000  1.203000  5984.300000  0.227000  1432.200000
10014875  0.920000  0.915000  5578.200000  -0.134000  1271.900000
10015516  2.343000  10.691000  4999.700000  1.808000  1128.500000
10015937  0.737000  0.714000  5013.100000  -0.535000  824.000000
10016874  0.803000  0.810000  5536.600000  -0.254000  719.100000
10018233  0.982000  0.962000  5720.600000  -0.047000  1108.600000
10018364  0.876000  0.869000  5149.600000  -0.318000  396.100000
10019065  nan  nan  nan  nan  nan
10019399  0.926000  1.103000  5690.300000  0.062000  396.400000
10019643  0.923000  0.902000  5482.700000  -0.177000  688.800000
10019708  1.155000  1.369000  5943.900000  0.327000  1504.200000
10019763  0.808000  1.006000  5475.200000  -0.083000  1028.700000
10019854  1.131000  1.197000  6156.300000  0.271000  1485.100000
10020423  0.869000  0.930000  5672.400000  -0.091000  1018.000000
10022908  0.739000  0.726000  4683.500000  -0.639000  485.700000
10023069  1.784000  3.025000  6415.300000  1.149000  1817.100000
10023469  nan  nan  nan  nan  nan
10024051  0.684000  0.699000  5100.400000  -0.525000  510.600000
10024701  0.953000  1.131000  5611.100000  0.060000  543.600000
10026136  1.629000  2.901000  6233.100000  1.062000  3726.600000
10026457  0.851000  0.848000  5289.700000  -0.294000  932.300000
10026458  0.990000  1.054000  5786.900000  0.054000  1560.300000
10026502  nan  nan  nan  nan  nan
10026544  1.345000  2.306000  6459.100000  0.924000  972.500000
10027247  0.557000  0.567000  3834.500000  -1.202000  263.600000
10027323  0.778000  0.756000  4626.500000  -0.626000  542.800000
10027861  0.818000  0.772000  5026.100000  -0.463000  664.100000
10028127  0.983000  0.928000  5545.600000  -0.133000  1240.300000
10028140  0.815000  0.775000  5240.100000  -0.388000  813.200000
10028352  1.844000  3.247000  6554.100000  1.248000  1409.800000
10028535  0.819000  0.841000  5098.300000  -0.364000  799.200000
10028792  1.016000  1.422000  5884.600000  0.343000  1225.100000
10030778  0.972000  1.037000  5733.000000  0.024000  1543.500000
10031409  1.270000  1.616000  6486.200000  0.623000  960.100000
10031500  1.062000  1.102000  5997.700000  0.153000  1247.300000
10031526  1.128000  1.182000  6166.600000  0.265000  1852.100000
10031643  1.249000  2.056000  5959.400000  0.683000  1576.400000
10031656  1.146000  1.245000  6162.100000  0.306000  1552.900000
10031707  0.852000  66.594000  4158.500000  3.083000  11738.400000
10031808  1.725000  4.344000  6409.600000  1.475000  464.200000
10031885  1.205000  1.463000  6359.200000  0.500000  820.600000
10031907  0.955000  0.918000  5772.900000  -0.072000  761.000000
10031918  0.696000  0.692000  4984.800000  -0.573000  454.900000
10033279  1.585000  2.459000  6556.000000  1.006000  1089.800000
10034146  1.308000  2.211000  6200.000000  0.825000  1634.400000
10053138  0.989000  0.941000  5573.400000  -0.112000  533.600000
10055126  1.101000  1.132000  6127.900000  0.214000  777.100000
10057494  1.293000  1.593000  6411.200000  0.589000  589.000000
10059645  0.715000  0.698000  4602.100000  -0.703000  582.800000
10063044  1.421000  1.862000  6968.400000  0.873000  1677.900000
10063208  0.946000  1.033000  5658.700000  -0.004000  402.800000
10063802  1.431000  1.814000  6498.400000  0.725000  1110.500000
10064256  0.841000  0.842000  5219.800000  -0.322000  589.300000
10064591  0.981000  0.960000  5835.100000  -0.015000  478.800000
10065053  0.977000  1.317000  5775.100000  0.243000  1932.100000
10066755  1.644000  2.602000  6737.400000  1.102000  1124.800000
10068024  1.220000  1.574000  6118.400000  0.505000  826.200000
10068030  0.888000  1.020000  5446.100000  -0.080000  949.000000
10068383  0.953000  2.312000  4893.500000  0.446000  2518.000000
10068659  0.959000  0.923000  5708.400000  -0.086000  1007.500000
10068919  1.208000  1.519000  6129.600000  0.469000  981.500000
10070468  0.999000  1.456000  5724.500000  0.315000  1425.800000
10070479  0.757000  0.763000  4684.500000  -0.596000  649.400000
10073672  0.606000  0.612000  4132.300000  -1.011000  385.300000
10074466  1.085000  1.078000  6164.400000  0.181000  689.100000
10074700  1.334000  4.506000  4947.300000  1.044000  2883.600000
10075409  0.793000  0.732000  4929.900000  -0.505000  857.300000
10079317  1.528000  2.275000  6539.500000  0.934000  1104.200000
10079420  2.173000  3.687000  7054.300000  1.485000  1160.600000
10079481  1.237000  1.424000  6365.400000  0.478000  432.700000
10080248  0.939000  1.706000  5530.200000  0.394000  2039.700000
10081899  0.490000  0.498000  3717.900000  -1.368000  177.200000
10083325  1.226000  1.542000  5755.200000  0.376000  819.000000
10083623  1.036000  1.992000  5250.500000  0.439000  2324.800000
10089123  1.307000  1.574000  5988.100000  0.462000  1238.000000
10089911  1.314000  1.364000  6642.400000  0.514000  918.900000
10090151  0.910000  0.875000  5288.600000  -0.266000  412.600000
10090219  1.196000  1.549000  6055.400000  0.466000  1890.800000
10090257  0.631000  0.613000  4309.800000  -0.930000  460.400000
10090854  nan  nan  nan  nan  nan
10091110  1.097000  1.172000  6068.500000  0.229000  1472.900000
10091257  1.146000  1.618000  5723.800000  0.405000  558.600000
10092312  1.143000  1.717000  5873.100000  0.502000  1113.800000
10093664  1.855000  2.149000  7678.100000  1.162000  998.100000
10094670  1.178000  1.131000  6476.600000  0.310000  741.100000
10095484  1.315000  2.037000  6085.600000  0.712000  1583.300000
10095512  1.303000  1.804000  6158.300000  0.629000  837.900000
10096697  1.359000  2.213000  6122.300000  0.792000  1388.500000
10098534  1.054000  1.065000  6030.800000  0.135000  1034.700000
10098540  0.674000  0.689000  4231.900000  -0.864000  437.900000
10098844  1.140000  1.721000  6218.000000  0.603000  1189.700000
10118266  0.836000  0.813000  5242.900000  -0.344000  696.000000
10118816  0.548000  0.544000  4073.800000  -1.139000  244.700000
10118942  1.237000  2.102000  6303.500000  0.801000  522.300000
10120548  0.772000  0.764000  4856.100000  -0.532000  844.100000
10122255  1.065000  1.118000  5999.200000  0.166000  1071.500000
10122538  0.561000  0.549000  4140.600000  -1.089000  434.100000
10123064  1.052000  1.495000  5729.500000  0.342000  1622.300000
10125352  1.291000  1.705000  6034.500000  0.544000  1005.700000
10128825  1.072000  1.425000  5833.900000  0.329000  1406.700000
10129482  0.742000  0.733000  4672.000000  -0.636000  757.300000
10130039  1.037000  0.999000  5990.700000  0.066000  426.900000
10130057  0.806000  0.775000  5138.300000  -0.420000  879.900000
10130646  0.489000  0.494000  3792.300000  -1.342000  105.500000
10132552  1.117000  1.139000  5859.900000  0.141000  598.600000
10132832  0.986000  1.130000  5630.200000  0.066000  1324.400000
10132908  0.987000  1.068000  5772.500000  0.060000  1066.500000
10134152  0.946000  0.905000  5759.500000  -0.088000  781.000000
10136549  1.141000  1.791000  5758.400000  0.505000  674.900000
10139305  0.875000  1.134000  5251.400000  -0.052000  749.000000
10139390  1.261000  2.518000  5376.500000  0.682000  1151.900000
10139620  1.229000  2.110000  5832.400000  0.670000  2745.100000
10140122  0.785000  0.681000  4822.200000  -0.554000  602.400000
10140274  0.697000  0.672000  4688.300000  -0.703000  690.500000
10140843  1.201000  2.349000  5881.600000  0.777000  1372.900000
10141271  0.866000  1.016000  5339.700000  -0.117000  1126.400000
10141900  0.837000  0.832000  5252.000000  -0.321000  959.800000
10141938  0.785000  0.980000  5582.100000  -0.073000  800.400000
10146103  1.128000  1.478000  5733.400000  0.331000  1175.500000
10147276  0.890000  0.836000  5692.000000  -0.177000  1058.300000
10148521  0.920000  0.991000  5559.600000  -0.070000  743.500000
10149023  1.066000  1.081000  5897.000000  0.108000  1330.100000
10152836  0.900000  0.866000  5529.300000  -0.197000  769.700000
10153011  1.001000  1.926000  5208.600000  0.396000  2186.400000
10153827  1.027000  1.443000  5713.500000  0.304000  2166.600000
10153855  0.847000  0.792000  5049.800000  -0.433000  449.300000
10154388  0.864000  0.868000  5505.800000  -0.204000  449.000000
10155029  nan  nan  nan  nan  nan
10155080  1.250000  2.192000  5843.900000  0.706000  1023.400000
10155286  2.076000  8.453000  4971.500000  1.597000  1020.400000
10155321  1.664000  2.232000  7081.900000  1.056000  1595.200000
10155434  0.845000  0.802000  5341.800000  -0.324000  631.000000
10156055  1.169000  1.491000  6237.500000  0.484000  1272.300000
10156064  2.115000  2.692000  8279.600000  1.490000  656.900000
10156110  1.126000  1.450000  5948.200000  0.378000  1621.100000
10157458  0.931000  0.923000  5618.600000  -0.114000  1045.700000
10157573  1.089000  1.164000  6045.700000  0.216000  1424.800000
10158418  nan  nan  nan  nan  nan
10158715  1.091000  1.103000  6109.500000  0.185000  1408.000000
10158729  0.916000  1.079000  5916.300000  0.112000  975.300000
10158990  1.466000  5.057000  5005.500000  1.165000  3584.200000
10160922  0.975000  0.986000  5764.800000  -0.012000  1284.600000
10161534  1.124000  1.116000  6259.900000  0.238000  845.500000
10163066  0.695000  0.677000  4536.400000  -0.754000  417.900000
10163067  1.235000  1.380000  6370.200000  0.465000  524.600000
10164018  0.958000  1.295000  5551.700000  0.158000  1619.900000
10166274  0.534000  0.532000  4015.200000  -1.178000  260.600000
10186761  1.006000  0.959000  5699.700000  -0.057000  589.700000
10186945  0.775000  0.758000  4901.100000  -0.522000  458.900000
10187017  0.766000  0.741000  4749.800000  -0.598000  107.800000
10187159  0.808000  0.800000  5057.500000  -0.421000  490.900000
10187563  1.108000  1.337000  5982.900000  0.319000  1690.100000
10189523  0.838000  0.917000  5193.400000  -0.255000  1139.300000
10189542  0.870000  0.863000  5354.200000  -0.256000  625.200000
10189546  0.873000  0.838000  5208.000000  -0.330000  635.800000
10189557  1.211000  2.502000  5251.400000  0.638000  2703.300000
10190075  1.033000  1.044000  5732.100000  0.027000  868.500000
10190777  0.653000  0.653000  4392.700000  -0.843000  192.800000
10191036  1.049000  1.060000  5971.600000  0.111000  329.600000
10191056  1.817000  2.954000  6656.000000  1.191000  600.000000
10191070  nan  nan  nan  nan  nan
10191449  0.866000  0.975000  5350.100000  -0.149000  870.000000
10196493  0.860000  0.846000  5598.200000  -0.195000  727.800000
10198109  0.874000  1.602000  5541.000000  0.342000  885.100000
10198225  1.228000  3.479000  4865.500000  0.789000  879.100000
10198662  1.356000  2.785000  6111.800000  0.997000  978.000000
10199817  nan  nan  nan  nan  nan
10199984  1.253000  4.488000  5073.700000  1.081000  1584.900000
10200627  1.080000  3.581000  4849.500000  0.809000  2863.100000
10201891  1.100000  1.402000  5915.100000  0.339000  1453.700000
10202759  1.449000  1.515000  7062.200000  0.713000  694.600000
10203349  0.991000  1.064000  5781.300000  0.060000  1132.700000
10205598  0.865000  1.065000  5259.900000  -0.104000  850.400000
10206675  0.731000  0.726000  4449.200000  -0.730000  429.300000
10208477  1.560000  2.337000  6446.700000  0.932000  868.700000
10208759  1.711000  3.659000  6644.900000  1.384000  3111.500000
10208894  1.039000  9.034000  4715.500000  1.566000  3664.300000
10212441  0.913000  1.231000  5916.800000  0.225000  563.300000
10213902  0.841000  0.900000  5754.000000  -0.094000  1242.500000
10214162  0.793000  0.856000  5573.800000  -0.191000  1075.500000
10214328  1.310000  1.885000  6585.000000  0.781000  357.300000
10214341  1.335000  1.836000  6251.500000  0.670000  1898.800000
10214873  0.972000  0.960000  5494.900000  -0.118000  687.000000
10215422  1.038000  1.321000  5559.200000  0.179000  1054.800000
10215869  nan  nan  nan  nan  nan
10216045  0.808000  0.759000  5328.700000  -0.375000  641.900000
10219288  nan  nan  nan  nan  nan
10219361  1.421000  5.294000  5008.300000  1.203000  1480.700000
10220837  0.873000  0.822000  5496.300000  -0.254000  493.900000
10220950  1.185000  1.373000  6182.500000  0.398000  1744.200000
10221013  0.948000  1.038000  5651.800000  -0.001000  1273.800000
10221505  0.839000  0.836000  5220.500000  -0.327000  985.100000
10222603  0.940000  0.978000  5601.700000  -0.069000  610.600000
10223615  1.327000  1.741000  5833.600000  0.507000  415.500000
10223616  0.792000  0.823000  4885.700000  -0.457000  611.900000
10225800  1.036000  1.002000  5901.500000  0.043000  1499.200000
10226343  0.916000  0.977000  6309.100000  0.137000  1487.300000
10226420  1.575000  2.463000  6435.100000  0.976000  2840.500000
10227020  1.169000  1.445000  5946.600000  0.375000  1819.100000
10227501  nan  nan  nan  nan  nan
10227863  1.295000  1.754000  5958.200000  0.545000  1044.700000
10227881  0.753000  0.694000  5452.400000  -0.416000  828.600000
10228942  1.652000  2.724000  6669.400000  1.124000  1418.600000
10230571  nan  nan  nan  nan  nan
10232123  1.416000  1.508000  6809.500000  0.646000  715.100000
10232693  1.140000  1.595000  6203.400000  0.532000  803.200000
10252275  0.704000  0.668000  4932.300000  -0.622000  293.300000
10253547  1.196000  1.288000  6307.500000  0.377000  886.900000
10253638  1.266000  1.443000  6370.200000  0.492000  833.000000
10253977  0.791000  0.752000  5140.900000  -0.447000  479.900000
10257229  1.226000  1.529000  6174.700000  0.487000  994.500000
10257903  1.064000  1.628000  5706.700000  0.407000  1940.000000
10258558  1.083000  1.397000  5873.400000  0.324000  1261.900000
10259029  nan  nan  nan  nan  nan
10259031  0.986000  1.512000  5550.200000  0.295000  2016.600000
10259301  0.895000  1.260000  5524.000000  0.128000  687.700000
10263598  1.217000  5.499000  4751.800000  1.144000  1652.600000
10264202  0.880000  1.204000  5258.700000  0.005000  1444.500000
10264293  0.788000  0.789000  4818.100000  -0.517000  750.500000
10264660  nan  nan  nan  nan  nan
10265602  0.970000  1.413000  5573.200000  0.243000  1787.100000
10265898  0.896000  0.861000  5162.100000  -0.322000  891.000000
10266615  0.876000  0.835000  5450.800000  -0.256000  789.200000
10266852  1.430000  2.074000  5865.400000  0.662000  842.300000
10266860  1.009000  1.098000  6161.400000  0.196000  665.700000
10267121  1.016000  1.048000  5878.100000  0.075000  1447.200000
10268714  1.368000  2.028000  6629.200000  0.857000  888.600000
10268809  1.130000  1.510000  5808.800000  0.372000  912.300000
10268903  0.565000  0.576000  3853.600000  -1.181000  565.700000
10268907  0.906000  1.427000  5312.300000  0.167000  1706.700000
10271691  0.893000  1.415000  5245.300000  0.140000  1092.300000
10271806  0.757000  0.718000  5047.600000  -0.518000  793.800000
10272389  0.814000  0.770000  5259.100000  -0.386000  489.800000
10272442  nan  nan  nan  nan  nan
10272640  1.090000  1.355000  5921.100000  0.311000  1864.400000
10272858  1.331000  3.658000  4947.700000  0.862000  551.300000
10273903  0.930000  1.183000  5558.400000  0.084000  1562.000000
10274244  0.742000  0.819000  5361.500000  -0.300000  153.500000
10275074  1.408000  2.045000  6326.500000  0.783000  1769.200000
10275077  1.210000  3.417000  4885.500000  0.781000  2073.000000
10275766  1.131000  1.322000  6058.900000  0.332000  1813.700000
10275805  0.886000  0.870000  5451.800000  -0.218000  1142.700000
10275880  1.256000  1.526000  6266.800000  0.512000  836.700000
10275887  nan  nan  nan  nan  nan
10281221  1.106000  1.255000  5889.200000  0.235000  1359.600000
10281311  1.167000  1.726000  5920.600000  0.520000  1762.500000
10284575  1.484000  1.548000  7253.400000  0.780000  598.600000
10285631  1.179000  2.011000  5609.400000  0.559000  988.200000
10287242  1.239000  4.091000  4912.900000  0.947000  3974.000000
10287248  nan  nan  nan  nan  nan
10287723  0.580000  0.568000  4405.600000  -0.958000  154.400000
10288922  1.021000  1.048000  5899.400000  0.081000  1547.400000
10289119  1.636000  2.661000  6178.500000  0.971000  872.400000
10290021  1.408000  2.121000  6077.300000  0.744000  262.000000
10290447  0.815000  0.820000  4901.300000  -0.456000  440.600000
10290666  1.203000  1.541000  5707.700000  0.357000  663.400000
10291589  1.008000  1.297000  5869.500000  0.259000  1509.300000
10292000  2.450000  1.728000  11986.400000  1.739000  1554.700000
10292238  1.102000  1.784000  5709.100000  0.487000  1778.600000
10292465  0.860000  0.892000  5364.800000  -0.223000  762.900000
10292540  1.222000  2.415000  5397.500000  0.653000  3509.400000
10294465  0.205000  0.235000  3581.700000  -2.085000  54.300000
10294509  0.851000  0.805000  5424.200000  -0.294000  975.600000
10294608  1.203000  1.585000  6030.100000  0.476000  823.200000
10294613  0.818000  0.776000  5271.100000  -0.375000  668.500000
10295951  2.110000  3.268000  7639.900000  1.520000  1646.500000
10296163  1.305000  1.363000  6807.100000  0.559000  749.300000
10318874  0.781000  0.755000  4605.800000  -0.635000  191.600000
10319341  0.936000  0.911000  5655.000000  -0.114000  683.700000
10319385  1.005000  1.048000  5692.000000  0.019000  502.100000
10319834  0.984000  0.968000  5822.600000  -0.010000  1035.800000
10320341  1.307000  2.012000  6077.400000  0.699000  1931.800000
10321927  1.085000  2.226000  5171.200000  0.508000  2035.300000
10321972  1.667000  4.739000  5181.100000  1.173000  5345.900000
10322797  1.278000  1.428000  6442.900000  0.501000  800.100000
10328393  0.722000  0.701000  4850.900000  -0.608000  344.200000
10328458  0.734000  0.719000  4687.300000  -0.646000  700.200000
10329196  0.903000  2.031000  5178.100000  0.430000  545.100000
10329469  0.728000  0.697000  4973.900000  -0.570000  760.900000
10329835  0.584000  0.592000  4038.100000  -1.076000  289.700000
10330115  0.808000  0.807000  5059.800000  -0.412000  1055.100000
10330495  1.070000  2.342000  5076.000000  0.520000  1634.900000
10331279  0.849000  0.857000  5297.300000  -0.280000  898.300000
10332213  0.878000  0.924000  5391.800000  -0.184000  814.000000
10332789  1.040000  1.182000  5885.700000  0.183000  1916.900000
10332883  0.581000  0.588000  4031.900000  -1.085000  185.100000
10336927  nan  nan  nan  nan  nan
10336951  0.818000  0.892000  4940.400000  -0.368000  559.700000
10337258  1.222000  1.226000  6324.700000  0.338000  748.800000
10337517  0.892000  0.849000  5485.300000  -0.230000  516.300000
10338279  nan  nan  nan  nan  nan
10338529  0.957000  0.960000  5704.400000  -0.053000  1109.600000
10338624  1.552000  1.860000  7106.600000  0.903000  776.800000
10339000  1.392000  2.136000  6149.700000  0.772000  1895.600000
10340212  nan  nan  nan  nan  nan
10340228  0.830000  0.837000  5170.800000  -0.342000  997.300000
10340423  0.669000  0.662000  4329.700000  -0.857000  539.700000
10341777  1.278000  1.810000  6314.100000  0.675000  809.200000
10341781  0.730000  0.727000  4536.500000  -0.694000  529.600000
10341787  0.855000  1.007000  5226.400000  -0.162000  1194.700000
10341831  0.617000  0.639000  3999.700000  -1.026000  241.600000
10341876  1.173000  1.665000  5944.400000  0.497000  2156.900000
10341878  1.437000  1.749000  7039.700000  0.835000  1144.500000
10341905  1.064000  1.006000  5602.200000  -0.046000  1124.200000
10341913  1.248000  1.666000  6198.900000  0.569000  808.000000
10341917  0.844000  0.865000  5235.600000  -0.291000  1037.400000
10342041  1.207000  2.354000  5403.500000  0.633000  1734.900000
10342065  1.385000  4.025000  5131.500000  1.011000  1984.100000
10342097  1.192000  10.674000  4886.400000  1.767000  3546.200000
10342248  0.903000  1.207000  5460.600000  0.071000  977.100000
10342316  0.993000  0.988000  5840.600000  0.013000  1188.400000
10345478  0.792000  0.774000  5015.600000  -0.464000  866.000000
10345862  1.094000  1.879000  5447.200000  0.451000  1169.500000
10346522  2.041000  5.549000  5508.300000  1.409000  3692.300000
10350571  1.455000  2.859000  5648.900000  0.879000  1295.500000
10351231  0.925000  1.015000  5578.300000  -0.043000  1288.200000
10351767  0.840000  0.768000  5682.800000  -0.256000  658.500000
10351947  1.188000  4.873000  4789.700000  1.056000  1177.400000
10352333  0.833000  0.818000  5226.400000  -0.345000  324.400000
10352603  1.365000  2.641000  5803.800000  0.849000  2356.600000
10352938  1.627000  3.145000  6142.000000  1.107000  3560.300000
10352945  1.074000  1.147000  6010.000000  0.193000  1575.300000
10353968  0.833000  0.812000  5205.400000  -0.357000  736.900000
10354039  nan  nan  nan  nan  nan
10356124  1.317000  4.482000  4925.500000  1.029000  1619.200000
10356840  1.331000  2.393000  6077.700000  0.851000  2193.600000
10357040  0.976000  0.964000  5788.400000  -0.024000  1171.600000
10357831  0.756000  0.763000  4628.000000  -0.618000  880.200000
10358759  0.800000  0.743000  5624.800000  -0.301000  848.600000
10360722  0.879000  0.832000  5350.900000  -0.289000  731.900000
10362031  1.222000  1.708000  6297.300000  0.650000  671.200000
10363115  1.321000  1.851000  6132.600000  0.643000  506.400000
10363233  0.884000  0.855000  5460.100000  -0.230000  672.300000
10363281  1.387000  1.495000  6851.500000  0.654000  598.900000
10363300  1.248000  2.268000  5688.400000  0.700000  1822.100000
10383687  1.042000  1.115000  5943.300000  0.148000  619.200000
10383696  nan  nan  nan  nan  nan
10383729  1.082000  1.289000  5947.600000  0.276000  784.400000
10384298  0.869000  0.827000  5280.600000  -0.319000  213.800000
10384798  0.901000  0.973000  5487.800000  -0.109000  898.900000
10384962  nan  nan  nan  nan  nan
10385682  1.271000  1.837000  6067.300000  0.618000  2077.300000
10385708  1.320000  1.726000  6151.300000  0.589000  350.600000
10386922  0.939000  1.748000  5617.400000  0.440000  649.500000
10386984  0.648000  0.658000  4199.400000  -0.915000  383.800000
10387742  0.964000  0.959000  5576.500000  -0.094000  340.500000
10387792  0.766000  0.743000  4889.400000  -0.545000  381.900000
10388286  0.535000  0.542000  3826.800000  -1.244000  171.500000
10388451  0.533000  0.537000  3878.100000  -1.229000  309.800000
10389280  2.348000  2.018000  10112.000000  1.586000  622.400000
10394802  0.786000  0.763000  4796.800000  -0.555000  689.500000
10395381  0.775000  0.775000  4848.500000  -0.522000  715.500000
10395543  0.654000  0.668000  4204.100000  -0.901000  246.600000
10396708  0.743000  0.721000  4779.800000  -0.608000  460.400000
10397315  1.122000  1.618000  5866.800000  0.450000  1342.000000
10397751  0.853000  0.953000  5336.400000  -0.175000  513.100000
10399137  0.981000  1.147000  5985.900000  0.185000  789.500000
10399321  1.146000  2.132000  5652.500000  0.623000  540.900000
10403228  0.578000  0.593000  3865.400000  -1.150000  297.800000
10404545  0.749000  0.713000  5063.300000  -0.518000  883.600000
10404582  0.945000  1.385000  5646.900000  0.248000  1072.800000
10405224  0.730000  0.706000  4784.200000  -0.627000  750.000000
10405482  0.835000  0.969000  5811.400000  -0.012000  1126.400000
10405546  1.155000  1.142000  6197.100000  0.240000  779.900000
10407020  1.486000  2.282000  6565.400000  0.944000  1422.700000
10407047  1.229000  5.930000  4685.600000  1.188000  1704.900000
10407054  1.433000  1.764000  6952.500000  0.820000  1323.800000
10407086  1.215000  1.928000  5663.500000  0.541000  727.900000
10407191  nan  nan  nan  nan  nan
10407210  1.488000  2.277000  6023.600000  0.791000  465.900000
10407221  0.688000  0.674000  4447.900000  -0.795000  535.400000
10407271  1.036000  1.195000  5715.900000  0.147000  1213.000000
10407430  0.926000  1.239000  5765.600000  0.187000  1683.100000
10407464  1.127000  1.156000  6333.900000  0.290000  501.500000
10407482  0.726000  0.704000  4724.100000  -0.651000  510.700000
10414727  1.726000  2.539000  6975.900000  1.141000  1505.800000
10415227  1.062000  1.299000  5882.200000  0.264000  2095.900000
10416390  nan  nan  nan  nan  nan
10417704  1.736000  2.060000  7572.600000  1.104000  2310.200000
10418224  1.379000  2.227000  5999.200000  0.763000  2254.000000
10418797  0.982000  1.418000  5605.700000  0.254000  1603.300000
10419108  0.818000  0.804000  5113.200000  -0.397000  277.300000
10419211  1.067000  1.796000  5576.700000  0.452000  2235.900000
10419312  1.275000  7.205000  4726.200000  1.371000  2921.800000
10419797  1.422000  2.029000  6370.600000  0.789000  2743.500000
10420279  1.027000  1.476000  5701.100000  0.319000  1322.200000
10420301  0.751000  0.752000  4662.500000  -0.617000  659.800000
10422852  nan  nan  nan  nan  nan
10425070  0.952000  1.138000  5647.800000  0.077000  1087.800000
10426656  0.931000  1.214000  5512.000000  0.091000  885.400000
10427700  1.557000  2.451000  5931.300000  0.827000  957.100000
10450504  0.748000  0.736000  4729.200000  -0.610000  763.300000
10452252  0.417000  0.430000  3582.800000  -1.559000  100.500000
10453009  0.954000  3.304000  4989.200000  0.788000  1411.700000
10453588  0.998000  1.445000  5995.600000  0.388000  512.600000
10454313  0.994000  1.271000  5719.500000  0.196000  1200.500000
10454401  0.952000  1.257000  5604.000000  0.150000  1565.000000
10454632  0.752000  0.735000  4761.700000  -0.601000  259.300000
10459749  0.905000  1.104000  5495.500000  0.005000  1597.900000
10459805  0.659000  0.630000  4777.900000  -0.727000  619.900000
10460629  1.486000  2.284000  6156.500000  0.831000  1706.300000
10460984  1.056000  1.029000  6051.800000  0.108000  891.500000
10461045  1.150000  1.693000  6393.700000  0.637000  947.900000
10462462  0.633000  0.657000  4075.700000  -0.970000  596.900000
10462826  1.102000  1.956000  5698.200000  0.563000  1887.100000
10464050  0.985000  0.945000  5666.600000  -0.080000  879.100000
10464078  1.129000  3.252000  4915.700000  0.749000  2924.300000
10464199  0.891000  1.189000  5489.900000  0.068000  382.100000
10464666  0.810000  0.788000  4933.300000  -0.478000  288.600000
10467714  nan  nan  nan  nan  nan
10467815  1.940000  1.846000  9323.400000  1.374000  845.000000
10468514  0.852000  0.955000  5279.000000  -0.192000  585.800000
10468885  0.810000  0.837000  5040.900000  -0.390000  872.500000
10468940  0.783000  0.776000  5329.200000  -0.355000  712.000000
10470206  nan  nan  nan  nan  nan
10470616  nan  nan  nan  nan  nan
10470779  1.044000  1.005000  5878.900000  0.037000  973.400000
10470882  0.891000  0.864000  5521.000000  -0.200000  1247.900000
10470993  1.221000  1.512000  6172.000000  0.478000  1525.200000
10471005  0.977000  1.045000  5440.300000  -0.059000  930.300000
10471055  1.132000  1.448000  5970.000000  0.382000  1606.100000
10471090  1.138000  1.499000  6146.500000  0.463000  1339.700000
10471113  1.000000  1.154000  5783.000000  0.131000  1433.800000
10471167  nan  nan  nan  nan  nan
10471174  0.887000  1.169000  5392.400000  0.024000  1605.300000
10471204  0.903000  1.263000  5615.300000  0.159000  1752.100000
10471243  0.848000  0.812000  5347.300000  -0.311000  948.300000
10471296  0.902000  0.899000  5511.800000  -0.171000  752.700000
10471345  nan  nan  nan  nan  nan
10471515  1.121000  1.206000  5973.500000  0.224000  491.300000
10471621  nan  nan  nan  nan  nan
10473272  nan  nan  nan  nan  nan
10480915  0.971000  1.002000  5713.100000  -0.014000  743.100000
10480921  1.245000  1.973000  5997.600000  0.659000  1559.600000
10480952  1.024000  1.961000  6034.000000  0.665000  643.800000
10480982  1.045000  1.623000  5656.400000  0.389000  1949.100000
10481045  1.057000  1.873000  5454.600000  0.451000  1831.500000
10481054  1.219000  1.511000  6338.700000  0.524000  1197.900000
10482160  0.909000  0.909000  5517.500000  -0.159000  781.300000
10483644  0.960000  1.100000  5709.900000  0.067000  729.500000
10484409  0.861000  0.880000  5312.600000  -0.252000  883.600000
10485069  1.021000  1.094000  5868.800000  0.111000  1396.300000
10485179  0.871000  1.149000  5335.200000  -0.013000  810.600000
10485250  1.059000  3.585000  4833.500000  0.805000  3606.700000
10486425  1.704000  2.463000  7039.600000  1.130000  1182.600000
10487119  1.285000  2.155000  5655.600000  0.637000  2960.900000
10487228  0.766000  0.734000  4903.500000  -0.551000  775.400000
10488450  1.980000  3.403000  6878.200000  1.372000  1374.200000
10489206  0.538000  0.543000  3895.600000  -1.214000  181.600000
10489345  0.774000  0.766000  4869.300000  -0.524000  812.600000
10489521  1.281000  2.037000  5977.900000  0.690000  3564.500000
10489525  1.604000  2.476000  6632.200000  1.031000  1161.200000
10489539  1.259000  1.820000  5971.700000  0.581000  553.700000
10490960  1.324000  1.921000  6136.400000  0.677000  1694.000000
10491031  1.539000  2.332000  6597.600000  0.971000  1554.700000
10491044  0.779000  0.771000  4922.400000  -0.502000  843.600000
10491062  0.842000  0.836000  5233.700000  -0.323000  810.200000
10491525  1.159000  1.728000  6255.900000  0.617000  918.700000
10491544  nan  nan  nan  nan  nan
10491554  1.339000  2.036000  6115.200000  0.721000  2136.100000
10493253  1.005000  10.391000  4729.400000  1.693000  1714.500000
10513530  0.834000  0.786000  5363.200000  -0.334000  615.500000
10514429  nan  nan  nan  nan  nan
10514430  nan  nan  nan  nan  nan
10514770  0.845000  0.940000  5231.500000  -0.221000  900.700000
10515564  0.872000  0.894000  5360.800000  -0.222000  732.100000
10518399  1.140000  2.082000  5528.300000  0.564000  1553.000000
10518424  0.986000  0.970000  5838.800000  -0.004000  1188.200000
10518725  1.383000  1.693000  6810.800000  0.750000  1040.900000
10518735  nan  nan  nan  nan  nan
10519701  1.328000  1.833000  6002.200000  0.597000  1001.200000
10519727  1.414000  2.767000  5344.400000  0.756000  1362.500000
10525027  0.576000  0.585000  3979.600000  -1.111000  160.900000
10525049  0.653000  0.682000  4148.900000  -0.906000  175.700000
10525077  0.980000  1.179000  5719.000000  0.130000  1443.300000
10526549  0.738000  0.723000  4710.100000  -0.633000  567.200000
10526887  0.908000  0.922000  5517.100000  -0.146000  1057.500000
10527135  0.824000  0.799000  5173.000000  -0.382000  798.300000
10528068  0.979000  1.086000  5993.900000  0.140000  445.500000
10531955  0.960000  1.165000  5555.500000  0.069000  392.500000
10532751  2.336000  8.332000  5072.500000  1.624000  955.400000
10534155  0.888000  0.980000  5419.700000  -0.109000  446.200000
10535708  1.188000  1.807000  5667.400000  0.485000  2411.100000
10535807  1.086000  1.719000  6253.400000  0.612000  1226.500000
10535858  0.503000  0.508000  3780.800000  -1.320000  212.200000
10535886  0.607000  0.621000  4053.400000  -1.028000  324.300000
10535897  0.963000  1.328000  5966.500000  0.307000  859.300000
10535926  1.144000  1.733000  5861.700000  0.508000  1855.000000
10535991  1.044000  1.432000  5758.300000  0.311000  2161.200000
10536177  1.012000  1.069000  5851.700000  0.085000  1031.000000
10536241  0.915000  1.621000  5495.500000  0.338000  1362.600000
10538176  0.808000  0.773000  5448.100000  -0.323000  1055.700000
10544677  1.266000  2.237000  5849.700000  0.726000  2145.600000
10545066  1.088000  1.161000  5955.200000  0.187000  781.600000
10546063  1.072000  1.187000  5975.400000  0.213000  1987.500000
10547378  1.470000  5.000000  5015.800000  1.157000  2448.300000
10547685  nan  nan  nan  nan  nan
10548411  nan  nan  nan  nan  nan
10549023  1.294000  1.503000  6265.700000  0.497000  1650.100000
10549562  1.297000  1.497000  6455.700000  0.551000  1546.800000
10549576  1.892000  2.747000  7334.300000  1.296000  1779.500000
10549902  1.054000  1.463000  5884.000000  0.366000  1299.800000
10549924  0.891000  0.848000  5522.700000  -0.217000  410.100000
10551346  1.226000  1.782000  5876.200000  0.535000  1190.300000
10552151  1.236000  3.162000  5107.800000  0.790000  2013.100000
10552263  1.131000  1.291000  5919.900000  0.270000  432.300000
10552611  0.832000  0.796000  4836.300000  -0.504000  301.000000
10552700  1.496000  1.752000  6795.000000  0.774000  559.600000
10554421  1.308000  1.663000  6176.000000  0.562000  1428.100000
10554967  0.923000  1.164000  5543.400000  0.066000  1322.600000
10554999  0.855000  0.832000  5137.400000  -0.360000  605.100000
10555365  1.013000  1.322000  5665.000000  0.213000  2431.100000
10555375  1.247000  1.723000  6043.000000  0.553000  1022.800000
10556180  1.257000  1.479000  6312.900000  0.494000  2145.900000
10556578  0.896000  1.327000  5361.300000  0.123000  1337.900000
10556891  0.720000  0.705000  4602.500000  -0.696000  509.500000
10577994  0.753000  0.744000  5131.300000  -0.459000  559.400000
10579570  0.595000  0.601000  4101.500000  -1.039000  154.500000
10581308  0.930000  0.894000  5450.100000  -0.196000  469.000000
10581918  1.542000  2.174000  7283.200000  1.082000  1162.200000
10583066  0.671000  0.655000  4435.300000  -0.823000  536.700000
10583180  0.743000  0.721000  4790.000000  -0.605000  599.800000
10583181  1.393000  1.905000  6706.900000  0.823000  438.500000
10583225  0.847000  0.885000  5252.200000  -0.267000  651.600000
10583761  0.788000  0.747000  5175.100000  -0.441000  416.500000
10584140  1.115000  1.495000  5898.400000  0.388000  864.600000
10585738  0.839000  0.823000  5252.300000  -0.330000  1047.800000
10585749  1.087000  2.159000  5465.900000  0.577000  1635.400000
10585852  1.345000  3.633000  4951.800000  0.858000  1253.200000
10585887  0.862000  0.825000  5389.100000  -0.283000  787.600000
10586004  1.028000  1.745000  5208.400000  0.307000  407.500000
10586208  1.015000  1.448000  5667.400000  0.292000  979.600000
10586619  0.982000  1.062000  5883.000000  0.087000  1187.200000
10586744  1.297000  2.494000  5644.900000  0.758000  1760.400000
10587105  1.126000  1.401000  6142.600000  0.410000  961.100000
10591578  0.649000  0.641000  4365.200000  -0.870000  285.400000
10591855  0.650000  0.676000  4167.700000  -0.909000  402.000000
10592163  1.376000  2.836000  5460.200000  0.814000  2870.900000
10593535  1.159000  1.216000  6071.900000  0.260000  914.000000
10593626  0.870000  0.839000  5625.200000  -0.194000  194.500000
10593759  1.517000  2.596000  6083.800000  0.921000  1570.100000
10597164  1.190000  4.158000  5085.800000  1.021000  2012.100000
10597693  1.071000  1.071000  6081.100000  0.153000  1143.600000
10599206  0.729000  0.725000  5043.300000  -0.512000  561.200000
10599397  nan  nan  nan  nan  nan
10600261  1.016000  0.987000  5970.000000  0.049000  1103.300000
10600955  0.815000  0.776000  5414.600000  -0.328000  685.700000
10601163  0.936000  0.915000  5650.600000  -0.112000  614.500000
10601284  0.903000  0.878000  5388.800000  -0.229000  981.500000
10601465  0.712000  0.725000  5060.700000  -0.507000  566.400000
10601538  1.221000  1.450000  6463.200000  0.524000  827.100000
10601549  0.840000  0.936000  5312.700000  -0.197000  389.700000
10601579  1.253000  2.475000  6078.800000  0.880000  658.300000
10602291  1.213000  2.047000  5843.200000  0.647000  2046.500000
10604335  0.620000  0.609000  4281.000000  -0.947000  464.900000
10604521  0.985000  1.063000  5765.900000  0.055000  1585.900000
10604592  0.718000  0.704000  4717.500000  -0.653000  460.000000
10610039  0.985000  1.023000  5778.000000  0.024000  1044.900000
10611420  1.083000  1.319000  5925.900000  0.291000  1657.600000
10613718  0.854000  0.954000  5181.100000  -0.226000  292.000000
10614012  1.702000  8.589000  4970.100000  1.608000  579.100000
10614158  0.928000  3.523000  4703.600000  0.742000  1771.500000
10614845  0.876000  1.117000  5175.500000  -0.090000  548.700000
10615440  1.209000  1.320000  6168.600000  0.359000  791.400000
10616317  0.856000  0.834000  5437.700000  -0.259000  557.800000
10616415  1.074000  3.503000  4731.100000  0.746000  1286.200000
10616571  1.189000  1.791000  5662.700000  0.473000  751.900000
10616656  1.320000  1.900000  6117.300000  0.661000  640.900000
10616679  0.810000  0.805000  5058.900000  -0.418000  531.800000
10616829  1.589000  2.423000  6568.000000  0.996000  1919.800000
10617017  1.373000  1.430000  6561.100000  0.535000  481.400000
10617638  1.216000  1.478000  5809.000000  0.354000  1237.900000
10618044  1.190000  2.904000  5004.900000  0.682000  1270.900000
10619109  1.747000  2.944000  6540.300000  1.158000  765.800000
10619142  2.070000  2.141000  8780.800000  1.400000  4324.600000
10619192  1.057000  1.011000  5661.300000  -0.023000  720.700000
10620329  2.101000  2.950000  8532.000000  1.623000  900.700000
10621666  1.082000  1.063000  6162.800000  0.170000  992.700000
10646620  1.292000  1.290000  6710.300000  0.485000  790.600000
10647452  0.841000  0.810000  5288.600000  -0.332000  933.100000
10649230  1.116000  1.157000  6109.100000  0.227000  448.100000
10651816  0.904000  0.845000  5363.400000  -0.272000  671.300000
10651945  1.005000  1.201000  5780.400000  0.165000  1629.200000
10653179  0.907000  0.886000  5546.400000  -0.172000  1198.800000
10656508  1.117000  1.475000  5966.800000  0.398000  1716.000000
10656823  0.832000  0.800000  5233.800000  -0.362000  652.900000
10656842  1.267000  5.668000  4695.400000  1.150000  1235.300000
10657406  0.854000  0.797000  5183.700000  -0.382000  391.900000
10657664  2.225000  1.884000  9935.100000  1.499000  2213.200000
10658177  1.131000  1.324000  6209.700000  0.374000  773.800000
10659313  1.372000  2.226000  6168.100000  0.813000  1428.500000
10659624  1.218000  1.326000  5913.500000  0.291000  776.500000
10661679  0.973000  1.004000  5383.300000  -0.115000  917.900000
10661718  0.881000  0.845000  5482.200000  -0.235000  1010.700000
10661771  0.875000  1.073000  5330.600000  -0.073000  1040.000000
10661778  nan  nan  nan  nan  nan
10661913  0.612000  0.617000  4142.900000  -0.999000  281.000000
10661917  1.073000  1.602000  5759.500000  0.408000  706.800000
10661976  1.064000  1.242000  6388.300000  0.367000  897.800000
10662021  1.197000  2.129000  5313.300000  0.517000  2127.200000
10662202  0.819000  0.897000  5048.300000  -0.325000  790.800000
10663396  1.175000  1.565000  5743.800000  0.383000  693.100000
10663411  nan  nan  nan  nan  nan
10663738  1.203000  1.232000  6375.100000  0.357000  1361.500000
10663976  0.953000  1.256000  5453.700000  0.102000  804.700000
10664150  1.039000  1.034000  5999.800000  0.099000  1498.600000
10664416  1.267000  3.041000  5051.300000  0.739000  2290.700000
10665043  0.788000  0.769000  5000.800000  -0.475000  827.000000
10665228  0.817000  0.814000  5125.400000  -0.383000  1077.200000
10665749  0.963000  1.094000  5691.300000  0.057000  1371.300000
10666230  1.033000  1.230000  5846.200000  0.205000  1324.700000
10666242  1.028000  0.979000  5654.100000  -0.052000  719.300000
10666592  1.515000  1.995000  6436.500000  0.793000  340.200000
10668665  nan  nan  nan  nan  nan
10669994  0.983000  0.963000  5834.300000  -0.011000  977.000000
10670112  1.255000  1.529000  6499.500000  0.577000  1007.800000
10670119  0.506000  0.513000  3755.400000  -1.326000  230.600000
10674871  nan  nan  nan  nan  nan
10676014  0.782000  0.749000  4735.800000  -0.594000  216.000000
10676750  1.086000  1.634000  5766.900000  0.428000  1937.100000
10676824  0.925000  1.063000  5575.300000  -0.004000  1052.300000
10676923  1.235000  2.240000  5714.700000  0.686000  2592.900000
10676927  nan  nan  nan  nan  nan
10677186  1.147000  1.682000  5892.800000  0.489000  1862.800000
10677763  1.132000  1.250000  6232.300000  0.329000  438.900000
10678912  0.993000  1.206000  5741.800000  0.156000  1632.000000
10679583  0.780000  0.740000  5186.300000  -0.445000  786.000000
10680424  0.696000  0.684000  4446.100000  -0.781000  728.600000
10682541  0.839000  0.853000  5212.700000  -0.312000  1053.000000
10684670  1.097000  1.049000  5843.800000  0.065000  785.500000
10685175  1.643000  1.512000  8034.100000  0.936000  727.900000
10685764  nan  nan  nan  nan  nan
10686814  0.647000  0.637000  4284.800000  -0.909000  421.400000
10686864  1.125000  1.648000  5806.600000  0.451000  2248.200000
10686876  nan  nan  nan  nan  nan
10686909  1.211000  1.266000  5936.400000  0.255000  563.200000
10686930  1.814000  4.582000  5075.500000  1.106000  1011.300000
10709622  0.994000  1.195000  5755.400000  0.152000  1236.200000
10710755  nan  nan  nan  nan  nan
10711551  1.091000  1.576000  5803.300000  0.408000  2098.500000
10711913  1.080000  1.770000  5639.300000  0.459000  2186.700000
10713616  0.947000  1.060000  5926.100000  0.098000  624.800000
10714072  0.811000  0.839000  5159.200000  -0.344000  415.200000
10717220  1.007000  1.637000  5520.700000  0.355000  1132.500000
10717241  0.636000  0.626000  4266.800000  -0.928000  310.200000
10718726  1.038000  1.181000  5931.200000  0.195000  1212.900000
10722485  1.014000  1.387000  5953.000000  0.340000  919.200000
10723367  0.917000  0.888000  5625.800000  -0.145000  1249.700000
10723750  1.255000  1.592000  6161.800000  0.520000  1447.000000
10724369  0.942000  1.012000  5635.800000  -0.029000  955.900000
10724569  0.806000  0.761000  5281.700000  -0.390000  841.900000
10727668  nan  nan  nan  nan  nan
10728219  0.799000  0.792000  5331.900000  -0.336000  1141.100000
10729472  0.944000  0.982000  5643.400000  -0.053000  1136.800000
10730034  0.893000  0.863000  5249.000000  -0.291000  825.000000
10730070  1.009000  1.006000  5877.000000  0.039000  769.800000
10730250  1.382000  2.686000  5798.100000  0.870000  2573.100000
10730703  0.926000  0.894000  5530.800000  -0.170000  958.200000
10732401  1.077000  1.121000  6006.800000  0.170000  1108.400000
10733174  1.053000  1.227000  5742.800000  0.171000  706.700000
10734441  1.143000  2.582000  5072.900000  0.605000  2879.900000
10735331  1.296000  1.468000  6918.600000  0.650000  968.100000
10735519  3.094000  16.317000  4743.400000  2.083000  2394.800000
10735564  1.898000  2.120000  8138.000000  1.254000  3245.300000
10735575  0.978000  50.019000  4010.000000  2.770000  3984.400000
10735988  0.820000  0.835000  5108.200000  -0.366000  901.400000
10736179  0.847000  0.921000  5251.500000  -0.232000  1163.500000
10736223  1.321000  1.873000  6935.800000  0.866000  1479.800000
10736489  0.824000  0.893000  5068.200000  -0.322000  263.300000
10737437  0.977000  1.130000  5723.000000  0.095000  690.900000
10743597  nan  nan  nan  nan  nan
10743600  nan  nan  nan  nan  nan
10744335  0.980000  0.972000  5817.000000  -0.008000  1468.100000
10745365  1.051000  1.062000  5995.900000  0.121000  1072.800000
10747162  0.585000  0.588000  4097.600000  -1.060000  401.500000
10747439  1.253000  1.621000  5969.400000  0.480000  1445.700000
10747445  nan  nan  nan  nan  nan
10747501  0.976000  0.962000  5804.600000  -0.022000  1372.700000
10748390  0.765000  0.773000  4540.800000  -0.638000  37.300000
10748393  1.166000  1.761000  5901.000000  0.531000  1794.000000
10748621  1.017000  1.319000  5714.200000  0.229000  1406.000000
10749059  0.843000  0.810000  5479.700000  -0.272000  1026.100000
10749128  1.535000  2.331000  6258.300000  0.879000  1496.800000
10751515  1.049000  2.721000  4924.900000  0.599000  2550.200000
10751908  0.895000  1.082000  5538.800000  0.000000  1261.400000
10753394  0.724000  0.707000  4340.300000  -0.795000  172.900000
10753734  1.132000  1.320000  5991.300000  0.309000  741.500000
10753922  nan  nan  nan  nan  nan
10777591  nan  nan  nan  nan  nan
10779233  1.005000  0.979000  5756.100000  -0.022000  481.800000
10785538  0.883000  0.951000  5786.800000  -0.037000  487.900000
10788461  0.871000  0.816000  5331.400000  -0.313000  491.700000
10790387  1.122000  1.203000  6124.400000  0.267000  1480.600000
10790401  1.133000  4.611000  4967.800000  1.069000  1831.500000
10793172  0.921000  0.864000  5492.300000  -0.212000  764.600000
10793576  1.078000  1.088000  6067.600000  0.163000  850.100000
10794087  1.368000  1.858000  5929.300000  0.588000  537.000000
10794242  1.116000  1.484000  5599.100000  0.291000  1051.600000
10794405  0.880000  0.820000  5362.100000  -0.299000  718.800000
10794509  1.386000  2.261000  6363.500000  0.880000  998.700000
10794974  1.243000  1.428000  6299.000000  0.464000  847.100000
10795103  1.269000  1.552000  6310.400000  0.538000  537.500000
10797460  0.959000  0.944000  5581.500000  -0.108000  1082.900000
10798331  1.023000  1.308000  5781.500000  0.238000  1161.800000
10798605  0.877000  1.147000  5239.600000  -0.046000  892.000000
10798838  0.873000  1.090000  5345.600000  -0.054000  870.700000
10799291  nan  nan  nan  nan  nan
10799735  1.111000  1.182000  6023.100000  0.222000  1337.800000
10801100  1.543000  2.048000  7035.800000  0.971000  1113.400000
10801249  nan  nan  nan  nan  nan
10801951  0.884000  0.965000  5412.400000  -0.140000  769.700000
10802364  0.976000  0.951000  5429.200000  -0.148000  868.500000
10809677  1.511000  7.827000  4815.300000  1.469000  3309.400000
10809888  1.580000  9.441000  4775.200000  1.624000  3448.600000
10810838  0.744000  0.771000  4846.900000  -0.528000  309.700000
10810859  1.029000  1.019000  6085.400000  0.110000  1323.800000
10811496  0.961000  1.233000  5639.800000  0.145000  1545.700000
10812504  0.538000  0.542000  3921.900000  -1.204000  269.200000
10812541  0.661000  0.679000  4211.900000  -0.884000  287.200000
10813078  nan  nan  nan  nan  nan
10813132  0.912000  0.891000  5543.000000  -0.169000  660.300000
10813841  1.128000  1.292000  6074.400000  0.313000  1730.800000
10815677  0.975000  0.955000  5825.200000  -0.022000  1409.300000
10815916  1.439000  2.147000  6277.600000  0.811000  1472.200000
10816107  nan  nan  nan  nan  nan
10817600  2.065000  2.898000  7857.200000  1.464000  1730.200000
10842192  0.671000  0.651000  4523.900000  -0.796000  594.300000
10843203  0.865000  0.988000  5343.800000  -0.140000  1365.300000
10843431  0.659000  0.640000  4463.100000  -0.831000  710.700000
10843590  0.782000  0.740000  5165.400000  -0.452000  461.000000
10844823  0.805000  0.770000  5034.800000  -0.462000  733.300000
10844890  0.923000  0.966000  5566.000000  -0.092000  738.100000
10845188  0.949000  1.449000  5767.000000  0.323000  893.100000
10847721  1.956000  1.713000  9111.200000  1.264000  769.700000
10847907  1.178000  1.180000  6302.000000  0.299000  713.700000
10848097  0.884000  0.872000  5385.200000  -0.237000  736.900000
10848459  0.928000  1.380000  5454.700000  0.186000  1688.800000
10849244  1.181000  1.525000  6095.400000  0.463000  532.500000
10850327  1.072000  1.453000  5994.200000  0.393000  702.300000
10854546  0.917000  0.869000  5710.400000  -0.139000  1034.600000
10854555  0.934000  0.912000  5660.000000  -0.111000  1214.500000
10854768  1.417000  1.661000  6951.900000  0.765000  1472.600000
10855545  1.021000  1.482000  5675.000000  0.316000  2149.000000
10857342  2.038000  2.679000  7986.900000  1.427000  3915.400000
10857519  1.074000  1.223000  6043.100000  0.257000  404.200000
10857589  1.219000  2.711000  5700.200000  0.850000  3213.300000
10858504  1.038000  1.071000  5892.000000  0.098000  1265.000000
10858691  0.903000  0.879000  5846.400000  -0.085000  1282.700000
10858737  1.175000  1.306000  6624.000000  0.475000  939.800000
10858785  0.841000  0.961000  5695.300000  -0.054000  1510.000000
10858803  0.748000  0.744000  4675.800000  -0.621000  647.700000
10858832  1.055000  1.067000  5751.000000  0.052000  841.100000
10861608  nan  nan  nan  nan  nan
10861715  1.069000  1.324000  5886.200000  0.282000  1663.100000
10862284  1.123000  1.950000  5603.500000  0.533000  2905.500000
10862759  1.524000  1.891000  6745.300000  0.827000  1483.000000
10863608  0.895000  0.941000  5464.000000  -0.144000  1162.200000
10864531  0.872000  0.961000  5341.500000  -0.166000  1083.600000
10864656  1.408000  3.936000  4993.400000  0.949000  832.600000
10865043  0.923000  1.519000  5795.100000  0.373000  1037.100000
10866969  1.406000  2.955000  5185.900000  0.762000  2670.200000
10867017  0.887000  0.838000  5587.000000  -0.209000  869.300000
10867062  1.993000  5.097000  5331.800000  1.283000  4347.700000
10872983  1.017000  1.106000  5850.000000  0.115000  1620.100000
10873178  1.128000  1.308000  6066.700000  0.322000  1255.000000
10873260  1.284000  1.644000  5952.500000  0.492000  1409.600000
10874215  0.979000  0.968000  5805.300000  -0.016000  1425.500000
10874226  1.118000  1.435000  5936.200000  0.366000  1707.000000
10874614  1.122000  1.262000  5741.400000  0.196000  585.600000
10874926  0.959000  1.014000  5690.800000  -0.010000  1049.400000
10875007  1.189000  1.642000  5890.600000  0.467000  1830.900000
10875245  1.245000  1.437000  5971.200000  0.377000  523.900000
10875937  0.942000  3.290000  4725.900000  0.690000  1324.300000
10876237  1.151000  1.158000  6138.600000  0.237000  614.300000
10877024  1.305000  1.729000  6378.200000  0.653000  1068.200000
10878117  1.076000  1.077000  5917.400000  0.107000  1324.300000
10878263  0.953000  0.890000  5571.300000  -0.161000  414.800000
10879038  1.001000  0.938000  5919.200000  -0.009000  1060.100000
10879208  1.024000  1.959000  5251.100000  0.425000  2717.700000
10879213  nan  nan  nan  nan  nan
10879247  0.751000  0.733000  4791.800000  -0.591000  642.300000
10879656  1.109000  2.209000  5249.100000  0.528000  1654.200000
10879899  1.890000  3.287000  6460.200000  1.231000  1298.700000
10880007  0.790000  0.798000  4931.700000  -0.467000  591.900000
10880507  0.950000  0.944000  5565.500000  -0.111000  721.800000
10881457  1.142000  1.324000  6331.800000  0.406000  1666.000000
10904004  0.710000  0.722000  4808.000000  -0.599000  414.700000
10904857  1.073000  1.063000  6106.500000  0.153000  1147.300000
10905239  1.122000  1.703000  5497.700000  0.382000  923.100000
10905641  1.168000  1.378000  6093.100000  0.376000  785.000000
10905746  nan  nan  nan  nan  nan
10905911  0.876000  1.310000  5406.600000  0.124000  369.400000
10907132  0.982000  1.016000  5771.600000  0.017000  1446.500000
10907307  1.061000  1.141000  5976.600000  0.177000  389.700000
10908248  1.163000  1.559000  5742.500000  0.380000  1107.500000
10909127  0.826000  0.761000  5480.200000  -0.327000  903.500000
10909274  1.560000  2.295000  6552.600000  0.945000  834.900000
10910878  0.765000  0.736000  4851.200000  -0.566000  838.100000
10916600  1.355000  1.720000  6268.900000  0.618000  1023.300000
10917043  0.686000  0.670000  4474.800000  -0.789000  511.300000
10917433  1.026000  1.095000  5900.500000  0.119000  365.400000
10917681  1.281000  2.090000  5969.800000  0.702000  1565.900000
10920086  1.442000  1.670000  6721.700000  0.710000  724.500000
10920281  0.649000  0.673000  4174.700000  -0.910000  353.200000
10920420  1.434000  1.492000  6920.200000  0.665000  689.100000
10920813  2.037000  5.943000  5132.100000  1.352000  2606.100000
10922659  1.086000  1.145000  6055.300000  0.206000  2031.800000
10923260  0.938000  0.974000  5936.100000  0.028000  912.800000
10924340  1.097000  1.481000  5864.200000  0.372000  1060.000000
10924400  0.793000  0.753000  4942.700000  -0.513000  182.800000
10924562  1.242000  1.404000  6318.700000  0.460000  2383.200000
10924853  0.961000  0.986000  5710.500000  -0.028000  1409.700000
10925104  0.731000  0.725000  4472.500000  -0.720000  257.500000
10925113  0.761000  0.757000  4761.300000  -0.576000  572.700000
10928043  1.184000  1.180000  6303.900000  0.300000  628.800000
10932270  1.633000  7.665000  4847.100000  1.469000  1469.900000
10933306  1.174000  1.423000  6102.300000  0.405000  1514.800000
10933561  1.239000  1.608000  5808.800000  0.426000  648.900000
10934313  1.246000  1.274000  6487.200000  0.414000  1518.400000
10934674  0.795000  0.789000  4981.000000  -0.459000  556.800000
10935310  0.873000  1.052000  5371.100000  -0.078000  445.300000
10935993  1.124000  1.307000  6053.800000  0.318000  1474.600000
10936427  1.306000  2.670000  5353.300000  0.727000  1782.200000
10936786  1.007000  1.263000  5761.900000  0.202000  591.800000
10937029  0.894000  0.835000  5316.600000  -0.298000  735.600000
10937609  1.655000  2.744000  6383.800000  1.054000  1605.100000
10937749  1.031000  1.017000  5975.300000  0.077000  952.500000
10958972  1.308000  2.271000  5963.100000  0.771000  1440.800000
10960993  1.625000  2.687000  6226.600000  0.992000  625.000000
10960995  0.865000  1.057000  5178.300000  -0.138000  603.800000
10963065  1.091000  1.237000  6169.100000  0.302000  88.600000
10963242  1.361000  1.847000  6226.500000  0.668000  2029.800000
10964265  1.169000  1.305000  6077.700000  0.324000  1736.600000
10964440  0.950000  1.070000  5739.900000  0.037000  982.200000
10964747  1.182000  2.452000  5214.200000  0.607000  2158.600000
10965008  0.983000  0.927000  5703.800000  -0.085000  789.300000
10965588  0.819000  0.799000  5108.900000  -0.405000  868.600000
10965740  1.492000  3.272000  5362.700000  0.907000  1195.300000
10965963  1.199000  1.908000  5976.100000  0.623000  1312.500000
10967168  1.540000  1.433000  8046.700000  0.892000  554.000000
10971674  1.498000  3.366000  5812.300000  1.072000  2227.400000
10971944  1.143000  1.417000  6546.800000  0.524000  913.800000
10972902  0.977000  1.450000  5833.600000  0.346000  1368.200000
10973583  0.979000  1.301000  5657.600000  0.197000  1862.600000
10973664  0.977000  0.913000  5915.200000  -0.036000  914.400000
10973814  0.973000  0.919000  5707.800000  -0.091000  840.400000
10975146  0.714000  0.713000  4571.900000  -0.699000  324.300000
10976412  nan  nan  nan  nan  nan
10977671  nan  nan  nan  nan  nan
10978581  1.520000  6.851000  4857.100000  1.375000  1471.100000
10978763  0.846000  0.790000  5367.100000  -0.328000  621.600000
10979716  0.699000  0.698000  4303.500000  -0.823000  457.500000
10979952  nan  nan  nan  nan  nan
10982373  1.876000  1.661000  8501.800000  1.118000  796.100000
10982872  1.049000  1.099000  5893.500000  0.120000  547.500000
10984090  0.990000  0.951000  5960.200000  0.017000  396.300000
10987439  1.419000  1.974000  6243.500000  0.730000  369.300000
10987985  0.742000  0.717000  4821.700000  -0.600000  615.300000
10989032  1.895000  1.864000  8504.800000  1.222000  2307.200000
10989274  1.066000  1.439000  5813.600000  0.331000  1192.800000
10989620  1.387000  2.769000  5670.600000  0.856000  2166.500000
10990886  0.535000  0.546000  3750.500000  -1.274000  129.700000
10990917  1.083000  1.090000  6100.000000  0.173000  1119.100000
10991114  0.914000  0.872000  5620.500000  -0.164000  579.600000
10991239  nan  nan  nan  nan  nan
10991389  1.053000  1.064000  5872.900000  0.086000  1066.200000
10991431  1.175000  1.754000  5926.000000  0.536000  1606.800000
10991989  1.647000  6.140000  4882.900000  1.292000  527.400000
10992011  0.712000  0.695000  4765.100000  -0.647000  442.300000
10992733  0.968000  1.489000  5518.200000  0.271000  1409.400000
11013201  1.559000  1.557000  7899.300000  0.933000  224.800000
11014932  0.942000  1.000000  5494.600000  -0.083000  1044.100000
11015108  0.899000  0.878000  5711.100000  -0.129000  457.100000
11015323  0.917000  0.929000  5618.600000  -0.109000  636.600000
11017094  0.856000  0.990000  5292.400000  -0.156000  885.100000
11017901  0.928000  0.863000  5647.500000  -0.165000  269.100000
11018648  0.826000  0.787000  5270.500000  -0.364000  744.700000
11019739  0.805000  0.795000  5046.200000  -0.430000  831.300000
11019987  1.313000  1.645000  6424.900000  0.624000  780.200000
11021252  1.169000  1.295000  6198.000000  0.352000  1516.300000
11021266  1.084000  1.583000  5786.100000  0.407000  2140.000000
11021676  1.173000  3.347000  4939.900000  0.783000  3537.200000
11026304  0.781000  0.785000  4783.800000  -0.534000  765.200000
11026582  1.061000  1.078000  6057.600000  0.151000  998.400000
11027270  1.358000  1.416000  6803.500000  0.589000  378.000000
11027624  1.273000  1.827000  5899.900000  0.565000  817.700000
11027722  1.113000  1.295000  6143.400000  0.336000  1170.600000
11029877  1.266000  1.257000  6650.300000  0.447000  965.400000
11030475  nan  nan  nan  nan  nan
11030711  0.964000  1.144000  5413.000000  0.009000  1471.000000
11032227  1.028000  1.180000  5854.600000  0.172000  1631.900000
11032748  0.801000  0.783000  5604.900000  -0.261000  717.400000
11036168  1.009000  0.982000  5719.000000  -0.029000  1082.200000
11037128  0.946000  0.970000  5652.100000  -0.060000  1125.000000
11037335  1.148000  1.388000  6060.200000  0.372000  1093.300000
11037511  0.848000  0.873000  5257.300000  -0.271000  1103.400000
11037818  1.035000  1.637000  5781.100000  0.435000  1508.000000
11038580  1.072000  2.089000  5004.500000  0.396000  975.600000
11043136  1.041000  1.632000  5631.600000  0.387000  1890.400000
11043167  1.485000  2.149000  6299.700000  0.819000  1607.800000
11044770  1.947000  1.956000  7678.500000  1.083000  1625.500000
11044779  1.357000  2.848000  5377.300000  0.790000  3140.500000
11044826  1.243000  1.326000  6398.900000  0.426000  841.500000
11045383  0.868000  1.074000  5315.500000  -0.078000  441.000000
11046025  0.746000  0.726000  4783.200000  -0.603000  385.300000
11046458  1.018000  1.047000  5499.700000  -0.042000  695.700000
11046723  1.151000  1.445000  6402.400000  0.502000  908.100000
11046870  1.165000  1.244000  6223.000000  0.321000  1518.600000
11068630  0.918000  1.128000  5530.500000  0.025000  1508.200000
11069176  1.048000  1.003000  5945.800000  0.056000  491.200000
11069681  1.052000  6.985000  4864.200000  1.395000  2455.900000
11071200  1.387000  1.585000  6949.900000  0.730000  937.100000
11071207  1.273000  2.183000  6425.400000  0.868000  1691.800000
11072016  1.065000  1.327000  5874.300000  0.280000  1119.700000
11072982  1.006000  4.912000  5001.200000  1.137000  1966.200000
11073223  1.057000  1.580000  5723.400000  0.385000  1618.700000
11073238  1.015000  0.996000  5927.400000  0.045000  664.000000
11073351  1.121000  1.168000  5998.400000  0.204000  1147.600000
11073656  0.867000  0.844000  5523.000000  -0.220000  937.600000
11074178  0.865000  0.823000  5434.200000  -0.273000  936.200000
11074541  0.765000  0.746000  4792.300000  -0.577000  252.500000
11074835  1.213000  3.085000  4971.500000  0.722000  1091.900000
11075279  0.991000  0.956000  5510.600000  -0.118000  471.700000
11075429  1.431000  1.753000  6842.400000  0.784000  916.700000
11075737  0.939000  0.982000  5805.900000  -0.004000  399.900000
11076176  0.874000  1.128000  5255.400000  -0.053000  1233.600000
11076276  1.000000  1.237000  5752.600000  0.182000  1416.000000
11076279  1.532000  2.271000  6533.100000  0.930000  2165.000000
11076400  0.742000  0.716000  4845.300000  -0.592000  393.700000
11080405  0.827000  0.823000  5080.000000  -0.389000  877.100000
11080702  0.939000  0.874000  5512.500000  -0.196000  588.400000
11081504  1.053000  1.034000  6122.100000  0.135000  239.700000
11081512  0.740000  0.729000  4678.600000  -0.637000  528.600000
11082795  1.129000  2.271000  5040.600000  0.480000  1053.300000
11086270  1.121000  1.216000  6211.400000  0.301000  583.700000
11087662  1.278000  1.535000  6526.700000  0.590000  992.500000
11090556  1.114000  1.277000  6092.000000  0.307000  849.200000
11090561  1.335000  11.149000  4972.900000  1.840000  3937.800000
11090765  1.050000  1.048000  5864.600000  0.070000  971.900000
11090926  1.068000  10.279000  4650.800000  1.654000  3497.500000
11092040  1.168000  1.910000  5811.200000  0.577000  1797.000000
11092783  0.674000  0.685000  4236.600000  -0.867000  469.700000
11093335  1.457000  2.871000  6902.300000  1.231000  727.100000
11093538  0.869000  0.962000  5870.000000  -0.001000  1385.400000
11097752  1.309000  4.487000  4764.800000  0.973000  780.200000
11098004  1.197000  1.362000  6052.600000  0.350000  400.600000
11098013  1.451000  1.815000  6353.400000  0.687000  411.900000
11098573  1.080000  1.569000  5779.500000  0.397000  1864.500000
11098704  1.345000  1.794000  6336.000000  0.673000  1235.100000
11099109  nan  nan  nan  nan  nan
11099351  2.290000  2.131000  9666.900000  1.558000  1051.200000
11100170  nan  nan  nan  nan  nan
11100383  0.799000  0.767000  4933.400000  -0.502000  313.200000
11100657  0.827000  0.785000  5328.000000  -0.348000  975.800000
11100670  1.152000  1.972000  5710.300000  0.574000  1099.600000
11121752  1.042000  1.261000  6027.800000  0.279000  809.800000
11122894  0.925000  0.883000  5761.900000  -0.110000  693.500000
11124353  0.676000  0.651000  4681.100000  -0.734000  796.900000
11124436  1.196000  2.165000  5708.400000  0.656000  1692.600000
11124509  1.016000  1.839000  5350.000000  0.400000  1577.700000
11124703  0.785000  0.765000  4974.600000  -0.488000  708.300000
11125613  0.723000  0.694000  4908.600000  -0.597000  626.800000
11125797  0.867000  1.068000  5329.800000  -0.078000  562.900000
11125936  0.995000  1.187000  5756.500000  0.147000  1589.300000
11126381  1.144000  1.115000  6029.300000  0.172000  728.200000
11127479  1.162000  1.377000  5888.300000  0.315000  275.500000
11129145  0.630000  0.618000  4449.100000  -0.869000  191.200000
11129258  0.931000  0.880000  5833.700000  -0.090000  1225.300000
11129738  0.600000  0.590000  4200.600000  -1.005000  423.100000
11133306  1.050000  1.185000  5945.000000  0.201000  331.300000
11134079  0.886000  1.197000  5383.400000  0.039000  987.700000
11134879  0.892000  0.826000  5370.600000  -0.290000  572.700000
11135119  1.272000  4.903000  4995.700000  1.133000  1932.000000
11135308  1.039000  1.226000  6165.600000  0.294000  668.300000
11135694  1.080000  1.465000  5831.500000  0.353000  1913.500000
11137061  0.857000  0.933000  5327.700000  -0.196000  708.800000
11137065  1.067000  2.825000  5065.200000  0.680000  2196.900000
11137180  0.842000  0.959000  5158.300000  -0.228000  957.600000
11138155  1.041000  1.035000  5853.400000  0.056000  1315.300000
11139682  1.154000  1.307000  6141.800000  0.344000  1774.600000
11144439  0.820000  0.831000  5111.400000  -0.369000  945.400000
11145391  0.855000  0.866000  5288.400000  -0.275000  668.500000
11145637  0.870000  0.881000  5363.000000  -0.234000  1072.400000
11145726  1.168000  10.584000  4858.500000  1.750000  3969.600000
11145831  1.027000  1.127000  5876.100000  0.138000  1299.200000
11147276  1.014000  1.465000  5673.300000  0.304000  970.500000
11147460  nan  nan  nan  nan  nan
11147785  1.122000  8.304000  4810.900000  1.526000  1670.300000
11147814  0.758000  0.774000  4609.000000  -0.611000  348.800000
11151677  1.228000  2.087000  5876.700000  0.656000  2188.100000
11152159  0.869000  0.847000  5388.300000  -0.261000  991.900000
11152511  0.955000  1.198000  5432.300000  0.054000  573.300000
11152950  2.206000  4.160000  6726.000000  1.510000  1992.200000
11153121  1.091000  1.483000  5622.600000  0.293000  1022.000000
11153259  2.499000  4.665000  7763.600000  1.862000  1725.000000
11153476  1.329000  1.362000  6470.100000  0.470000  964.600000
11153539  1.057000  1.172000  5945.400000  0.192000  1492.400000
11154043  2.384000  2.885000  9035.300000  1.704000  1580.300000
11176127  0.665000  0.657000  4543.000000  -0.778000  514.400000
11176166  1.055000  1.045000  6041.900000  0.120000  1031.900000
11177543  nan  nan  nan  nan  nan
11177676  0.864000  0.856000  5326.400000  -0.272000  778.600000
11177707  0.846000  0.809000  5142.600000  -0.382000  1013.300000
11179076  0.758000  0.731000  4852.800000  -0.573000  751.200000
11180361  2.319000  3.245000  8428.500000  1.682000  254.900000
11181260  1.282000  1.401000  6477.200000  0.494000  917.200000
11182213  0.805000  0.783000  5578.400000  -0.269000  850.300000
11182260  0.833000  0.862000  5045.900000  -0.360000  305.200000
11182706  1.206000  10.672000  4753.900000  1.725000  2428.400000
11183752  0.884000  0.837000  5417.000000  -0.265000  1095.600000
11187436  0.806000  0.822000  4947.200000  -0.437000  811.900000
11187837  0.605000  0.622000  3990.400000  -1.052000  329.700000
11187972  1.273000  2.102000  5706.900000  0.629000  668.700000
11188249  1.422000  1.898000  6362.400000  0.728000  1348.700000
11188254  1.219000  1.332000  6322.100000  0.409000  1077.500000
11189127  1.169000  1.318000  5852.500000  0.269000  863.400000
11189311  1.364000  1.686000  6316.700000  0.612000  606.400000
11191364  0.846000  2.484000  5099.400000  0.580000  2887.200000
11192141  1.068000  27.636000  4082.600000  2.286000  1505.700000
11192235  0.583000  0.586000  4099.100000  -1.062000  328.800000
11192998  0.822000  0.781000  5256.300000  -0.374000  605.700000
11193263  1.235000  2.058000  5670.400000  0.599000  1367.400000
11193447  nan  nan  nan  nan  nan
11194032  0.738000  0.722000  4609.300000  -0.672000  302.200000
11197126  1.123000  2.685000  4806.400000  0.543000  720.500000
11197853  0.865000  3.243000  4994.700000  0.777000  1295.900000
11198419  0.620000  0.629000  4147.600000  -0.980000  410.300000
11198723  0.970000  1.405000  5576.800000  0.239000  1709.000000
11199233  1.203000  1.604000  6029.800000  0.489000  1202.500000
11199725  1.330000  9.335000  4911.200000  1.675000  2348.200000
11200405  nan  nan  nan  nan  nan
11200415  1.570000  1.920000  6787.100000  0.848000  672.000000
11200767  1.262000  1.722000  6056.500000  0.559000  941.700000
11200773  1.298000  1.965000  6075.300000  0.678000  1215.000000
11228612  1.007000  1.230000  5774.600000  0.184000  1101.600000
11231334  1.805000  2.945000  6304.300000  1.095000  372.500000
11232745  0.846000  0.926000  5244.000000  -0.230000  1243.100000
11233911  1.018000  1.812000  5386.500000  0.400000  1456.500000
11234677  1.193000  1.380000  6196.600000  0.406000  774.200000
11235323  1.170000  3.997000  5022.700000  0.964000  1572.000000
11236244  0.665000  0.671000  4541.100000  -0.761000  426.000000
11237332  1.105000  1.176000  5765.200000  0.146000  445.200000
11240948  1.478000  1.829000  6935.400000  0.843000  852.800000
11241560  0.758000  0.727000  4949.100000  -0.541000  690.100000
11241814  0.904000  1.454000  5629.400000  0.285000  1575.700000
11241912  1.120000  1.141000  6173.900000  0.234000  650.900000
11242721  1.035000  1.399000  5759.700000  0.291000  1854.200000
11243547  0.652000  0.677000  4177.000000  -0.904000  259.300000
11244137  1.153000  1.872000  5455.300000  0.450000  1482.000000
11244571  1.232000  1.906000  6278.800000  0.709000  1424.000000
11244682  nan  nan  nan  nan  nan
11246161  1.036000  1.038000  5949.300000  0.087000  1093.500000
11246364  1.044000  1.329000  5731.600000  0.237000  941.300000
11249624  0.944000  1.600000  5334.900000  0.275000  1938.800000
11250587  1.253000  1.595000  5888.800000  0.444000  665.900000
11250867  1.126000  1.323000  5932.900000  0.295000  735.200000
11251058  1.395000  1.670000  6924.700000  0.761000  1028.700000
11251991  1.361000  1.475000  6822.900000  0.630000  376.200000
11252617  1.097000  1.117000  6127.600000  0.203000  1677.500000
11253711  1.106000  1.776000  5980.900000  0.567000  1160.100000
11253827  0.946000  0.920000  5430.600000  -0.176000  223.500000
11254382  0.989000  0.976000  5669.000000  -0.049000  1166.300000
11255231  1.079000  1.064000  6036.600000  0.133000  1081.500000
11255761  0.922000  0.918000  5575.300000  -0.132000  888.400000
11259686  1.137000  1.127000  6193.200000  0.227000  467.400000
11282568  1.619000  11.354000  4962.700000  1.851000  1638.200000
11283615  0.832000  0.792000  5321.900000  -0.343000  925.000000
11284772  0.542000  0.526000  4146.900000  -1.122000  259.400000
11285136  1.035000  1.390000  5763.600000  0.287000  1845.000000
11285625  1.870000  3.138000  6867.700000  1.297000  521.100000
11285870  1.025000  1.137000  5869.900000  0.143000  1205.900000
11286311  1.034000  2.152000  5105.800000  0.454000  1811.700000
11287726  1.221000  2.384000  5424.100000  0.649000  1545.000000
11288051  0.715000  0.731000  5112.400000  -0.481000  416.700000
11288492  0.880000  0.844000  5444.500000  -0.247000  650.600000
11288505  0.888000  0.857000  5487.000000  -0.219000  1134.400000
11288772  1.023000  1.010000  5797.400000  0.018000  677.600000
11290515  1.179000  1.384000  6081.200000  0.375000  491.100000
11294822  0.762000  0.747000  4712.100000  -0.604000  577.800000
11294883  nan  nan  nan  nan  nan
11295085  1.525000  1.537000  7420.100000  0.812000  727.700000
11295426  1.075000  1.243000  5811.000000  0.203000  143.900000
11296045  1.849000  2.990000  6675.200000  1.206000  1659.900000
11296205  1.075000  1.089000  6057.700000  0.160000  988.000000
11296437  1.652000  2.353000  7029.300000  1.087000  803.300000
11296724  0.912000  1.017000  5761.600000  0.015000  1403.300000
11296798  1.521000  3.239000  6243.300000  1.164000  611.300000
11297236  1.025000  1.466000  5697.800000  0.316000  857.300000
11298298  1.030000  0.999000  5901.700000  0.040000  544.900000
11298442  0.794000  0.927000  5392.300000  -0.181000  413.400000
11298815  0.586000  0.596000  3993.700000  -1.088000  309.200000
11303322  1.175000  1.460000  6076.800000  0.417000  1464.600000
11303811  0.858000  1.024000  5216.900000  -0.151000  1146.800000
11303815  0.766000  0.733000  5025.200000  -0.508000  700.800000
11304958  1.093000  2.194000  5223.000000  0.513000  2275.700000
11304987  0.926000  1.314000  5489.200000  0.153000  1495.000000
11305417  1.356000  1.601000  6505.300000  0.620000  757.800000
11305996  0.610000  0.615000  4143.000000  -1.003000  259.200000
11308499  1.181000  1.747000  6002.000000  0.555000  1813.600000
11336883  1.355000  1.419000  6600.600000  0.539000  567.600000
11337012  0.928000  1.902000  5451.400000  0.463000  2110.300000
11337141  0.584000  0.597000  3916.300000  -1.121000  218.000000
11337372  0.931000  0.939000  5417.300000  -0.162000  996.900000
11337566  1.489000  2.175000  6519.800000  0.890000  542.200000
11337833  0.838000  0.995000  5637.500000  -0.042000  927.400000
11338056  0.752000  0.729000  4956.700000  -0.535000  503.400000
11338091  1.286000  2.102000  6293.400000  0.797000  438.700000
11338918  0.844000  0.804000  5051.300000  -0.420000  366.300000
11340218  1.415000  2.576000  5596.400000  0.773000  2464.500000
11341164  1.344000  1.703000  6793.100000  0.747000  732.000000
11341266  1.299000  1.418000  6356.000000  0.475000  714.500000
11341314  1.103000  1.081000  6227.400000  0.201000  493.800000
11342416  1.213000  1.238000  6381.200000  0.362000  505.500000
11342550  0.973000  1.022000  5690.600000  -0.003000  1214.700000
11342573  1.103000  1.537000  5841.200000  0.398000  2594.300000
11348086  1.087000  1.154000  5994.700000  0.192000  504.200000
11348610  0.806000  0.759000  5287.900000  -0.391000  871.600000
11348997  0.547000  0.560000  3738.100000  -1.256000  258.200000
11350118  0.676000  0.662000  4382.100000  -0.834000  512.600000
11350389  0.801000  0.805000  5044.200000  -0.422000  903.700000
11350634  1.357000  4.305000  4877.200000  0.977000  1184.600000
11351454  1.068000  1.096000  5830.200000  0.100000  1474.200000
11355925  0.843000  1.201000  5490.500000  0.076000  853.800000
11356260  0.846000  0.845000  5251.100000  -0.308000  836.500000
11356602  1.122000  1.089000  6100.300000  0.173000  524.200000
11357185  nan  nan  nan  nan  nan
11357192  0.849000  0.981000  5034.200000  -0.253000  372.700000
11357664  0.640000  0.633000  4211.800000  -0.933000  348.400000
11358305  1.248000  1.343000  6537.900000  0.477000  910.000000
11358389  0.892000  0.900000  5735.300000  -0.098000  830.800000
11358392  1.211000  1.965000  6221.600000  0.720000  1236.900000
11359305  1.232000  1.498000  6261.500000  0.494000  869.900000
11359879  1.085000  1.215000  5734.700000  0.160000  737.000000
11360571  1.598000  2.171000  6553.700000  0.896000  1377.200000
11360805  0.831000  0.785000  5277.800000  -0.364000  635.200000
11361283  0.767000  0.746000  4897.000000  -0.537000  876.600000
11361646  1.199000  1.585000  6009.900000  0.471000  1051.900000
11389771  0.986000  0.959000  5576.300000  -0.094000  718.500000
11390109  nan  nan  nan  nan  nan
11391018  0.777000  0.766000  4887.800000  -0.518000  435.100000
11391181  0.889000  1.210000  5387.100000  0.050000  1217.600000
11391512  0.732000  0.721000  4624.600000  -0.669000  720.200000
11391667  0.992000  1.104000  5528.500000  0.014000  414.800000
11391755  1.143000  1.751000  5838.900000  0.511000  2445.000000
11391957  0.803000  0.755000  5318.700000  -0.383000  795.100000
11392017  1.073000  6.806000  4889.600000  1.381000  2398.700000
11392362  1.102000  1.310000  5988.100000  0.301000  1464.700000
11392618  1.075000  1.621000  5738.000000  0.412000  442.200000
11393248  0.810000  0.802000  5373.900000  -0.312000  895.400000
11393633  0.885000  1.118000  5412.700000  -0.014000  1046.100000
11394027  nan  nan  nan  nan  nan
11395587  1.008000  0.989000  5803.300000  0.001000  526.900000
11400356  0.913000  1.297000  5372.800000  0.106000  1678.300000
11401182  0.712000  0.687000  4814.600000  -0.639000  432.100000
11401253  0.842000  0.939000  5046.400000  -0.286000  305.300000
11401755  1.033000  1.663000  5804.200000  0.454000  525.900000
11401767  1.130000  1.267000  6230.200000  0.342000  1482.000000
11401822  0.845000  0.838000  5300.900000  -0.298000  1643.100000
11401845  1.690000  2.879000  7297.700000  1.330000  3433.100000
11401869  nan  nan  nan  nan  nan
11402995  1.025000  1.231000  5820.800000  0.198000  810.000000
11403044  1.097000  1.309000  5969.100000  0.296000  2014.700000
11403216  1.194000  1.484000  5758.400000  0.341000  2068.900000
11403339  0.926000  0.874000  5353.500000  -0.247000  569.700000
11403389  0.948000  0.944000  5328.900000  -0.186000  897.700000
11403530  1.120000  1.496000  5942.200000  0.403000  752.400000
11404644  1.086000  1.713000  5714.300000  0.453000  1937.400000
11407847  1.111000  2.207000  5255.700000  0.529000  2273.000000
11408935  1.119000  1.807000  5732.700000  0.505000  2136.100000
11409698  1.228000  1.471000  6230.000000  0.472000  1001.600000
11410904  1.020000  0.985000  5728.200000  -0.025000  1033.200000
11411639  0.845000  0.868000  5244.700000  -0.286000  1082.400000
11413812  1.087000  1.168000  6038.100000  0.215000  982.000000
11414368  0.950000  1.314000  5811.400000  0.252000  1258.600000
11414465  0.716000  0.710000  4785.600000  -0.621000  538.200000
11414511  0.991000  0.953000  5594.700000  -0.094000  941.200000
11415243  0.735000  0.716000  4696.900000  -0.647000  334.800000
11442465  0.781000  0.771000  4959.800000  -0.489000  863.400000
11442793  1.183000  1.188000  6226.100000  0.283000  847.300000
11443757  1.386000  4.916000  4949.900000  1.120000  1908.900000
11444514  1.063000  1.656000  5681.400000  0.414000  2092.500000
11444772  0.751000  0.738000  4599.200000  -0.657000  708.900000
11444952  0.901000  1.038000  5495.100000  -0.050000  704.900000
11444974  1.139000  2.531000  5322.900000  0.670000  1243.100000
11446424  1.012000  1.921000  5247.700000  0.406000  2643.100000
11446443  0.978000  1.051000  5730.000000  0.032000  214.800000
11446961  0.830000  0.831000  5069.100000  -0.384000  454.500000
11449696  1.168000  2.138000  5819.400000  0.678000  2758.800000
11449844  0.897000  0.834000  5355.100000  -0.286000  444.700000
11449918  0.897000  1.804000  5278.100000  0.361000  1503.000000
11450414  1.049000  1.436000  5929.700000  0.363000  1291.000000
11453349  1.179000  2.003000  5805.600000  0.616000  1902.900000
11453592  0.492000  0.502000  3663.400000  -1.389000  102.900000
11453930  1.271000  1.374000  6543.100000  0.495000  789.300000
11455181  0.988000  1.515000  5540.300000  0.294000  1963.000000
11455428  0.803000  0.763000  4973.200000  -0.489000  502.300000
11455484  nan  nan  nan  nan  nan
11455491  1.255000  1.324000  6454.100000  0.442000  865.800000
11455795  0.608000  0.591000  4302.300000  -0.970000  423.400000
11456256  1.330000  1.790000  6451.000000  0.701000  679.400000
11456279  1.591000  1.896000  7453.200000  1.005000  1033.300000
11456382  1.052000  1.108000  6021.100000  0.164000  308.800000
11456405  0.845000  0.824000  5267.100000  -0.325000  855.800000
11456839  1.243000  10.218000  4689.200000  1.669000  3643.600000
11457191  0.961000  2.310000  5526.700000  0.655000  1777.700000
11457664  1.105000  1.598000  5838.100000  0.429000  1264.500000
11457726  1.153000  1.194000  6264.900000  0.300000  936.300000
11460018  0.908000  0.955000  5514.000000  -0.116000  1156.100000
11460462  1.338000  1.452000  6371.800000  0.497000  527.700000
11461433  0.772000  0.752000  4981.900000  -0.502000  414.900000
11461844  1.234000  1.946000  5982.000000  0.643000  1733.800000
11462341  0.725000  0.738000  4484.600000  -0.701000  289.300000
11462556  1.564000  1.850000  6772.400000  0.804000  500.300000
11462969  1.100000  1.893000  5516.800000  0.478000  1200.000000
11463211  1.155000  2.048000  5618.300000  0.580000  2546.300000
11463950  1.768000  2.287000  7146.800000  1.090000  1671.600000
11465651  1.242000  1.371000  6353.900000  0.446000  1481.000000
11465658  0.841000  0.854000  5223.100000  -0.307000  824.500000
11465813  0.967000  0.894000  5809.400000  -0.084000  1105.300000
11465869  0.786000  0.793000  5287.400000  -0.352000  161.300000
11465950  nan  nan  nan  nan  nan
11466960  1.518000  1.835000  7003.700000  0.863000  1279.000000
11493378  0.924000  1.293000  5637.000000  0.185000  867.200000
11493431  nan  nan  nan  nan  nan
11493732  1.157000  1.500000  5995.600000  0.418000  1964.000000
11494130  1.265000  1.707000  6478.400000  0.669000  365.300000
11495458  0.642000  0.637000  4658.400000  -0.762000  339.900000
11495766  1.340000  2.148000  5821.200000  0.680000  1103.900000
11495989  0.760000  0.798000  4928.000000  -0.469000  415.300000
11496490  nan  nan  nan  nan  nan
11497958  nan  nan  nan  nan  nan
11497977  0.873000  0.867000  5371.100000  -0.247000  722.100000
11498128  1.043000  1.520000  5725.200000  0.354000  1296.900000
11499192  1.419000  2.644000  6091.400000  0.943000  2966.700000
11499228  1.227000  1.683000  6019.300000  0.527000  1323.400000
11499263  0.929000  1.278000  5520.900000  0.139000  1418.900000
11499757  1.031000  1.647000  5893.300000  0.465000  1674.900000
11501492  1.058000  1.426000  5891.800000  0.347000  1699.600000
11501774  0.772000  0.752000  4909.400000  -0.528000  656.400000
11502172  1.177000  1.530000  5817.100000  0.386000  1104.700000
11502179  1.025000  0.956000  5536.400000  -0.110000  1174.300000
11502218  nan  nan  nan  nan  nan
11502867  0.880000  0.893000  5609.000000  -0.146000  840.800000
11506235  0.903000  0.912000  5547.400000  -0.148000  860.900000
11506654  1.091000  1.237000  5894.100000  0.224000  1045.300000
11506938  1.390000  1.864000  6610.000000  0.782000  536.600000
11507101  0.961000  0.959000  5580.700000  -0.093000  1030.700000
11508644  0.902000  0.857000  5718.700000  -0.148000  993.700000
11509504  0.991000  1.213000  5736.500000  0.160000  1436.200000
11512246  1.064000  1.504000  5879.200000  0.388000  831.800000
11513366  1.016000  7.728000  4519.900000  1.358000  2530.800000
11513441  0.879000  2.056000  5126.600000  0.424000  1079.300000
11513486  0.884000  0.828000  5707.600000  -0.181000  1258.300000
11516930  1.210000  2.534000  5204.200000  0.632000  1559.900000
11517719  1.027000  1.499000  6013.500000  0.425000  1094.300000
11518142  0.939000  1.528000  5628.600000  0.328000  1426.800000
11518201  0.843000  0.823000  5254.800000  -0.329000  879.500000
11519134  1.390000  1.897000  6404.400000  0.740000  970.500000
11519187  0.730000  0.632000  4587.300000  -0.730000  586.100000
11519226  1.131000  1.595000  5890.600000  0.444000  710.800000
11520114  0.730000  0.705000  4792.400000  -0.624000  742.200000
11520459  0.854000  0.878000  5285.500000  -0.262000  874.500000
11520465  1.298000  1.760000  6488.500000  0.698000  1301.300000
11521048  0.962000  1.068000  5641.600000  0.025000  1011.200000
11521793  1.110000  1.304000  6023.000000  0.306000  806.400000
11546211  nan  nan  nan  nan  nan
11547505  0.915000  0.907000  5625.100000  -0.128000  535.300000
11547513  0.992000  0.967000  6032.300000  0.049000  334.800000
11547869  0.508000  0.517000  3711.100000  -1.339000  300.400000
11548140  0.507000  0.521000  3591.400000  -1.387000  174.900000
11551652  1.842000  1.863000  7389.000000  0.973000  672.300000
11551692  nan  nan  nan  nan  nan
11551715  1.127000  2.388000  5137.100000  0.559000  2275.100000
11553598  1.079000  1.127000  6039.000000  0.185000  1350.300000
11553706  1.021000  1.053000  6106.900000  0.145000  550.000000
11554435  0.966000  0.908000  5485.700000  -0.170000  194.500000
11558217  1.311000  2.340000  6288.900000  0.891000  1505.300000
11558882  1.050000  1.478000  5983.000000  0.404000  2025.500000
11559304  0.501000  0.506000  3781.300000  -1.324000  240.400000
11559493  0.964000  0.933000  5812.800000  -0.046000  1265.000000
11560037  0.873000  0.851000  5405.000000  -0.252000  997.000000
11560382  0.977000  1.597000  5610.900000  0.361000  1832.200000
11560397  1.469000  1.752000  6886.700000  0.800000  1320.300000
11560431  0.996000  1.679000  5234.300000  0.283000  128.000000
11560447  0.862000  0.976000  5202.200000  -0.199000  125.000000
11560897  1.159000  1.368000  5890.400000  0.310000  912.900000
11564013  0.886000  1.151000  5398.800000  0.011000  1238.600000
11565544  0.926000  0.897000  5621.700000  -0.139000  814.800000
11565903  1.171000  6.449000  5035.700000  1.384000  2022.000000
11565924  nan  nan  nan  nan  nan
11566064  1.349000  1.515000  6746.900000  0.635000  1004.400000
11566256  0.967000  0.946000  5773.800000  -0.046000  1054.000000
11568224  1.084000  1.245000  5971.200000  0.256000  1434.000000
11568987  nan  nan  nan  nan  nan
11569475  1.346000  1.434000  6669.000000  0.564000  987.600000
11569782  0.716000  0.703000  4560.500000  -0.714000  358.000000
11570749  0.821000  0.781000  5231.700000  -0.383000  459.900000
11572193  1.578000  2.558000  6094.700000  0.912000  1517.600000
11598638  1.162000  1.299000  6306.800000  0.385000  914.600000
11598894  nan  nan  nan  nan  nan
11599038  0.985000  1.026000  5775.300000  0.026000  1282.800000
11599264  0.896000  1.110000  5456.600000  -0.002000  1611.600000
11599800  1.019000  1.047000  5887.300000  0.077000  1281.700000
11599937  nan  nan  nan  nan  nan
11600299  0.889000  80.693000  3679.100000  3.036000  5614.500000
11600889  1.013000  1.032000  5485.000000  -0.060000  337.500000
11601357  0.846000  0.867000  5245.500000  -0.285000  1071.000000
11601425  0.947000  1.362000  5536.800000  0.199000  1215.800000
11601584  0.894000  0.843000  5274.800000  -0.303000  502.700000
11601597  nan  nan  nan  nan  nan
11601633  0.817000  0.804000  5134.200000  -0.391000  500.800000
11601972  1.187000  1.642000  6184.200000  0.552000  972.500000
11602794  0.811000  0.752000  5306.200000  -0.391000  888.100000
11603298  1.330000  1.705000  6511.300000  0.675000  1283.000000
11607176  0.985000  1.178000  5731.300000  0.134000  969.900000
11607193  1.515000  1.810000  7278.400000  0.918000  979.000000
11611275  1.038000  1.138000  5905.400000  0.156000  1369.000000
11611600  0.737000  0.718000  4735.800000  -0.629000  532.700000
11612241  1.164000  2.059000  5607.800000  0.585000  1361.500000
11612280  1.122000  1.367000  5943.300000  0.325000  1021.300000
11614528  1.401000  2.218000  6155.000000  0.807000  3377.400000
11614617  1.219000  1.633000  6044.400000  0.509000  1474.000000
11614808  1.115000  1.648000  5897.800000  0.472000  741.400000
11615258  1.157000  1.479000  6228.800000  0.475000  1586.800000
11615481  1.218000  2.118000  5773.600000  0.657000  2908.400000
11615521  1.279000  3.971000  4851.200000  0.897000  1127.100000
11616200  1.174000  1.543000  6097.200000  0.473000  925.000000
11616434  0.802000  0.759000  4900.700000  -0.483000  782.700000
11616596  1.180000  1.565000  5994.700000  0.459000  625.200000
11616631  1.193000  2.446000  5255.500000  0.620000  2995.700000
11616663  0.944000  1.245000  5583.400000  0.136000  1306.200000
11618569  1.046000  0.998000  6028.400000  0.076000  817.200000
11618601  0.858000  0.835000  5334.900000  -0.291000  937.100000
11618798  0.884000  0.951000  5423.500000  -0.148000  1066.700000
11619964  0.843000  1.280000  5429.100000  0.112000  988.800000
11621223  1.230000  1.289000  6174.600000  0.340000  685.100000
11621897  1.329000  2.026000  6106.300000  0.714000  1938.100000
11622600  0.616000  0.611000  4269.400000  -0.949000  366.900000
11622985  0.971000  0.930000  5903.100000  -0.022000  1202.000000
11623629  0.887000  0.855000  5540.000000  -0.206000  155.900000
11624249  0.912000  0.919000  5449.600000  -0.170000  460.100000
11649292  1.563000  9.108000  4780.100000  1.595000  3582.000000
11650401  0.833000  0.893000  5171.600000  -0.287000  1155.700000
11650543  1.003000  1.086000  5714.200000  0.056000  596.600000
11651105  1.098000  1.951000  5522.700000  0.507000  1654.500000
11651240  1.100000  2.027000  5280.000000  0.460000  724.800000
11651712  1.044000  1.163000  5914.400000  0.176000  725.600000
11652427  0.726000  0.709000  4755.700000  -0.634000  213.600000
11654039  0.970000  0.964000  5809.100000  -0.019000  482.700000
11655826  0.883000  0.825000  5523.600000  -0.240000  952.100000
11656246  1.308000  1.386000  6403.100000  0.467000  650.300000
11656302  nan  nan  nan  nan  nan
11656721  0.858000  0.899000  5418.600000  -0.199000  765.100000
11656840  1.030000  1.369000  5762.800000  0.273000  1640.900000
11656918  0.939000  0.924000  5334.700000  -0.204000  692.500000
11656928  1.568000  2.482000  6806.200000  1.078000  1352.800000
11657614  0.740000  0.710000  4832.300000  -0.604000  460.800000
11657891  0.851000  0.870000  5268.600000  -0.277000  605.800000
11658036  1.223000  1.375000  6296.000000  0.430000  1105.200000
11661803  1.048000  1.296000  5850.500000  0.252000  1574.000000
11662184  1.021000  1.224000  5916.300000  0.221000  1205.100000
11662440  0.855000  0.917000  5296.400000  -0.225000  1231.800000
11666881  1.273000  1.415000  6357.700000  0.473000  844.400000
11667548  1.007000  1.003000  5891.400000  0.041000  1486.000000
11669125  0.873000  0.919000  5767.500000  -0.072000  419.700000
11669239  0.888000  0.948000  5436.100000  -0.148000  692.600000
11670125  0.725000  0.705000  4698.200000  -0.658000  765.700000
11670599  1.129000  1.592000  5888.800000  0.442000  1339.200000
11671429  2.063000  3.373000  7498.900000  1.514000  888.500000
11671579  0.972000  1.159000  5559.700000  0.072000  851.700000
11671646  0.807000  0.819000  5015.800000  -0.417000  532.300000
11672354  0.955000  1.010000  5670.300000  -0.041000  1368.900000
11673674  0.840000  0.970000  5886.300000  0.011000  574.500000
11673686  1.169000  2.002000  6213.400000  0.734000  525.400000
11673802  1.286000  3.613000  4875.000000  0.825000  1146.600000
11674709  1.072000  7.892000  4803.000000  1.479000  1158.600000
11701407  0.801000  0.771000  5112.700000  -0.435000  732.100000
11702948  0.975000  1.068000  5737.400000  0.049000  843.100000
11704044  0.881000  1.122000  5385.600000  -0.015000  1443.300000
11705004  0.785000  0.749000  5162.600000  -0.443000  1003.900000
11706658  0.710000  0.713000  4580.300000  -0.693000  352.500000
11709006  0.958000  1.011000  5623.500000  -0.033000  65.600000
11709022  0.640000  0.645000  4196.600000  -0.934000  61.500000
11709124  0.986000  1.058000  5745.800000  0.043000  910.700000
11709244  0.875000  0.841000  5366.700000  -0.276000  824.300000
11709423  0.828000  0.912000  5064.700000  -0.305000  947.700000
11714107  0.894000  0.915000  5455.300000  -0.173000  1019.700000
11714231  1.144000  1.294000  5808.600000  0.237000  1602.400000
11716643  0.948000  1.026000  5777.800000  0.026000  927.700000
11718144  0.958000  0.910000  5678.800000  -0.108000  802.900000
11718389  0.586000  0.586000  4131.900000  -1.054000  360.600000
11720424  1.192000  1.527000  6070.700000  0.459000  2123.900000
11722217  nan  nan  nan  nan  nan
11724091  1.573000  2.333000  6621.700000  0.978000  1657.700000
11724094  1.142000  1.290000  6120.000000  0.325000  1027.100000
11724210  1.167000  1.931000  5794.300000  0.580000  1759.100000
11752632  0.868000  1.091000  5767.800000  0.077000  714.400000
11752906  0.631000  0.661000  3990.500000  -1.001000  316.500000
11752908  0.800000  0.769000  5131.800000  -0.431000  841.700000
11754430  1.220000  1.922000  5829.700000  0.586000  900.800000
11754553  0.624000  0.630000  4163.900000  -0.970000  320.900000
11756821  0.699000  0.690000  4464.300000  -0.768000  460.200000
11757422  0.636000  0.626000  4222.200000  -0.940000  397.900000
11757451  0.741000  0.715000  4789.900000  -0.612000  811.300000
11758544  1.233000  1.554000  6095.200000  0.480000  465.700000
11760231  0.827000  0.873000  5107.600000  -0.329000  326.200000
11760860  1.042000  1.013000  5687.100000  -0.013000  382.900000
11760931  1.026000  1.024000  5830.800000  0.039000  784.600000
11760959  0.783000  0.802000  4818.600000  -0.504000  608.800000
11761199  nan  nan  nan  nan  nan
11763910  1.360000  1.775000  6585.700000  0.731000  1333.500000
11764462  0.797000  0.782000  5175.100000  -0.399000  328.500000
11768142  nan  nan  nan  nan  nan
11768970  1.054000  2.587000  5145.500000  0.631000  740.100000
11769146  1.020000  1.290000  5773.600000  0.225000  874.200000
11769689  1.154000  1.843000  5830.100000  0.551000  1722.000000
11769801  1.611000  2.565000  6466.500000  1.019000  688.700000
11769890  0.929000  0.871000  5441.100000  -0.221000  490.600000
11771430  1.231000  1.307000  6057.500000  0.318000  826.100000
11773022  0.894000  0.841000  5634.800000  -0.189000  788.300000
11773174  1.645000  2.504000  6603.800000  1.034000  771.000000
11773328  0.857000  0.994000  5293.700000  -0.151000  818.000000
11773625  1.183000  1.808000  5827.900000  0.532000  907.400000
11774303  1.396000  1.679000  6668.100000  0.704000  2376.600000
11774383  nan  nan  nan  nan  nan
11774387  0.873000  0.811000  5791.300000  -0.173000  1126.400000
11774991  0.739000  0.713000  4652.800000  -0.668000  188.200000
11775507  1.845000  3.799000  6520.700000  1.381000  1243.800000
11775530  nan  nan  nan  nan  nan
11802615  1.010000  1.067000  5967.800000  0.117000  467.000000
11803074  1.156000  2.215000  5400.700000  0.580000  3027.500000
11804437  0.978000  1.048000  5906.200000  0.083000  343.400000
11804465  1.146000  1.525000  5911.500000  0.409000  877.400000
11804952  1.305000  8.377000  4670.900000  1.481000  2813.300000
11805075  0.885000  1.229000  5357.500000  0.054000  986.000000
11807274  1.274000  1.557000  6402.400000  0.567000  249.200000
11807906  1.157000  7.475000  4719.400000  1.400000  2998.100000
11810124  0.893000  0.874000  5495.100000  -0.199000  977.900000
11811193  1.236000  1.319000  6338.500000  0.404000  476.800000
11811382  0.880000  0.861000  5208.000000  -0.306000  458.100000
11811454  1.578000  2.447000  6482.200000  0.982000  640.100000
11812062  0.851000  0.819000  5330.400000  -0.308000  922.400000
11812199  0.965000  0.961000  5729.100000  -0.046000  739.300000
11817750  1.509000  2.228000  6733.100000  0.961000  940.600000
11818566  0.749000  0.719000  4833.200000  -0.593000  728.600000
11818607  0.983000  1.290000  5680.600000  0.196000  1128.800000
11818800  1.121000  2.268000  5225.300000  0.543000  2321.800000
11818872  0.950000  0.902000  5355.000000  -0.218000  438.800000
11819135  1.406000  2.309000  6119.300000  0.831000  2703.300000
11819396  0.946000  0.905000  5760.600000  -0.088000  998.700000
11820830  1.589000  1.901000  6962.600000  0.888000  780.400000
11821363  0.746000  0.744000  4631.700000  -0.638000  697.700000
11823054  0.823000  0.788000  5238.500000  -0.371000  610.400000
11824218  1.516000  11.279000  4853.100000  1.809000  4125.000000
11824222  0.898000  1.155000  5284.100000  -0.024000  771.700000
11824578  1.548000  2.312000  6753.700000  1.004000  1632.300000
11824786  1.057000  1.129000  6218.700000  0.237000  1307.300000
11825057  nan  nan  nan  nan  nan
11825996  1.396000  2.236000  6319.900000  0.857000  1028.900000
11826400  1.478000  1.517000  7289.100000  0.769000  726.200000
11852982  0.571000  0.580000  3925.200000  -1.141000  154.500000
11853130  0.641000  0.668000  4106.300000  -0.943000  395.600000
11853255  0.617000  0.611000  4254.800000  -0.955000  329.000000
11853878  0.681000  0.667000  4413.000000  -0.817000  289.900000
11853905  1.216000  1.502000  5968.200000  0.412000  485.700000
11854061  0.809000  0.870000  4813.700000  -0.437000  683.800000
11854636  0.920000  0.952000  5557.000000  -0.106000  1158.700000
11855538  1.296000  1.804000  5990.100000  0.578000  600.600000
11856178  1.068000  1.067000  5988.200000  0.122000  296.600000
11858541  1.530000  3.053000  5360.700000  0.844000  1979.400000
11858741  nan  nan  nan  nan  nan
11858748  0.913000  0.883000  5592.800000  -0.160000  1149.900000
11858979  1.207000  1.347000  6249.800000  0.399000  1087.700000
11860294  1.198000  1.219000  6142.800000  0.282000  537.000000
11860395  1.151000  1.891000  5554.000000  0.491000  2357.300000
11867071  1.261000  1.523000  6279.000000  0.516000  1370.100000
11867608  1.125000  1.286000  6327.500000  0.382000  806.100000
11867733  1.086000  1.783000  5664.400000  0.473000  1351.500000
11868122  1.147000  1.288000  6016.700000  0.294000  876.900000
11868941  1.148000  1.170000  6130.500000  0.242000  832.400000
11869052  1.355000  1.871000  6656.400000  0.795000  784.000000
11870545  0.699000  0.668000  4848.900000  -0.651000  779.000000
11872139  1.180000  1.183000  6153.200000  0.260000  618.100000
11872364  1.199000  2.619000  5137.100000  0.639000  2151.600000
11873166  1.140000  1.379000  6045.300000  0.363000  820.500000
11873171  1.049000  1.037000  6062.500000  0.120000  1614.300000
11874338  1.303000  3.371000  5032.600000  0.821000  1548.500000
11874577  1.190000  1.501000  6087.700000  0.451000  1616.800000
11875511  nan  nan  nan  nan  nan
11875734  0.979000  1.357000  5635.000000  0.227000  1021.800000
11904151  0.930000  1.066000  5730.100000  0.045000  185.000000
11904704  0.815000  0.792000  5125.900000  -0.407000  601.000000
11904734  0.792000  0.778000  4823.700000  -0.529000  667.200000
11904835  1.138000  1.955000  5650.600000  0.550000  2894.700000
11905011  1.181000  1.336000  6079.400000  0.344000  453.000000
11905398  0.754000  0.712000  5188.300000  -0.478000  866.300000
11905409  0.976000  1.010000  5583.800000  -0.045000  1473.700000
11906217  0.792000  0.826000  4881.400000  -0.456000  443.900000
11909686  1.225000  1.467000  5904.400000  0.376000  1181.600000
11909839  1.018000  1.556000  5698.500000  0.365000  2050.600000
11910670  1.213000  2.264000  5377.900000  0.589000  1208.700000
11911561  1.029000  1.750000  5499.000000  0.404000  916.800000
11911580  1.131000  1.154000  6094.300000  0.220000  871.900000
11911929  1.121000  5.728000  4890.200000  1.231000  1899.600000
11912911  0.811000  0.789000  5116.900000  -0.414000  865.600000
11912916  1.067000  1.485000  5790.100000  0.352000  2466.500000
11912932  0.923000  0.923000  5572.000000  -0.129000  688.300000
11912941  1.052000  1.226000  5900.700000  0.219000  1464.600000
11912987  0.969000  0.972000  5741.000000  -0.032000  541.400000
11913012  1.315000  2.362000  5919.500000  0.792000  2349.500000
11913013  nan  nan  nan  nan  nan
11913052  1.245000  5.830000  4708.600000  1.175000  2200.100000
11913071  1.718000  2.233000  7291.500000  1.106000  302.500000
11913072  1.123000  1.320000  6039.300000  0.324000  1206.100000
11913073  0.859000  0.963000  5324.900000  -0.170000  459.700000
11918099  0.782000  0.769000  4801.700000  -0.546000  661.300000
11918482  nan  nan  nan  nan  nan
11918793  0.908000  0.865000  5417.400000  -0.235000  1030.100000
11922290  0.961000  1.086000  5351.500000  -0.045000  642.800000
11922648  0.961000  1.161000  5669.500000  0.101000  957.200000
11922678  1.166000  1.386000  6203.900000  0.411000  908.800000
11922722  0.935000  0.860000  5315.300000  -0.272000  464.500000
11922778  0.995000  1.520000  5582.900000  0.309000  1436.200000
11922782  1.017000  1.729000  5713.400000  0.461000  233.700000
11923074  0.884000  0.837000  5529.100000  -0.229000  755.100000
11923213  1.029000  1.086000  6116.100000  0.174000  877.600000
11923270  0.549000  0.558000  3829.700000  -1.218000  290.100000
11923284  1.008000  0.995000  5970.300000  0.056000  542.000000
11923819  nan  nan  nan  nan  nan
11924426  1.165000  1.510000  6178.900000  0.477000  1041.200000
11954842  0.996000  1.216000  6208.500000  0.299000  624.900000
11955499  nan  nan  nan  nan  nan
11959569  1.444000  2.715000  5297.900000  0.723000  723.400000
11959893  1.515000  2.837000  6383.800000  1.083000  1303.800000
11960862  1.088000  1.613000  5779.700000  0.422000  1915.500000
11962284  0.752000  0.733000  5090.100000  -0.486000  633.900000
11963206  0.925000  0.895000  5712.300000  -0.112000  1018.900000
11966253  1.001000  1.980000  5507.100000  0.514000  1581.700000
11966557  1.024000  1.518000  5661.500000  0.333000  1974.900000
11966643  1.162000  1.564000  6043.700000  0.469000  953.800000
11966668  0.748000  0.717000  4957.800000  -0.552000  782.300000
11967004  1.105000  1.295000  6361.100000  0.397000  956.200000
11967788  1.620000  1.817000  7363.200000  0.954000  1107.000000
11967872  0.954000  1.491000  5462.500000  0.255000  1869.100000
11968463  1.071000  1.100000  6035.600000  0.163000  1427.400000
11968490  1.358000  1.766000  6625.000000  0.736000  1214.100000
11968513  nan  nan  nan  nan  nan
11968514  1.066000  10.549000  4850.700000  1.748000  1487.300000
11969092  0.780000  0.785000  4873.400000  -0.503000  666.500000
11969988  1.158000  1.290000  5977.000000  0.285000  489.700000
11970050  0.895000  0.848000  5632.600000  -0.184000  1155.000000
11970288  1.845000  3.153000  6765.500000  1.274000  841.700000
11970988  0.835000  0.791000  5002.000000  -0.451000  331.400000
11972666  0.837000  0.844000  5195.900000  -0.327000  633.100000
11972872  0.881000  1.158000  5173.600000  -0.060000  963.600000
11973517  0.673000  0.664000  4318.300000  -0.858000  498.300000
11974540  1.329000  1.545000  6678.300000  0.636000  926.100000
11975363  1.160000  1.672000  5918.000000  0.492000  2097.100000
12004656  nan  nan  nan  nan  nan
12004679  0.933000  1.229000  5559.300000  0.116000  560.400000
12004680  0.863000  0.899000  5326.700000  -0.229000  976.300000
12004689  0.831000  0.803000  5018.500000  -0.362000  1035.200000
12004971  1.447000  1.677000  6614.500000  0.685000  464.200000
12007270  0.836000  0.863000  5702.900000  -0.147000  532.500000
12008872  nan  nan  nan  nan  nan
12008916  1.360000  4.899000  4862.600000  1.083000  788.700000
12009347  0.739000  0.748000  4496.000000  -0.684000  517.000000
12009917  0.953000  1.015000  5976.600000  0.075000  520.600000
12010534  0.993000  1.559000  5544.800000  0.320000  1722.300000
12012439  0.867000  0.878000  5340.600000  -0.245000  897.900000
12012872  0.953000  1.267000  5593.700000  0.145000  720.100000
12013615  1.298000  2.156000  6023.700000  0.744000  1423.800000
12016243  1.068000  1.635000  5727.500000  0.401000  1866.200000
12016267  1.447000  2.135000  6370.900000  0.832000  593.800000
12017109  0.899000  0.852000  5627.300000  -0.181000  926.000000
12017140  1.095000  1.244000  6067.200000  0.280000  868.800000
12019440  1.102000  1.067000  5977.500000  0.119000  1148.300000
12020218  0.965000  1.021000  5761.900000  0.018000  1248.000000
12020329  1.085000  1.897000  5536.700000  0.487000  1798.400000
12020376  0.862000  1.060000  5307.200000  -0.093000  525.200000
12021387  2.323000  2.807000  9921.800000  1.843000  933.000000
12021625  0.819000  0.826000  5111.200000  -0.375000  949.900000
12021811  0.629000  0.640000  4158.100000  -0.960000  456.700000
12021943  1.077000  1.217000  5804.600000  0.183000  772.100000
12022517  1.257000  2.440000  5505.200000  0.697000  3010.400000
12022718  0.931000  1.251000  5590.600000  0.142000  1042.000000
12023078  1.577000  3.654000  5196.900000  0.947000  1081.400000
12023089  0.963000  2.020000  5080.300000  0.391000  2118.700000
12024120  1.158000  1.273000  6021.200000  0.286000  390.300000
12053823  1.144000  1.322000  6331.200000  0.403000  932.400000
12055539  0.955000  0.914000  5787.700000  -0.072000  770.600000
12056139  1.232000  1.657000  6064.200000  0.529000  1980.400000
12058147  1.111000  1.321000  6146.800000  0.353000  736.400000
12058204  1.060000  1.339000  5711.300000  0.237000  1084.200000
12058931  1.142000  1.360000  5974.900000  0.330000  1535.100000
12061096  0.928000  1.197000  5549.000000  0.092000  1567.200000
12061222  0.794000  0.768000  5112.800000  -0.438000  504.700000
12061238  0.762000  0.729000  5096.600000  -0.488000  662.900000
12061969  0.770000  0.761000  4846.400000  -0.538000  769.900000
12062660  nan  nan  nan  nan  nan
12062667  1.305000  1.597000  6390.700000  0.574000  719.600000
12066335  0.575000  0.570000  4129.700000  -1.072000  313.100000
12066569  0.569000  0.571000  4049.500000  -1.104000  351.800000
12066767  1.413000  4.406000  5016.200000  1.050000  5079.000000
12067960  0.899000  0.932000  5505.800000  -0.135000  1037.200000
12068975  0.971000  1.136000  6147.800000  0.223000  329.700000
12069319  2.471000  12.048000  5013.200000  1.918000  4471.500000
12069414  0.667000  0.651000  4871.600000  -0.666000  608.600000
12070811  0.827000  0.816000  5166.300000  -0.367000  920.400000
12071006  2.238000  5.261000  6786.200000  1.712000  3557.600000
12071037  0.951000  1.293000  5587.600000  0.169000  863.800000
12071754  1.069000  1.149000  5800.300000  0.132000  899.700000
12071775  0.929000  0.944000  5442.800000  -0.150000  940.300000
12072872  0.853000  0.891000  5512.000000  -0.178000  427.200000
12102775  0.819000  0.856000  5094.500000  -0.350000  874.900000
12105051  0.894000  0.971000  5183.100000  -0.209000  503.400000
12105086  0.984000  0.977000  5554.700000  -0.085000  450.300000
12105785  1.388000  2.513000  5519.800000  0.726000  1004.100000
12106875  0.823000  0.783000  5267.400000  -0.370000  818.800000
12106929  1.092000  1.506000  5929.900000  0.405000  951.200000
12106934  nan  nan  nan  nan  nan
12107008  0.838000  1.054000  5422.000000  -0.060000  619.000000
12107021  1.024000  1.177000  5951.100000  0.197000  541.000000
12108293  0.864000  0.899000  5307.700000  -0.235000  735.200000
12108312  nan  nan  nan  nan  nan
12108364  0.915000  1.006000  5541.000000  -0.063000  1395.500000
12109267  1.056000  1.224000  6116.400000  0.280000  848.100000
12109845  0.802000  0.846000  4882.700000  -0.435000  1001.100000
12110786  0.916000  0.861000  5860.700000  -0.101000  555.800000
12110901  0.855000  0.816000  5152.600000  -0.371000  567.200000
12110942  1.039000  1.184000  5887.900000  0.184000  1475.500000
12115188  0.871000  0.812000  5259.000000  -0.341000  624.200000
12116380  0.878000  0.812000  5427.800000  -0.284000  712.600000
12116489  0.891000  0.842000  5184.800000  -0.333000  644.800000
12117215  0.877000  0.828000  5527.500000  -0.236000  881.600000
12120307  1.030000  1.004000  6010.200000  0.076000  1062.400000
12120484  1.225000  1.481000  5979.700000  0.406000  1114.100000
12120943  0.957000  1.214000  5627.400000  0.124000  1798.900000
12121118  1.015000  0.984000  5969.200000  0.046000  746.700000
12121470  1.236000  1.550000  6188.300000  0.503000  1581.100000
12121570  0.710000  0.684000  4944.000000  -0.597000  438.400000
12121701  1.223000  1.790000  5996.600000  0.574000  2649.800000
12154526  1.238000  1.624000  5782.900000  0.426000  815.600000
12156174  1.001000  0.973000  5706.400000  -0.042000  890.300000
12156347  0.644000  0.637000  4296.800000  -0.904000  407.000000
12156805  0.861000  0.866000  5097.300000  -0.339000  210.000000
12156930  0.921000  0.978000  6100.600000  0.079000  653.100000
12157983  0.900000  0.852000  5410.500000  -0.251000  485.400000
12159249  1.241000  1.436000  6046.000000  0.400000  596.500000
12164564  1.018000  1.255000  5790.300000  0.206000  1723.600000
12164634  1.350000  1.717000  6404.700000  0.652000  1238.700000
12164751  1.285000  4.249000  5037.200000  1.024000  2864.700000
12164770  0.961000  0.919000  5821.400000  -0.057000  888.800000
12165063  0.832000  0.826000  5007.900000  -0.410000  163.500000
12167361  2.697000  4.973000  8053.800000  1.984000  1224.800000
12168280  1.673000  2.666000  6460.500000  1.050000  474.300000
12168895  1.035000  1.237000  5739.800000  0.178000  1076.900000
12168993  0.984000  2.265000  4960.500000  0.451000  2036.100000
12170648  0.733000  0.701000  4877.000000  -0.600000  507.000000
12170767  1.229000  2.222000  5753.400000  0.691000  992.300000
12204137  0.823000  0.848000  5119.700000  -0.351000  1034.400000
12206313  1.300000  1.693000  6256.400000  0.599000  962.100000
12207117  0.808000  1.177000  5539.500000  0.073000  904.700000
12208631  0.873000  0.814000  5497.200000  -0.260000  875.700000
12208887  0.857000  1.102000  5415.400000  -0.020000  1453.800000
12216278  0.975000  1.126000  5719.200000  0.091000  1415.600000
12216706  1.673000  1.934000  7481.500000  1.028000  3369.100000
12217907  1.189000  1.556000  6031.200000  0.463000  1297.500000
12251650  0.827000  0.978000  5250.700000  -0.181000  710.300000
12251779  1.025000  1.111000  5868.600000  0.124000  941.100000
12252424  0.766000  0.753000  4679.600000  -0.609000  261.400000
12252732  1.253000  2.186000  5735.300000  0.671000  444.000000
12253474  1.061000  1.243000  5918.500000  0.236000  428.500000
12253490  0.668000  0.663000  4572.600000  -0.760000  431.400000
12253534  1.052000  1.037000  5778.700000  0.035000  321.700000
12253769  0.937000  0.894000  5379.600000  -0.218000  445.300000
12254378  1.027000  1.050000  5914.100000  0.089000  1340.500000
12254688  1.412000  2.059000  6975.900000  0.960000  1203.700000
12254792  0.944000  0.928000  5673.700000  -0.094000  938.500000
12254909  1.159000  1.430000  6137.900000  0.418000  805.100000
12255382  0.892000  0.842000  5443.500000  -0.250000  105.900000
12256520  0.918000  0.861000  5391.700000  -0.246000  637.500000
12257851  1.153000  1.967000  5713.800000  0.573000  2012.700000
12257886  0.962000  0.945000  5746.300000  -0.055000  1108.500000
12257999  1.405000  1.418000  6558.300000  0.528000  992.700000
12265150  0.947000  0.946000  5666.600000  -0.078000  736.000000
12265786  0.774000  0.771000  4851.100000  -0.526000  731.900000
12266099  0.798000  0.840000  4858.800000  -0.449000  456.800000
12266636  0.990000  1.067000  5782.600000  0.062000  799.400000
12268220  2.324000  4.126000  7414.200000  1.668000  1320.600000
12300524  1.113000  1.131000  5907.400000  0.148000  564.500000
12301181  nan  nan  nan  nan  nan
12302391  1.068000  1.641000  5707.900000  0.414000  1867.800000
12302530  nan  nan  nan  nan  nan
12304202  1.469000  11.540000  5034.800000  1.891000  4230.000000
12304728  1.118000  1.203000  6017.500000  0.244000  1030.400000
12306058  1.247000  2.752000  4996.800000  0.634000  866.700000
12306699  0.795000  0.771000  5050.100000  -0.458000  725.500000
12306808  1.252000  1.943000  6028.800000  0.654000  992.400000
12307496  0.918000  2.758000  5043.200000  0.651000  1371.600000
12314973  1.319000  1.627000  6166.800000  0.542000  454.200000
12316431  1.039000  1.023000  6002.000000  0.090000  809.800000
12316447  nan  nan  nan  nan  nan
12349560  0.679000  0.657000  4597.400000  -0.757000  650.900000
12350136  0.619000  0.617000  4183.600000  -0.974000  253.000000
12351927  0.809000  0.854000  5002.700000  -0.384000  827.200000
12352520  0.505000  0.507000  3879.100000  -1.280000  271.000000
12353633  0.994000  1.054000  5795.200000  0.055000  475.000000
12353720  1.212000  1.484000  6180.700000  0.463000  734.000000
12356617  1.211000  1.659000  5772.900000  0.442000  831.300000
12356746  1.036000  1.206000  5833.800000  0.186000  692.200000
12356914  0.908000  1.143000  5497.600000  0.036000  1322.200000
12365000  0.888000  1.370000  5158.200000  0.081000  583.300000
12365015  0.663000  0.664000  4242.000000  -0.889000  243.000000
12365184  1.432000  1.856000  6346.100000  0.705000  1006.800000
12366084  1.039000  1.090000  5616.200000  0.030000  1334.400000
12366681  1.796000  3.143000  6215.300000  1.124000  340.500000
12367017  0.867000  1.070000  5299.100000  -0.087000  798.200000
12367310  1.325000  4.277000  4960.900000  1.003000  1843.700000
12367464  1.240000  1.482000  6244.900000  0.485000  737.000000
12400538  0.955000  1.257000  5602.300000  0.151000  1147.700000
12401132  1.106000  1.248000  6137.200000  0.302000  1023.200000
12401859  1.289000  3.574000  4840.400000  0.804000  732.000000
12401863  1.159000  1.379000  5994.800000  0.347000  799.600000
12402588  1.485000  2.718000  6106.200000  0.967000  671.900000
12403119  0.924000  0.931000  5545.900000  -0.130000  298.000000
12403968  0.784000  0.745000  5183.600000  -0.440000  936.300000
12404086  0.797000  0.791000  4991.300000  -0.453000  684.200000
12404305  0.909000  1.038000  5874.500000  0.066000  767.800000
12404954  1.010000  0.951000  5831.400000  -0.024000  441.000000
12405333  0.835000  0.780000  5088.000000  -0.434000  702.900000
12405436  0.735000  0.730000  4583.500000  -0.672000  500.400000
12405950  1.874000  3.027000  7018.600000  1.303000  1276.100000
12406749  0.800000  0.759000  5241.500000  -0.404000  982.500000
12406807  1.153000  1.245000  6183.100000  0.312000  1754.800000
12407623  0.829000  0.823000  5180.800000  -0.353000  1033.600000
12416597  0.859000  0.819000  5239.000000  -0.340000  752.900000
12416661  1.559000  2.317000  6175.400000  0.849000  772.300000
12416987  0.788000  0.824000  4763.900000  -0.501000  747.100000
12417486  1.085000  2.254000  5130.800000  0.506000  1820.500000
12417572  1.260000  1.587000  6224.400000  0.537000  1274.300000
12418418  nan  nan  nan  nan  nan
12418662  1.369000  3.037000  5238.900000  0.803000  3045.400000
12418724  1.081000  1.080000  6103.500000  0.166000  1182.700000
12418816  nan  nan  nan  nan  nan
12418891  0.894000  0.876000  5496.300000  -0.197000  1239.200000
12419303  1.073000  1.219000  5965.200000  0.233000  1569.300000
12453581  0.789000  0.789000  4938.700000  -0.474000  903.200000
12453855  0.782000  0.919000  5381.400000  -0.193000  904.600000
12454461  nan  nan  nan  nan  nan
12454800  1.199000  1.795000  6098.900000  0.608000  1228.200000
12456063  1.447000  1.906000  6479.100000  0.763000  643.100000
12456601  0.993000  1.048000  5796.100000  0.051000  1214.900000
12458605  1.402000  2.103000  6181.300000  0.767000  1252.000000
12458817  1.285000  3.288000  5043.700000  0.806000  3181.800000
12459725  0.962000  0.929000  5816.800000  -0.048000  1364.200000
12459731  nan  nan  nan  nan  nan
12459808  1.039000  1.741000  5924.300000  0.530000  658.500000
12459913  1.151000  1.308000  6246.900000  0.374000  1340.700000
12469800  0.816000  0.861000  5114.000000  -0.337000  834.100000
12470041  1.477000  1.785000  6879.500000  0.811000  1279.800000
12470530  0.823000  0.898000  5047.200000  -0.324000  766.900000
12470844  0.839000  0.847000  5212.400000  -0.318000  851.900000
12470954  0.962000  0.979000  5370.400000  -0.142000  687.700000
12504353  0.989000  1.012000  5839.300000  0.033000  1182.600000
12504988  nan  nan  nan  nan  nan
12505076  1.049000  1.435000  5773.200000  0.318000  2197.300000
12505503  1.264000  1.690000  5873.700000  0.487000  937.700000
12505590  0.782000  0.739000  5208.800000  -0.439000  735.100000
12505654  0.821000  0.807000  5135.200000  -0.387000  678.900000
12506342  0.791000  0.825000  4837.200000  -0.472000  750.700000
12506351  1.226000  1.575000  6125.900000  0.499000  812.500000
12506417  1.291000  1.354000  6553.900000  0.485000  640.200000
12506770  0.628000  0.618000  4327.500000  -0.917000  535.300000
12506986  1.243000  1.678000  6511.400000  0.661000  798.100000
12508335  1.157000  1.881000  5774.000000  0.554000  1682.600000
12509829  0.885000  0.887000  5428.300000  -0.208000  1204.200000
12519942  0.857000  0.812000  5040.600000  -0.413000  619.200000
12554051  1.149000  10.106000  4592.400000  1.615000  3748.800000
12554212  0.748000  0.741000  4690.900000  -0.619000  251.400000
12554485  0.915000  0.981000  5540.200000  -0.086000  693.400000
12554634  0.849000  0.857000  5256.800000  -0.293000  865.200000
12555140  1.292000  1.739000  6287.600000  0.632000  1358.700000
12555616  0.892000  0.844000  5557.200000  -0.211000  490.100000
12557548  0.712000  0.694000  4622.200000  -0.702000  608.900000
12557713  0.778000  0.807000  4893.600000  -0.470000  522.600000
12600735  1.139000  1.287000  6172.900000  0.339000  1018.700000
12602314  0.854000  0.832000  5140.300000  -0.359000  674.600000
12602568  1.103000  1.389000  5929.800000  0.336000  1504.400000
12602999  1.448000  1.579000  7021.400000  0.737000  690.900000
12643582  0.965000  1.355000  5561.200000  0.204000  2626.000000
12643589  1.577000  2.180000  6550.800000  0.899000  1716.000000
12644020  0.749000  0.751000  4887.400000  -0.535000  790.200000
12644769  0.631000  0.629000  4254.000000  -0.931000  71.400000
12644774  0.907000  0.863000  5435.200000  -0.230000  781.400000
12644822  1.087000  1.827000  5621.900000  0.480000  1945.800000
12645057  1.107000  1.578000  5845.000000  0.421000  1786.900000
12645262  1.157000  1.329000  6048.500000  0.334000  414.800000
12645761  1.550000  11.136000  4739.300000  1.751000  3504.400000
12647110  nan  nan  nan  nan  nan
12647577  1.057000  1.020000  5856.200000  0.044000  755.400000
12647757  1.185000  4.075000  4881.200000  0.931000  1265.400000
12690465  1.394000  1.745000  6790.500000  0.766000  1417.300000
12691412  1.485000  1.806000  6804.900000  0.801000  1313.900000
12734110  nan  nan  nan  nan  nan
12734396  0.905000  0.899000  5499.600000  -0.174000  1137.100000
12735740  0.966000  0.935000  5772.100000  -0.058000  342.000000
12735793  1.138000  1.278000  6222.300000  0.347000  381.200000
12735830  0.680000  0.699000  4816.400000  -0.621000  350.400000
12736658  1.097000  1.270000  5778.900000  0.212000  754.500000
12737015  1.478000  2.113000  6166.400000  0.768000  1290.200000
12784167  0.997000  1.115000  5711.600000  0.079000  810.500000
12785320  nan  nan  nan  nan  nan
12833566  1.578000  2.305000  6676.400000  0.981000  530.100000
12834874  0.873000  0.840000  5440.900000  -0.253000  683.200000
12835139  1.610000  2.134000  6781.600000  0.942000  1552.200000
12885212  0.651000  0.655000  4819.700000  -0.679000  577.700000
12935144  0.781000  0.805000  4798.500000  -0.507000  682.000000
